original sort,content,contains date,len,Type,Group ID
1,Kimani Vidal,#VALUE!,12,Player name,1
2,Kimani Vidal waived by Chargers,#VALUE!,31,Headline / Summary,1
3,"Tue, Aug 26th 10:12pm EDT",22,,Date,1
4,Kimani Vidal has been waived by the Los Angeles Chargers. (Source: Chargers Communications),#VALUE!,91,Headline / Summary,1
5,"Fantasy Impact: The Chargers released several running backs on Tuesday, including Vidal, but kept Najee Harris (eye) on their active roster for Week 1, indicating that he may be close to a full return to action. As for Vidal, he remains unlikely to make an impact anywhere this season.",#VALUE!,,Fantasy Impact,1
6,Category: Transactions,#VALUE!,,Category,1
7,Nyheim Miller-Hines,#VALUE!,19,Player name,2
8,Nyheim Miller-Hines cut by Chargers,#VALUE!,35,Headline / Summary,2
9,"Tue, Aug 26th 10:10pm EDT",22,,Date,2
10,Nyheim Miller-Hines has been cut by the Los Angeles Chargers. (Source: Chargers Communications),#VALUE!,95,Headline / Summary,2
11,"Fantasy Impact: To no surprise, Miller-Hines has been cut before the start of the regular season for the Chargers. He was always a long shot to make the roster, but the fact that he didn't make the team paired with Najee Harris starting on the active roster suggests that the latter may be ready to play sooner rather than later for the team.",#VALUE!,,Fantasy Impact,2
12,Category: Transactions,#VALUE!,,Category,2
13,Jalen Reagor,#VALUE!,12,Player name,3
14,Jalen Reagor released by Chargers,#VALUE!,33,Headline / Summary,3
15,"Tue, Aug 26th 10:07pm EDT",22,,Date,3
16,Jalen Reagor has been released by the Los Angeles Chargers. (Source: Chargers Communications),#VALUE!,93,Headline / Summary,3
17,"Fantasy Impact: The Chargers made a number of roster cuts on Tuesday, and Reagor was one of the players who didn't make the 53-man roster for the regular season. He may end up back with the team on the practice squad and remains irrelevant for fantasy purposes.",#VALUE!,,Fantasy Impact,3
18,Category: Transactions,#VALUE!,,Category,3
19,Taylor Heinicke,#VALUE!,15,Player name,4
20,Taylor Heinicke released by Chargers,#VALUE!,36,Headline / Summary,4
21,"Tue, Aug 26th 10:06pm EDT",22,,Date,4
22,Taylor Heinicke has been released by the Los Angeles Chargers. (Source: Chargers Communications),#VALUE!,96,Headline / Summary,4
23,"Fantasy Impact: The veteran quarterback did not make the active roster for the Chargers, meaning that Trey Lance will be their backup quarterback heading into the regular season. It remains to be seen whether or not the veteran will land somewhere else this year.",#VALUE!,,Fantasy Impact,4
24,Category: Transactions,#VALUE!,,Category,4
25,Kaleb McGary,#VALUE!,12,Player name,5
26,Kaleb McGary (knee) to miss entire season,#VALUE!,41,Headline / Summary,5
27,"Tue, Aug 26th 10:04pm EDT",22,,Date,5
28,Kaleb McGary (knee) will miss the entire season after being placed on injured reserve. (Source: Mike Garafolo on Twitter),#VALUE!,121,Headline / Summary,5
29,"Fantasy Impact: The Falcons placed McGary on injured reserve on Tuesday with no designation to return, meaning that he will be sidelined for the entire season as he recovers. This is a tough blow for Atlanta, as their offensive line was hoped to be one of the best in the league this year. The loss of a key starter like this may make efficiency a bit harder for Michael Penix Jr. and Bijan Robinson throughout the season.",#VALUE!,,Fantasy Impact,5
30,Category: Injury Updates,#VALUE!,,Category,5
31,Walter Nolen III,#VALUE!,16,Player name,6
32,Walter Nolen III (calf) placed on PUP list,#VALUE!,42,Headline / Summary,6
33,"Tue, Aug 26th 6:02pm EDT",21,,Date,6
34,The Cardinals placed Walter Nolen III on the PUP list.,#VALUE!,54,Headline / Summary,6
35,Fantasy Impact: Nolen was the No. 16 overall pick in this year's draft by Arizona. He has been sidelined with a calf injury since the start of camp and will now miss the start of the season.,#VALUE!,,Fantasy Impact,6
36,Category: Injury Updates,#VALUE!,,Category,6
37,MarShawn Lloyd,#VALUE!,14,Player name,7
38,MarShawn Lloyd (hamstring) placed on IR,#VALUE!,39,Headline / Summary,7
39,"Tue, Aug 26th 6:00pm EDT",21,,Date,7
40,The Packers placed RB MarShawn Lloyd on injured reserve.,#VALUE!,56,Headline / Summary,7
41,Fantasy Impact: Lloyd will miss at least the first four games of the season. Emanuel Wilson and Chris Brooks will see snaps behind Josh Jacobs.,#VALUE!,,Fantasy Impact,7
42,Category: Injury Updates,#VALUE!,,Category,7
43,Jason Sanders,#VALUE!,13,Player name,8
44,Jason Sanders (hip) placed on IR,#VALUE!,32,Headline / Summary,8
45,"Tue, Aug 26th 5:58pm EDT",21,,Date,8
46,The Dolphins placed Jason Sanders on injured reserve.,#VALUE!,53,Headline / Summary,8
47,Fantasy Impact: Sanders will miss the first four games of the season. Miami has worked out several kickers as they look for a new one to start the season.,#VALUE!,,Fantasy Impact,8
48,Category: Injury Updates,#VALUE!,,Category,8
49,Trey Sermon,#VALUE!,11,Player name,9
50,Trey Sermon released by Steelers,#VALUE!,32,Headline / Summary,9
51,"Tue, Aug 26th 5:57pm EDT",21,,Date,9
52,The Steelers released RB Trey Sermon.,#VALUE!,37,Headline / Summary,9
53,Fantasy Impact: Sermon had signed a deal with Pittsburgh back in May. He'll likely seek another opportunity in a depth role.,#VALUE!,,Fantasy Impact,9
54,Category: Transactions,#VALUE!,,Category,9
55,Brandon Aiyuk,#VALUE!,13,Player name,10
56,Brandon Aiyuk (knee) placed on PUP list,#VALUE!,39,Headline / Summary,10
57,"Tue, Aug 26th 5:18pm EDT",21,,Date,10
58,The 49ers placed WR Brandon Aiyuk on the PUP list. (Source: Adam Schefter on Twitter),#VALUE!,85,Headline / Summary,10
59,Fantasy Impact: This should come as no surprise to anyone as Aiyuk continues to work his way back from the season-ending injuries he suffered last year. He is reportedly targeting a Week 6 return.,#VALUE!,,Fantasy Impact,10
60,Category: Injury Updates,#VALUE!,,Category,10
61,Dillon Gabriel,#VALUE!,14,Player name,11
62,Dillon Gabriel named Browns backup quarterback,#VALUE!,46,Headline / Summary,11
63,"Tue, Aug 26th 5:15pm EDT",21,,Date,11
64,Browns coach Kevin Stefanski named Dillon Gabriel as the teams backup quarterback. (Source: Mary Kay Cabot on Twitter),#VALUE!,118,Headline / Summary,11
65,Fantasy Impact: This was the expectation after Cleveland traded Kenny Pickett to the Raiders. It will be Joe Flacco opening the season as the starter with Shedeur Sanders serving as the emergency third quarterback for Cleveland.,#VALUE!,,Fantasy Impact,11
66,Jalen Brooks,#VALUE!,12,Player name,12
67,Jalen Brooks released by Cowboys,#VALUE!,32,Headline / Summary,12
68,"Tue, Aug 26th 4:21pm EDT",21,,Date,12
69,The Cowboys released WR Jalen Brooks. (Source: Calvin Watkins on Twitter),#VALUE!,73,Headline / Summary,12
70,Fantasy Impact: Brooks was unable to make the Cowboys 53-man roster. He'll seek an opportunity on a practice squad.,#VALUE!,,Fantasy Impact,12
71,Category: Transactions,#VALUE!,,Category,12
72,Solomon Byrd,#VALUE!,12,Player name,13
73,Solomon Byrd waived by Texans,#VALUE!,29,Headline / Summary,13
74,"Tue, Aug 26th 4:20pm EDT",21,,Date,13
75,The Texans waived DE Solomon Byrd. (Source: Jonathan M Alexander on Twitter),#VALUE!,76,Headline / Summary,13
76,Fantasy Impact: Byrd was unable to make the Texans 53-man roster. He'll seek an opportunity on a practice squad.,#VALUE!,,Fantasy Impact,13
77,Category: Transactions,#VALUE!,,Category,13
78,Zach Triner,#VALUE!,11,Player name,14
79,Zach Triner released by Seahawks,#VALUE!,32,Headline / Summary,14
80,"Tue, Aug 26th 4:18pm EDT",21,,Date,14
81,The Seahawks released veteran long-snapper Zach Triner. (Source: Brady Henderson on Twitter),#VALUE!,92,Headline / Summary,14
82,Fantasy Impact: Triner signed with the Seahawks earlier in August. He was unable to make the team's 53-man roster.,#VALUE!,,Fantasy Impact,14
83,Category: Transactions,#VALUE!,,Category,14
84,Casey Rogers,#VALUE!,12,Player name,15
85,Casey Rogers released by Bills,#VALUE!,30,Headline / Summary,15
86,"Tue, Aug 26th 4:17pm EDT",21,,Date,15
87,The Bills released DT Casey Rogers. (Source: Adam Schefter on Twitter),#VALUE!,70,Headline / Summary,15
88,Fantasy Impact: Rogers was unable to make the Bills 53-man roster. He'll likely seek another opportunity.,#VALUE!,,Fantasy Impact,15
89,Category: Transactions,#VALUE!,,Category,15
90,Hunter Renfrow,#VALUE!,14,Player name,16
91,Hunter Renfrow released by Panthers,#VALUE!,35,Headline / Summary,16
92,"Tue, Aug 26th 4:17pm EDT",21,,Date,16
93,Hunter Renfrow has been released by the Carolina Panthers. (Source: Tom Pelissero on Twitter),#VALUE!,93,Headline / Summary,16
94,"Fantasy Impact: Renfrow seemed to have a real chance to make Carolina's active roster to start the season, but they released him as part of their roster cut downs on Tuesday. He could land somewhere else before the start of the season, but fantasy managers shouldn't have high hopes for his outlook for the season.",#VALUE!,,Fantasy Impact,16
95,Category: Transactions,#VALUE!,,Category,16
96,Jakob Johnson,#VALUE!,13,Player name,17
97,Jakob Johnson released by Texans,#VALUE!,32,Headline / Summary,17
98,"Tue, Aug 26th 4:15pm EDT",21,,Date,17
99,The Texans released fullback Jakob Johnson. (Source: Adam Schefter on Twitter),#VALUE!,78,Headline / Summary,17
100,Fantasy Impact: Johnson was unable to make the Texans 53-man roster. He'll seek another opportunity with a team looking for a fullback.,#VALUE!,,Fantasy Impact,17
101,Category: Transactions,#VALUE!,,Category,17
102,Corey Ballentine,#VALUE!,16,Player name,18
103,Corey Ballentine released by Packers,#VALUE!,36,Headline / Summary,18
104,"Tue, Aug 26th 4:14pm EDT",21,,Date,18
105,The Packers released CB Corey Ballentine. (Source: Rob Demovsky on Twitter),#VALUE!,75,Headline / Summary,18
106,Fantasy Impact: Ballentine was unable to make the Packers 53-man roster. He'll seek an opportunity on a practice squad.,#VALUE!,,Fantasy Impact,18
107,Category: Transactions,#VALUE!,,Category,18
108,Israel Mukuamu,#VALUE!,14,Player name,19
109,Israel Mukuamu released by Cowboys,#VALUE!,34,Headline / Summary,19
110,"Tue, Aug 26th 4:12pm EDT",21,,Date,19
111,The Cowboys released DB Israel Mukuamu. (Source: Todd Archer on Twitter),#VALUE!,72,Headline / Summary,19
112,Fantasy Impact: Mukuamu was unable to make the Cowboys 53-man roster. He has appeared in 33 games across the past four seasons.,#VALUE!,,Fantasy Impact,19
113,Category: Transactions,#VALUE!,,Category,19
114,Najee Harris,#VALUE!,12,Player name,20
115,Najee Harris (eye) starting season on active roster,#VALUE!,51,Headline / Summary,20
116,"Tue, Aug 26th 4:12pm EDT",21,,Date,20
117,Najee Harris (eye) will start the season on Los Angeles' active roster. (Source: Ian Rapoport on Twitter),#VALUE!,105,Headline / Summary,20
118,"Fantasy Impact: Harris has been sidelined for all of the preseason so far due to an eye injury that he suffered earlier in the summer. He's going to be on the active roster to start the season, however, which is a positive sign that he may be back sooner rather than later. Whenever he's available to play, his presence will hurt the upside of rookie Omarion Hampton.",#VALUE!,,Fantasy Impact,20
119,Category: Injury Updates,#VALUE!,,Category,20
120,Isaiah Foskey,#VALUE!,13,Player name,21
121,Isaiah Foskey waived by Saints,#VALUE!,30,Headline / Summary,21
122,"Tue, Aug 26th 4:10pm EDT",21,,Date,21
123,The Saints waived DE Isaiah Foskey. (Source: Ari Meirov on Twitter),#VALUE!,67,Headline / Summary,21
124,Fantasy Impact: Foskey was unable to make the Saints 53-man roster. He'll seek an opportunity on a practice squad.,#VALUE!,,Fantasy Impact,21
125,Category: Transactions,#VALUE!,,Category,21
126,Boogie Basham Jr.,#VALUE!,17,Player name,22
127,Boogie Basham Jr. released by Panthers,#VALUE!,38,Headline / Summary,22
128,"Tue, Aug 26th 4:09pm EDT",21,,Date,22
129,The Panthers released EDGE Boogie Basham Jr. (Source: Jeremy Fowler on Twitter),#VALUE!,79,Headline / Summary,22
130,Fantasy Impact: Basham was unable to make the Panthers 53-man roster. He'll likely seek another opportunity.,#VALUE!,,Fantasy Impact,22
131,Category: Transactions,#VALUE!,,Category,22
132,Rivaldo Fairweather,#VALUE!,19,Player name,23
133,Rivaldo Fairweather waived by Cowboys,#VALUE!,37,Headline / Summary,23
134,"Tue, Aug 26th 4:07pm EDT",21,,Date,23
135,The Cowboys waived TE Rivaldo Fairweather. (Source: Joseph Hoyt on Twitter),#VALUE!,75,Headline / Summary,23
136,Fantasy Impact: Fairweather was unable to make the Cowboys 53-man roster. He'll seek an opportunity on a practice squad.,#VALUE!,,Fantasy Impact,23
137,Category: Transactions,#VALUE!,,Category,23
138,Bobby Price,#VALUE!,11,Player name,24
139,Bobby Price released by Commanders,#VALUE!,34,Headline / Summary,24
140,"Tue, Aug 26th 4:06pm EDT",21,,Date,24
141,The Commanders released DB Bobby Price. (Source: Nicki Jhabvala on Twitter),#VALUE!,75,Headline / Summary,24
142,Fantasy Impact: Price was unable to make the Commanders 53-man roster. He'll likely seek another opportunity.,#VALUE!,,Fantasy Impact,24
143,Category: Transactions,#VALUE!,,Category,24
144,Damarion Williams,#VALUE!,17,Player name,25
145,Damarion Williams released by Seahawks,#VALUE!,38,Headline / Summary,25
146,"Tue, Aug 26th 4:04pm EDT",21,,Date,25
147,The Seahawks released CB Damarion Williams. (Source: Matt Zenitz on Twitter),#VALUE!,76,Headline / Summary,25
148,Fantasy Impact: Williams was unable to make the Seahawks 53-man roster. He'll seek an opportunity on a practice squad.,#VALUE!,,Fantasy Impact,25
149,Category: Transactions,#VALUE!,,Category,25
150,Chad Muma,#VALUE!,9,Player name,26
151,Chad Muma released by Jaguars,#VALUE!,29,Headline / Summary,26
152,"Tue, Aug 26th 4:03pm EDT",21,,Date,26
153,The Jaguars released LB Chad Muma. (Source: Ian Rapoport on Twitter),#VALUE!,68,Headline / Summary,26
154,Fantasy Impact: Muma was unable to make the Jaguars 53-man roster. He should get claimed off waivers.,#VALUE!,,Fantasy Impact,26
155,Category: Transactions,#VALUE!,,Category,26
156,Marcus Epps,#VALUE!,11,Player name,27
157,Marcus Epps released by Patriots,#VALUE!,32,Headline / Summary,27
158,"Tue, Aug 26th 4:02pm EDT",21,,Date,27
159,The Patriots released veteran safety Marcus Epps. (Source: Tom Pelissero on Twitter),#VALUE!,84,Headline / Summary,27
160,Fantasy Impact: Epps signed a deal with New England in free agency. He should be able to find another opportunity.,#VALUE!,,Fantasy Impact,27
161,Category: Transactions,#VALUE!,,Category,27
162,Traeshon Holden,#VALUE!,15,Player name,28
163,Traeshon Holden waived by Cowboys,#VALUE!,33,Headline / Summary,28
164,"Tue, Aug 26th 4:00pm EDT",21,,Date,28
165,The Cowboys waived WR Traeshon Holden. (Source: Jordan Schultz on Twitter),#VALUE!,74,Headline / Summary,28
166,Fantasy Impact: Holden signed with Dallas as an undrafted free agent. He was unable to make the Cowboys 53-man roster. He could draw some interest on waivers.,#VALUE!,,Fantasy Impact,28
167,Category: Transactions,#VALUE!,,Category,28
168,Rico Payton,#VALUE!,11,Player name,29
169,Rico Payton waived by Saints,#VALUE!,28,Headline / Summary,29
170,"Tue, Aug 26th 3:59pm EDT",21,,Date,29
171,The Saints waived DB Rico Payton. (Source: Nick Underhill on Twitter),#VALUE!,69,Headline / Summary,29
172,Fantasy Impact: Payton was unable to make the Saints 53-man roster. He'll seek an opportunity on a practice squad.,#VALUE!,,Fantasy Impact,29
173,Category: Transactions,#VALUE!,,Category,29
174,Marquez Valdes-Scantling,#VALUE!,24,Player name,30
175,Marquez Valdes-Scantling released by Seahawks,#VALUE!,45,Headline / Summary,30
176,"Tue, Aug 26th 3:51pm EDT",21,,Date,30
177,The Seahawks released WR Marquez Valdes-Scantling. (Source: Jeremy Fowler on Twitter),#VALUE!,85,Headline / Summary,30
178,Fantasy Impact: Valdes-Scantling signed a one-year deal with Seattle in free agency. He'll look to land a depth role with another team.,#VALUE!,,Fantasy Impact,30
179,Category: Transactions,#VALUE!,,Category,30
180,Dustin Hopkins,#VALUE!,14,Player name,31
181,Dustin Hopkins released by Browns,#VALUE!,33,Headline / Summary,31
182,"Tue, Aug 26th 3:49pm EDT",21,,Date,31
183,The Browns released K Dustin Hopkins. (Source: Adam Schefter on Twitter),#VALUE!,72,Headline / Summary,31
184,Fantasy Impact: Hopkins will likely seek another opportunity.,#VALUE!,,Fantasy Impact,31
185,Category: Transactions,#VALUE!,,Category,31
186,Spencer Rattler,#VALUE!,15,Player name,32
187,Spencer Rattler named Saints starter for Week 1,#VALUE!,47,Headline / Summary,32
188,"Tue, Aug 26th 2:53pm EDT",21,,Date,32
189,Spencer Rattler has been named the Saints Week 1 starter against the Arizona Cardinals. (Source: New Orleans Saints on X),#VALUE!,121,Headline / Summary,32
190,"Fantasy Impact: Finally, the Saints QB battle has a winner, at least for now. Rattler and rookie Tyler Shough have been contending for the starting job all offseason, and Rattler has won out. It’s tough to project how long he will maintain the starting job, but with Shough showing slow progress at the age of 26, it’s likely that Rattler might have a slightly longer leash than would be expected. He doesn’t project a ton of upside, but he could put up decent streaming numbers in fantasy with the team projected to be behind quite often.",#VALUE!,,Fantasy Impact,32
191,Levelle Bailey,#VALUE!,14,Player name,33
192,Levelle Bailey waived by Broncos,#VALUE!,32,Headline / Summary,33
193,"Tue, Aug 26th 2:40pm EDT",21,,Date,33
194,The Broncos waived LB Levelle Bailey. (Source: Luca Evans on Twitter),#VALUE!,69,Headline / Summary,33
195,Fantasy Impact: Bailey was unable to earn a spot on the Broncos 53-man roster. He'll likely seek a spot on a practice squad.,#VALUE!,,Fantasy Impact,33
196,Category: Transactions,#VALUE!,,Category,33
197,Edefuan Ulofoshio,#VALUE!,17,Player name,34
198,Edefuan Ulofoshio released by Bills,#VALUE!,35,Headline / Summary,34
199,"Tue, Aug 26th 2:39pm EDT",21,,Date,34
200,The Bills released LB Edefuan Ulofoshio. (Source: Jeremy Fowler on Twitter),#VALUE!,75,Headline / Summary,34
201,Fantasy Impact: Ulofoshio was a fifth round pick just last year. He recorded six tackles across four games.,#VALUE!,,Fantasy Impact,34
202,Category: Transactions,#VALUE!,,Category,34
203,Eku Leota,#VALUE!,9,Player name,35
204,Eku Leota released by Steelers,#VALUE!,30,Headline / Summary,35
205,"Tue, Aug 26th 2:38pm EDT",21,,Date,35
206,The Steelers released LB Eku Leota. (Source: Brooke Pryor on Twitter),#VALUE!,69,Headline / Summary,35
207,Fantasy Impact: Leota was unable to earn a spot on the Steelers 53-man roster. He'll likely seek a spot on a practice squad.,#VALUE!,,Fantasy Impact,35
208,Category: Transactions,#VALUE!,,Category,35
209,Simi Fehoko,#VALUE!,11,Player name,36
210,Simi Fehoko released by Cardinals,#VALUE!,33,Headline / Summary,36
211,"Tue, Aug 26th 2:36pm EDT",21,,Date,36
212,The Cardinals released WR Simi Fehoko. (Source: Tyler Drake on Twitter),#VALUE!,71,Headline / Summary,36
213,Fantasy Impact: Fehoko was unable to earn a spot on the Cardinals 53-man roster. He'll likely seek a spot on a practice squad.,#VALUE!,,Fantasy Impact,36
214,Category: Transactions,#VALUE!,,Category,36
215,Marcellus Johnson,#VALUE!,17,Player name,37
216,Marcellus Johnson waived by Colts,#VALUE!,33,Headline / Summary,37
217,"Tue, Aug 26th 2:35pm EDT",21,,Date,37
218,The Colts waived T Marcellus Johnson. (Source: Joel A. Erickson on Twitter),#VALUE!,75,Headline / Summary,37
219,Fantasy Impact: Johnson was unable to earn a spot on the Colts 53-man roster. He'll likely seek a spot on a practice squad.,#VALUE!,,Fantasy Impact,37
220,Category: Transactions,#VALUE!,,Category,37
221,Shane Lemieux,#VALUE!,13,Player name,38
222,Shane Lemieux released by Saints,#VALUE!,32,Headline / Summary,38
223,"Tue, Aug 26th 2:34pm EDT",21,,Date,38
224,The Saints released OL Shane Lemieux. (Source: Nick Underhill on Twitter),#VALUE!,73,Headline / Summary,38
225,Fantasy Impact: Lemieux was unable to earn a spot on the Saints 53-man roster. He'll likely seek a spot on a practice squad.,#VALUE!,,Fantasy Impact,38
226,Category: Transactions,#VALUE!,,Category,38
227,Bryan Hudson,#VALUE!,12,Player name,39
228,Bryan Hudson released by Giants,#VALUE!,31,Headline / Summary,39
229,"Tue, Aug 26th 2:32pm EDT",21,,Date,39
230,The Giants released OL Bryan Hudson. (Source: Jordan Raanan on Twitter),#VALUE!,71,Headline / Summary,39
231,Fantasy Impact: Hudson was unable to earn a spot on the Giants 53-man roster. He'll likely seek a spot on a practice squad.,#VALUE!,,Fantasy Impact,39
232,Category: Transactions,#VALUE!,,Category,39
233,Jordan Turner,#VALUE!,13,Player name,40
234,Jordan Turner released by Broncos,#VALUE!,33,Headline / Summary,40
235,"Tue, Aug 26th 2:30pm EDT",21,,Date,40
236,The Broncos released LB Jordan Turner. (Source: Zac Stevens on Twitter),#VALUE!,71,Headline / Summary,40
237,Fantasy Impact: Turner was unable to earn a spot on the Broncos 53-man roster. He'll likely seek a spot on a practice squad.,#VALUE!,,Fantasy Impact,40
238,Category: Transactions,#VALUE!,,Category,40
239,Garret Wallow,#VALUE!,13,Player name,41
240,Garret Wallow released by Broncos,#VALUE!,33,Headline / Summary,41
241,"Tue, Aug 26th 2:25pm EDT",21,,Date,41
242,The Broncos released WR Garret Wallow. (Source: Zac Stevens on Twitter),#VALUE!,71,Headline / Summary,41
243,Fantasy Impact: Wallow was unable to earn a spot on the Broncos 53-man roster. He'll likely seek a spot on a practice squad.,#VALUE!,,Fantasy Impact,41
244,Category: Transactions,#VALUE!,,Category,41
245,Saahdiq Charles,#VALUE!,15,Player name,42
246,Saahdiq Charles released by Cowboys,#VALUE!,35,Headline / Summary,42
247,"Tue, Aug 26th 2:24pm EDT",21,,Date,42
248,The Cowboys released veteran OL Saahdiq Charles. (Source: Todd Archer on Twitter),#VALUE!,81,Headline / Summary,42
249,Fantasy Impact: Charles came out of retirement this offseason. He could be a practice squad candidate.,#VALUE!,,Fantasy Impact,42
250,Category: Transactions,#VALUE!,,Category,42
251,Keleki Latu,#VALUE!,11,Player name,43
252,Keleki Latu waived by Bills,#VALUE!,27,Headline / Summary,43
253,"Tue, Aug 26th 2:23pm EDT",21,,Date,43
254,The Bills waived TE Keleki Latu. (Source: Ryan Talbot on Twitter),#VALUE!,65,Headline / Summary,43
255,Fantasy Impact: Latu had signed with Buffalo as an undrafted free agent. He was unable to earn a spot on the Bills 53-man roster. He'll likely seek a spot on a practice squad.,#VALUE!,,Fantasy Impact,43
256,Category: Transactions,#VALUE!,,Category,43
257,Clelin Ferrell,#VALUE!,14,Player name,44
258,Clelin Ferrell released by Commanders,#VALUE!,37,Headline / Summary,44
259,"Tue, Aug 26th 2:21pm EDT",21,,Date,44
260,The Commanders released DE Clelin Ferrell. (Source: Nicki Jhabvala on Twitter),#VALUE!,78,Headline / Summary,44
261,Fantasy Impact: Ferrell was unable to make the Commanders 53-man roster. He'll likely seek another depth opportunity.,#VALUE!,,Fantasy Impact,44
262,Category: Transactions,#VALUE!,,Category,44
263,Easton Kilty,#VALUE!,12,Player name,45
264,Easton Kilty waived by Saints,#VALUE!,29,Headline / Summary,45
265,"Tue, Aug 26th 2:20pm EDT",21,,Date,45
266,The Saints waived OL Easton Kilty. (Source: Nick Underhill on Twitter),#VALUE!,70,Headline / Summary,45
267,Fantasy Impact: Kilty was unable to earn a spot on the Saints 53-man roster. He'll likely seek a spot on a practice squad.,#VALUE!,,Fantasy Impact,45
268,Category: Transactions,#VALUE!,,Category,45
269,Xavier Restrepo,#VALUE!,15,Player name,46
270,Xavier Restrepo waived by Titans,#VALUE!,32,Headline / Summary,46
271,"Tue, Aug 26th 2:18pm EDT",21,,Date,46
272,The Titans waived WR Xavier Restrepo. (Source: Jordan Schultz on Twitter),#VALUE!,73,Headline / Summary,46
273,Fantasy Impact: Restrepo had signed with the Titans as an undrafted free agent. He'll be a practice squad candidate if he clears waivers.,#VALUE!,,Fantasy Impact,46
274,Category: Transactions,#VALUE!,,Category,46
275,James Proche II,#VALUE!,15,Player name,47
276,James Proche II released by Titans,#VALUE!,34,Headline / Summary,47
277,"Tue, Aug 26th 2:03pm EDT",21,,Date,47
278,The Titans released WR James Proche II. (Source: Jeremy Fowler on Twitter),#VALUE!,74,Headline / Summary,47
279,Fantasy Impact: Proche had signed with Tennessee back in March. He'll seek another opportunity.,#VALUE!,,Fantasy Impact,47
280,Category: Transactions,#VALUE!,,Category,47
281,Landon Parker,#VALUE!,13,Player name,48
282,Landon Parker waived by Colts,#VALUE!,29,Headline / Summary,48
283,"Tue, Aug 26th 2:02pm EDT",21,,Date,48
284,The Colts waived WR Landon Parker. (Source: Joel A. Erickson on Twitter),#VALUE!,72,Headline / Summary,48
285,Fantasy Impact: Parker was unable to earn a spot on the Colts 53-man roster. He'll likely seek a spot on a practice squad.,#VALUE!,,Fantasy Impact,48
286,Category: Transactions,#VALUE!,,Category,48
287,Jaelyn Duncan,#VALUE!,13,Player name,49
288,Jaelyn Duncan waived by Titans,#VALUE!,30,Headline / Summary,49
289,"Tue, Aug 26th 2:01pm EDT",21,,Date,49
290,The Titans waived OT Jaelyn Duncan.,#VALUE!,35,Headline / Summary,49
291,Fantasy Impact: Duncan was unable to earn a spot on the Titans 53-man roster. He'll likely seek a spot on a practice squad.,#VALUE!,,Fantasy Impact,49
292,Category: Transactions,#VALUE!,,Category,49
293,Daniel Jackson,#VALUE!,14,Player name,50
294,Daniel Jackson released by Texans,#VALUE!,33,Headline / Summary,50
295,"Tue, Aug 26th 2:00pm EDT",21,,Date,50
296,The Texans released WR Daniel Jackson. (Source: Jonathan M Alexander on Twitter),#VALUE!,80,Headline / Summary,50
297,Fantasy Impact: Jackson was unable to earn a spot on the Texans 53-man roster. He'll likely seek a spot on a practice squad.,#VALUE!,,Fantasy Impact,50
298,Category: Transactions,#VALUE!,,Category,50
299,JaMycal Hasty,#VALUE!,13,Player name,51
300,JaMycal Hasty released by Patriots,#VALUE!,34,Headline / Summary,51
301,"Tue, Aug 26th 1:59pm EDT",21,,Date,51
302,The Patriots released RB JaMycal Hasty. (Source: Mark Daniels on Twitter),#VALUE!,73,Headline / Summary,51
303,Fantasy Impact: Hasty signed with the Patriots earlier in August. He'll likely seek a depth role with another team.,#VALUE!,,Fantasy Impact,51
304,Category: Transactions,#VALUE!,,Category,51
305,Marcus Haynes,#VALUE!,13,Player name,52
306,Marcus Haynes waived by Colts,#VALUE!,29,Headline / Summary,52
307,"Tue, Aug 26th 1:57pm EDT",21,,Date,52
308,The Colts waived DL Marcus Haynes. (Source: Joel A. Erickson on Twitter),#VALUE!,72,Headline / Summary,52
309,Fantasy Impact: Haynes was unable to earn a spot on the Colts 53-man roster. He'll likely seek a spot on a practice squad.,#VALUE!,,Fantasy Impact,52
310,Category: Transactions,#VALUE!,,Category,52
311,Taylor Elgersma,#VALUE!,15,Player name,53
312,Taylor Elgersma waived by Packers,#VALUE!,33,Headline / Summary,53
313,"Tue, Aug 26th 1:56pm EDT",21,,Date,53
314,The Packers waived QB Taylor Elgersma. (Source: Around the NFL on Twitter),#VALUE!,74,Headline / Summary,53
315,Fantasy Impact: Elgersma was unable to earn a spot on the Packers 53-man roster. He'll likely seek a spot on a practice squad.,#VALUE!,,Fantasy Impact,53
316,Category: Transactions,#VALUE!,,Category,53
317,Jerrick Reed II,#VALUE!,15,Player name,54
318,Jerrick Reed II waived by Seahawks,#VALUE!,34,Headline / Summary,54
319,"Tue, Aug 26th 1:54pm EDT",21,,Date,54
320,The Seahawks waived S Jerrick Reed II. (Source: Brady Henderson on Twitter),#VALUE!,75,Headline / Summary,54
321,Fantasy Impact: Reed will be a practice squad candidate if he clears waivers. He has been a strong contributor in special teams.,#VALUE!,,Fantasy Impact,54
322,Category: Transactions,#VALUE!,,Category,54
323,Thomas Odukoya,#VALUE!,14,Player name,55
324,Thomas Odukoya waived by Titans,#VALUE!,31,Headline / Summary,55
325,"Tue, Aug 26th 1:53pm EDT",21,,Date,55
326,The Titans waived TE Thomas Odukoya. (Source: Turron Davenport on Twitter),#VALUE!,74,Headline / Summary,55
327,Fantasy Impact: Odukoya was unable to earn a spot on the Titans 53-man roster. He'll likely seek a spot on a practice squad.,#VALUE!,,Fantasy Impact,55
328,Category: Transactions,#VALUE!,,Category,55
329,Zacch Pickens,#VALUE!,13,Player name,56
330,Zacch Pickens waived by Bears,#VALUE!,29,Headline / Summary,56
331,"Tue, Aug 26th 1:52pm EDT",21,,Date,56
332,The Bears waived DL Zacch Pickens. (Source: Matt Zenitz on Twitter),#VALUE!,67,Headline / Summary,56
333,Fantasy Impact: Pickens was unable to earn a spot on the Bears 53-man roster. He made three starts last season.,#VALUE!,,Fantasy Impact,56
334,Category: Transactions,#VALUE!,,Category,56
335,Sean Clifford,#VALUE!,13,Player name,57
336,Sean Clifford waived by Packers,#VALUE!,31,Headline / Summary,57
337,"Tue, Aug 26th 1:51pm EDT",21,,Date,57
338,The Packers waived QB Sean Clifford. (Source: Ari Meirov on Twitter),#VALUE!,68,Headline / Summary,57
339,Fantasy Impact: Clifford was unable to earn a spot on the Packers 53-man roster. He'll likely seek a spot on a practice squad.,#VALUE!,,Fantasy Impact,57
340,Category: Transactions,#VALUE!,,Category,57
341,Jeff Wilson Jr.,#VALUE!,15,Player name,58
342,Jeff Wilson Jr. released by 49ers,#VALUE!,33,Headline / Summary,58
343,"Tue, Aug 26th 1:48pm EDT",21,,Date,58
344,The 49ers released RB Jeff Wilson Jr. (Source: Adam Schefter on Twitter),#VALUE!,72,Headline / Summary,58
345,Fantasy Impact: Wilson reunited with San Francisco earlier in August. He didn't make the 49ers 53-man roster.,#VALUE!,,Fantasy Impact,58
346,Category: Transactions,#VALUE!,,Category,58
347,Sam Hartman,#VALUE!,11,Player name,59
348,Sam Hartman waived by Commanders,#VALUE!,32,Headline / Summary,59
349,"Tue, Aug 26th 1:42pm EDT",21,,Date,59
350,The Commanders waived QB Sam Hartman. (Source: Tom Pelissero on Twitter),#VALUE!,72,Headline / Summary,59
351,Fantasy Impact: Hartman was unable to earn a depth role in the Commanders quarterback room. He'll be a practice squad candidate.,#VALUE!,,Fantasy Impact,59
352,Category: Transactions,#VALUE!,,Category,59
353,Kadeem Telfort,#VALUE!,14,Player name,60
354,Kadeem Telfort released by Packers,#VALUE!,34,Headline / Summary,60
355,"Tue, Aug 26th 1:40pm EDT",21,,Date,60
356,The Packers released Kadeem Telfort. (Source: Ryan Wood on Twitter),#VALUE!,67,Headline / Summary,60
357,Fantasy Impact: Telfort was unable to earn a spot on the Packers 53-man roster. He'll likely seek a spot on a practice squad.,#VALUE!,,Fantasy Impact,60
358,Category: Transactions,#VALUE!,,Category,60
359,Jabbar Muhammad,#VALUE!,15,Player name,61
360,Jabbar Muhammad waived by Jaguars,#VALUE!,33,Headline / Summary,61
361,"Tue, Aug 26th 1:39pm EDT",21,,Date,61
362,The Jaguars waived DB Jabbar Muhammad. (Source: Aaron Wilson on Twitter),#VALUE!,72,Headline / Summary,61
363,Fantasy Impact: Muhammad was unable to earn a spot on the Jaguars 53-man roster. He'll likely seek a spot on a practice squad.,#VALUE!,,Fantasy Impact,61
364,Category: Transactions,#VALUE!,,Category,61
365,Tyler Scott,#VALUE!,11,Player name,62
366,Tyler Scott waived by Bears,#VALUE!,27,Headline / Summary,62
367,"Tue, Aug 26th 1:37pm EDT",21,,Date,62
368,The Bears waived WR Tyler Scott. (Source: Jeremy Fowler on Twitter),#VALUE!,67,Headline / Summary,62
369,Fantasy Impact: Scott was unable to earn a spot on the Bears 53-man roster. He'll likely seek a spot on a practice squad.,#VALUE!,,Fantasy Impact,62
370,Category: Transactions,#VALUE!,,Category,62
371,Drake Dabney,#VALUE!,12,Player name,63
372,Drake Dabney waived by Titans,#VALUE!,29,Headline / Summary,63
373,"Tue, Aug 26th 1:36pm EDT",21,,Date,63
374,The Titans waived TE Drake Dabney. (Source: Terry McCormick on Twitter),#VALUE!,71,Headline / Summary,63
375,Fantasy Impact: Dabney was unable to earn a spot on the Titans 53-man roster. He'll likely seek a spot on a practice squad.,#VALUE!,,Fantasy Impact,63
376,Category: Transactions,#VALUE!,,Category,63
377,Roman Parodie,#VALUE!,13,Player name,64
378,Roman Parodie waived by Buccaneers,#VALUE!,34,Headline / Summary,64
379,"Tue, Aug 26th 1:35pm EDT",21,,Date,64
380,The Buccaneers waived/injured DB Roman Parodie. (Source: Jenna Laine on Twitter),#VALUE!,80,Headline / Summary,64
381,Fantasy Impact: Parodie had a pick-six against the Titans in the first preseason game. It is unclear how long he will be sidelined for.,#VALUE!,,Fantasy Impact,64
382,"Category: Injury Updates, Transactions",#VALUE!,,Category,64
383,Jonah Williams,#VALUE!,14,Player name,65
384,Jonah Williams released by Saints,#VALUE!,33,Headline / Summary,65
385,"Tue, Aug 26th 1:33pm EDT",21,,Date,65
386,The Saints released DT Jonah Williams. (Source: Nick Underhill on Twitter),#VALUE!,74,Headline / Summary,65
387,Fantasy Impact: Williams was unable to earn a spot on the Saints 53-man roster. He'll likely seek another opportunity.,#VALUE!,,Fantasy Impact,65
388,Category: Transactions,#VALUE!,,Category,65
389,Tre Watson,#VALUE!,10,Player name,66
390,Tre Watson waived by Chiefs,#VALUE!,27,Headline / Summary,66
391,"Tue, Aug 26th 1:32pm EDT",21,,Date,66
392,The Chiefs waived TE Tre Watson. (Source: Aaron Wilson on Twitter),#VALUE!,66,Headline / Summary,66
393,Fantasy Impact: Watson was unable to earn a spot on the Chiefs 53-man roster. He'll likely seek a spot on a practice squad.,#VALUE!,,Fantasy Impact,66
394,Category: Transactions,#VALUE!,,Category,66
395,Bralyn Lux,#VALUE!,10,Player name,67
396,Bralyn Lux waived by Bengals,#VALUE!,28,Headline / Summary,67
397,"Tue, Aug 26th 1:30pm EDT",21,,Date,67
398,The Bengals waived DB Bralyn Lux. (Source: Aaron Wilson on Twitter),#VALUE!,67,Headline / Summary,67
399,Fantasy Impact: Lux will be a practice squad candidate if he clears waivers.,#VALUE!,,Fantasy Impact,67
400,Category: Transactions,#VALUE!,,Category,67
401,Deuce Vaughn,#VALUE!,12,Player name,68
402,Deuce Vaughn waived by Cowboys,#VALUE!,30,Headline / Summary,68
403,"Tue, Aug 26th 1:29pm EDT",21,,Date,68
404,The Cowboys waived RB Deuce Vaughn. (Source: Calvin Watkins on Twitter),#VALUE!,71,Headline / Summary,68
405,Fantasy Impact: Vaughn was unable to earn a depth role in the Cowboys backfield. He'll likely seen another opportunity in a depth role.,#VALUE!,,Fantasy Impact,68
406,Category: Transactions,#VALUE!,,Category,68
407,Ihmir Smith-Marsette,#VALUE!,20,Player name,69
408,Ihmir Smith-Marsette waived by Giants,#VALUE!,37,Headline / Summary,69
409,"Tue, Aug 26th 1:28pm EDT",21,,Date,69
410,The Giants waived WR/KR Ihmir Smith-Marsette. (Source: Jordan Raanan on Twitter),#VALUE!,80,Headline / Summary,69
411,Fantasy Impact: Smith-Marsette should land another opportunity in a special teams role.,#VALUE!,,Fantasy Impact,69
412,Category: Transactions,#VALUE!,,Category,69
413,Damien Martinez,#VALUE!,15,Player name,70
414,Damien Martinez waived by Seahawks,#VALUE!,34,Headline / Summary,70
415,"Tue, Aug 26th 12:46pm EDT",22,,Date,70
416,The Seahawks waived RB Damien Martinez. (Source: Brady Henderson on Twitter),#VALUE!,76,Headline / Summary,70
417,Fantasy Impact: Martinez was a seventh round pick of Seattle this year. He is a practice squad candidate if he clears waivers.,#VALUE!,,Fantasy Impact,70
418,Category: Transactions,#VALUE!,,Category,70
419,KJ Hamler,#VALUE!,9,Player name,71
420,KJ Hamler released by Bills,#VALUE!,27,Headline / Summary,71
421,"Tue, Aug 26th 12:44pm EDT",22,,Date,71
422,The Bills released WR KJ Hamler. (Source: Adam Schefter on Twitter),#VALUE!,67,Headline / Summary,71
423,Fantasy Impact: Hamler was unable to earn a spot on the Bills 53-man roster. He'll likely seek a spot on a depth role with another team.,#VALUE!,,Fantasy Impact,71
424,Category: Transactions,#VALUE!,,Category,71
425,Ainias Smith,#VALUE!,12,Player name,72
426,Ainias Smith released by Eagles,#VALUE!,31,Headline / Summary,72
427,"Tue, Aug 26th 12:43pm EDT",22,,Date,72
428,The Eagles released WR Ainias Smith. (Source: Ian Rapoport on Twitter),#VALUE!,70,Headline / Summary,72
429,Fantasy Impact: Smith was a fifth round pick of the Eagles last year. He should get another opportunity.,#VALUE!,,Fantasy Impact,72
430,Category: Transactions,#VALUE!,,Category,72
431,Michael Jacobson,#VALUE!,16,Player name,73
432,Michael Jacobson waived by Saints,#VALUE!,33,Headline / Summary,73
433,"Tue, Aug 26th 12:33pm EDT",22,,Date,73
434,The Saints waived TE Michael Jacobson. (Source: Nick Underhill on Twitter),#VALUE!,74,Headline / Summary,73
435,Fantasy Impact: Jacobson was unable to earn a spot on the Saints 53-man roster. He'll likely seek a spot on a practice squad.,#VALUE!,,Fantasy Impact,73
436,Category: Transactions,#VALUE!,,Category,73
437,Leroy Watson IV,#VALUE!,15,Player name,74
438,Leroy Watson released by Vikings,#VALUE!,32,Headline / Summary,74
439,"Tue, Aug 26th 12:32pm EDT",22,,Date,74
440,The Vikings released OT Leroy Watson. (Source: Around the NFL on Twitter),#VALUE!,73,Headline / Summary,74
441,Fantasy Impact: Watson was unable to earn a spot on the Vikings 53-man roster. He'll likely seek a spot on a practice squad.,#VALUE!,,Fantasy Impact,74
442,Category: Transactions,#VALUE!,,Category,74
443,De'Antre Prince,#VALUE!,15,Player name,75
444,De'Antre Prince released by Jaguars,#VALUE!,35,Headline / Summary,75
445,"Tue, Aug 26th 12:31pm EDT",22,,Date,75
446,The Jaguars released DB De'Antre Prince. (Source: Jeremy Fowler on Twitter),#VALUE!,75,Headline / Summary,75
447,Fantasy Impact: Prince was unable to earn a spot on the Jaguars 53-man roster. He was a fifth round pick in 2024.,#VALUE!,,Fantasy Impact,75
448,Category: Transactions,#VALUE!,,Category,75
449,Seth Green,#VALUE!,10,Player name,76
450,Seth Green released by Saints,#VALUE!,29,Headline / Summary,76
451,"Tue, Aug 26th 12:29pm EDT",22,,Date,76
452,The Saints released TE Seth Green. (Source: Matthew Paras on Twitter),#VALUE!,69,Headline / Summary,76
453,Fantasy Impact: Green was unable to earn a spot on the Saints 53-man roster. He'll likely seek a spot on a practice squad.,#VALUE!,,Fantasy Impact,76
454,Category: Transactions,#VALUE!,,Category,76
455,James Burnip,#VALUE!,12,Player name,77
456,James Burnip released by Saints,#VALUE!,31,Headline / Summary,77
457,"Tue, Aug 26th 12:28pm EDT",22,,Date,77
458,The Saints released P James Burnip. (Source: Nick Underhill on Twitter),#VALUE!,71,Headline / Summary,77
459,Fantasy Impact: Burnip was unable to win the Saints punting job.,#VALUE!,,Fantasy Impact,77
460,Category: Transactions,#VALUE!,,Category,77
461,AJ Henning,#VALUE!,10,Player name,78
462,AJ Henning released by Dolphins,#VALUE!,31,Headline / Summary,78
463,"Tue, Aug 26th 12:27pm EDT",22,,Date,78
464,The Dolphins released wide receiver/punt returner A.J. Henning. (Source: Jeremy Fowler on Twitter),#VALUE!,98,Headline / Summary,78
465,Fantasy Impact: Henning had signed with Miami as an undrafted free agent. He was unable to earn a spot on the Dolphins 53-man roster. He'll likely seek a spot on a practice squad.,#VALUE!,,Fantasy Impact,78
466,Category: Transactions,#VALUE!,,Category,78
467,Aaron Shampklin,#VALUE!,15,Player name,79
468,Aaron Shampklin released by Dolphins,#VALUE!,36,Headline / Summary,79
469,"Tue, Aug 26th 12:25pm EDT",22,,Date,79
470,The Dolphins released RB Aaron Shampklin. (Source: Ian Rapoport on Twitter),#VALUE!,75,Headline / Summary,79
471,Fantasy Impact: Shampklin was unable to earn a spot on the Dolphins 53-man roster. He'll likely seek a spot on a practice squad.,#VALUE!,,Fantasy Impact,79
472,Category: Transactions,#VALUE!,,Category,79
473,Jeremiah Martin,#VALUE!,15,Player name,80
474,Jeremiah Martin waived by Saints,#VALUE!,32,Headline / Summary,80
475,"Tue, Aug 26th 12:24pm EDT",22,,Date,80
476,The Saints waived DL Jeremiah Martin. (Source: Nick Underhill on Twitter),#VALUE!,73,Headline / Summary,80
477,Fantasy Impact: Martin was unable to earn a spot on the Ssints 53-man roster. He'll likely seek another opportunity.,#VALUE!,,Fantasy Impact,80
478,Category: Transactions,#VALUE!,,Category,80
479,Moochie Dixon,#VALUE!,13,Player name,81
480,Moochie Dixon waived by Saints,#VALUE!,30,Headline / Summary,81
481,"Tue, Aug 26th 12:22pm EDT",22,,Date,81
482,The Saints waived WR Moochie Dixon. (Source: Nick Underhill on Twitter),#VALUE!,71,Headline / Summary,81
483,Fantasy Impact: Dixon was unable to earn a spot on the Saints 53-man roster. He'll likely seek a spot on a practice squad.,#VALUE!,,Fantasy Impact,81
484,Category: Transactions,#VALUE!,,Category,81
485,Jackson Carman,#VALUE!,14,Player name,82
486,Jackson Carman released by Dolphins,#VALUE!,35,Headline / Summary,82
487,"Tue, Aug 26th 12:21pm EDT",22,,Date,82
488,The Dolphins released OL Jackson Carman. (Source: Barry Jackson on Twitter),#VALUE!,75,Headline / Summary,82
489,Fantasy Impact: Carman was unable to earn a spot on the Dolphins 53-man roster. He'll likely seek a spot on a practice squad.,#VALUE!,,Fantasy Impact,82
490,Category: Transactions,#VALUE!,,Category,82
491,E.J. Jenkins,#VALUE!,12,Player name,83
492,E.J. Jenkins waived by Eagles,#VALUE!,29,Headline / Summary,83
493,"Tue, Aug 26th 12:20pm EDT",22,,Date,83
494,The Eagles waived TE E.J. Jenkins. (Source: Andrew DiCecco on Twitter),#VALUE!,70,Headline / Summary,83
495,Fantasy Impact: Jenkins was unable to earn a spot on the Eagles 53-man roster. He'll likely seek a spot on a practice squad.,#VALUE!,,Fantasy Impact,83
496,Category: Transactions,#VALUE!,,Category,83
497,Tanner Taula,#VALUE!,12,Player name,84
498,Tanner Taula waived by Buccaneers,#VALUE!,33,Headline / Summary,84
499,"Tue, Aug 26th 12:18pm EDT",22,,Date,84
500,The Buccaneers waived TE Tanner Taula. (Source: Greg Auman on Twitter),#VALUE!,70,Headline / Summary,84
501,Fantasy Impact: Taula spent the past two seasons on the Bucs practice squad. He was unable to earn a spot on the Bucs 53-man roster. He'll likely seek a spot on a practice squad.,#VALUE!,,Fantasy Impact,84
502,Category: Transactions,#VALUE!,,Category,84
503,Nick Muse,#VALUE!,9,Player name,85
504,Nick Muse waived by Eagles,#VALUE!,26,Headline / Summary,85
505,"Tue, Aug 26th 12:14pm EDT",22,,Date,85
506,The Eagles waived TE Nick Muse. (Source: Around the NFL on Twitter),#VALUE!,67,Headline / Summary,85
507,Fantasy Impact: Muse was unable to earn a spot on the Eagles 53-man roster. He'll likely seek a spot on a practice squad.,#VALUE!,,Fantasy Impact,85
508,Category: Transactions,#VALUE!,,Category,85
509,Sua Opeta,#VALUE!,9,Player name,86
510,Sua Opeta released by Buccaneers,#VALUE!,32,Headline / Summary,86
511,"Tue, Aug 26th 12:12pm EDT",22,,Date,86
512,The Buccaneers released OL Sua Opeta. (Source: Greg Auman on Twitter),#VALUE!,69,Headline / Summary,86
513,Fantasy Impact: Opeta missed the past year with an ACL injury. He returned to action in the Bucs preseason finale this past weekend.,#VALUE!,,Fantasy Impact,86
514,Category: Transactions,#VALUE!,,Category,86
515,Jacolby George,#VALUE!,14,Player name,87
516,Jacolby George waived by Panthers,#VALUE!,33,Headline / Summary,87
517,"Tue, Aug 26th 12:11pm EDT",22,,Date,87
518,The Panthers waived WR Jacolby George. (Source: Mike Kaye on Twitter),#VALUE!,69,Headline / Summary,87
519,Fantasy Impact: George had signed with Carolina as an undrafted free agent. He was unable to earn a spot on the Panthers 53-man roster. He'll likely seek a spot on a practice squad.,#VALUE!,,Fantasy Impact,87
520,Category: Transactions,#VALUE!,,Category,87
521,Alaric Jackson,#VALUE!,14,Player name,88
522,Alaric Jackson (blood clots) expected to return to practice,#VALUE!,59,Headline / Summary,88
523,"Tue, Aug 26th 12:10pm EDT",22,,Date,88
524,Alaric Jackson was expected to return to practice on Monday. (Source: Sarah Barshop on Twitter),#VALUE!,95,Headline / Summary,88
525,Fantasy Impact: Jackson had yet to practice during training camp. He has worked his way back from dealing with blood clots.,#VALUE!,,Fantasy Impact,88
526,Category: Injury Updates,#VALUE!,,Category,88
527,Jack Henderson,#VALUE!,14,Player name,89
528,Jack Henderson waived by Panthers,#VALUE!,33,Headline / Summary,89
529,"Tue, Aug 26th 12:08pm EDT",22,,Date,89
530,The Panthers waived DB Jack Henderson. (Source: Mike Kaye on Twitter),#VALUE!,69,Headline / Summary,89
531,Fantasy Impact: Henderson was unable to earn a spot on the Panthers 53-man roster. He'll likely seek a spot on a practice squad.,#VALUE!,,Fantasy Impact,89
532,Category: Transactions,#VALUE!,,Category,89
533,Jack Plummer,#VALUE!,12,Player name,90
534,Jack Plummer waived by Panthers,#VALUE!,31,Headline / Summary,90
535,"Tue, Aug 26th 12:07pm EDT",22,,Date,90
536,The Panthers waived QB Jack Plummer. (Source: Tom Pelissero on Twitter),#VALUE!,71,Headline / Summary,90
537,Fantasy Impact: Plummer was unable to earn a spot on the Panthers 53-man roster. He'll likely seek a spot on a practice squad.,#VALUE!,,Fantasy Impact,90
538,Category: Transactions,#VALUE!,,Category,90
539,Xavier Guillory,#VALUE!,15,Player name,91
540,Xavier Guillory suffers broken clavicle,#VALUE!,39,Headline / Summary,91
541,"Tue, Aug 26th 12:06pm EDT",22,,Date,91
542,Ravens WR Xavier Guillory suffered a broken clavicle. (Source: Jeff Zrebiec on Twitter),#VALUE!,87,Headline / Summary,91
543,Fantasy Impact: Guillory suffered the injury in the Ravens preseason finale. He does not have a timetable to return.,#VALUE!,,Fantasy Impact,91
544,Category: Injury Updates,#VALUE!,,Category,91
545,Robert Woods,#VALUE!,12,Player name,92
546,Robert Woods released by Steelers,#VALUE!,33,Headline / Summary,92
547,"Tue, Aug 26th 12:02pm EDT",22,,Date,92
548,The Steelers released WR Robert Woods. (Source: Ian Rapoport on Twitter),#VALUE!,72,Headline / Summary,92
549,Fantasy Impact: Woods was unable to earn a spot on the Steelers 53-man roster. He'll likely seek a depth role with another team.,#VALUE!,,Fantasy Impact,92
550,Category: Transactions,#VALUE!,,Category,92
551,Josh Whyle,#VALUE!,10,Player name,93
552,Josh Whyle waived by Titans,#VALUE!,27,Headline / Summary,93
553,"Tue, Aug 26th 12:01pm EDT",22,,Date,93
554,The Titans waived TE Josh Whyle. (Source: Tom Pelissero on Twitter),#VALUE!,67,Headline / Summary,93
555,Fantasy Impact: Whyle was unable to earn a spot on the Titans 53-man roster. He'll likely seek a spot on a practice squad.,#VALUE!,,Fantasy Impact,93
556,Category: Transactions,#VALUE!,,Category,93
557,Tyquan Thornton,#VALUE!,15,Player name,94
558,Tyquan Thornton makes Chiefs final roster,#VALUE!,41,Headline / Summary,94
559,"Tue, Aug 26th 12:00pm EDT",22,,Date,94
560,WR Tyquan Thornton has officially made the Chiefs 53-man roster. (Source: Jordan Schultz on Twitter),#VALUE!,100,Headline / Summary,94
561,Fantasy Impact: Thornton spent last year on the practice squad. He earns a depth spot after an impressive showing in training camp and preseason.,#VALUE!,,Fantasy Impact,94
562,Category: Transactions,#VALUE!,,Category,94
563,Noah Igbinoghene,#VALUE!,16,Player name,95
564,Noah Igbinoghene drawing trade interest,#VALUE!,39,Headline / Summary,95
565,"Tue, Aug 26th 11:57am EDT",22,,Date,95
566,The Commanders have been gauging multiple teams’ interest in CB Noah Igbinoghene. (Source: Dianna Russini on Twitter),#VALUE!,117,Headline / Summary,95
567,Fantasy Impact: Igbinoghene was a first round pick in 2020. He would offer depth in the secondary for another team.,#VALUE!,,Fantasy Impact,95
568,Category: Rumors,#VALUE!,,Category,95
569,Clyde Edwards-Helaire,#VALUE!,21,Player name,96
570,Clyde Edwards-Helaire to have contract terminated by Saints,#VALUE!,59,Headline / Summary,96
571,"Tue, Aug 26th 11:55am EDT",22,,Date,96
572,The Saints are terminating the contract of RB Clyde Edwards-Helaire. (Source: Nick Underhill on Twitter),#VALUE!,104,Headline / Summary,96
573,Fantasy Impact: Edwards-Helaire will become a free agent. He'll look to land a depth role with another team.,#VALUE!,,Fantasy Impact,96
574,Category: Transactions,#VALUE!,,Category,96
575,Isaiah Prince,#VALUE!,13,Player name,97
576,Isaiah Prince placed on IR,#VALUE!,26,Headline / Summary,97
577,"Tue, Aug 26th 11:47am EDT",22,,Date,97
578,The 49ers placed OL Isaiah Prince on injured reserve. (Source: Adam Schefter on Twitter),#VALUE!,88,Headline / Summary,97
579,Fantasy Impact: Prince will open the season on IR for San Francisco.,#VALUE!,,Fantasy Impact,97
580,Category: Injury Updates,#VALUE!,,Category,97
581,Ke'Shawn Vaughn,#VALUE!,15,Player name,98
582,Ke'Shawn Vaughn released by 49ers,#VALUE!,33,Headline / Summary,98
583,"Tue, Aug 26th 11:46am EDT",22,,Date,98
584,The 49ers released RB Ke'Shawn Vaughn. (Source: Adam Schefter on Twitter),#VALUE!,73,Headline / Summary,98
585,Fantasy Impact: Vaughn was unable to earn a spot on the 49ers 53-man roster. He'll likely seek a spot on a practice squad.,#VALUE!,,Fantasy Impact,98
586,Category: Transactions,#VALUE!,,Category,98
587,Shakel Brown,#VALUE!,12,Player name,99
588,Shakel Brown waived by 49ers,#VALUE!,28,Headline / Summary,99
589,"Tue, Aug 26th 11:46am EDT",22,,Date,99
590,The 49ers waived DL Shakel Brown. (Source: Adam Schefter on Twitter),#VALUE!,68,Headline / Summary,99
591,Fantasy Impact: Brown was unable to earn a spot on the 49ers 53-man roster. He'll likely seek a spot on a practice squad.,#VALUE!,,Fantasy Impact,99
592,Category: Transactions,#VALUE!,,Category,99
593,Jaylon Allen,#VALUE!,12,Player name,100
594,Jaylon Allen waived by 49ers,#VALUE!,28,Headline / Summary,100
595,"Tue, Aug 26th 11:45am EDT",22,,Date,100
596,The 49ers waived DL Jaylon Allen. (Source: Adam Schefter on Twitter),#VALUE!,68,Headline / Summary,100
597,Fantasy Impact: Allen was unable to earn a spot on the 49ers 53-man roster. He'll likely seek a spot on a practice squad.,#VALUE!,,Fantasy Impact,100
598,Category: Transactions,#VALUE!,,Category,100
599,Tanner Mordecai,#VALUE!,15,Player name,101
600,Tanner Mordecai waived by 49ers,#VALUE!,31,Headline / Summary,101
601,"Tue, Aug 26th 11:44am EDT",22,,Date,101
602,The 49ers waived QB Tanner Mordecai. (Source: Adam Schefter on Twitter),#VALUE!,71,Headline / Summary,101
603,Fantasy Impact: Mordecai was unable to earn a spot on the 49ers 53-man roster. He'll likely seek a spot on a practice squad.,#VALUE!,,Fantasy Impact,101
604,Category: Transactions,#VALUE!,,Category,101
605,Carter Bradley,#VALUE!,14,Player name,102
606,Carter Bradley waived by 49ers,#VALUE!,30,Headline / Summary,102
607,"Tue, Aug 26th 11:43am EDT",22,,Date,102
608,The 49ers waived QB Carter Bradley. (Source: Adam Schefter on Twitter),#VALUE!,70,Headline / Summary,102
609,Fantasy Impact: Bradley was unable to earn a spot on the 49ers 53-man roster. He'll likely seek a spot on a practice squad.,#VALUE!,,Fantasy Impact,102
610,Category: Transactions,#VALUE!,,Category,102
611,Chidobe Awuzie,#VALUE!,14,Player name,103
612,Chidobe Awuzie expected to return to practice next week,#VALUE!,55,Headline / Summary,103
613,"Tue, Aug 26th 11:41am EDT",22,,Date,103
614,Ravens coach John Harbaugh said he expects Chidobe Awuzie to return to practice next week. (Source: Jamison Hensley on Twitter),#VALUE!,127,Headline / Summary,103
615,Fantasy Impact: Awuzie had been absent from practice during training camp. He should have enough time to be ready for the season opener against the Bills.,#VALUE!,,Fantasy Impact,103
616,Category: Injury Updates,#VALUE!,,Category,103
617,Jaire Alexander,#VALUE!,15,Player name,104
618,Jaire Alexander expected to return to practice next week,#VALUE!,56,Headline / Summary,104
619,"Tue, Aug 26th 11:39am EDT",22,,Date,104
620,Ravens coach John Harbaugh said he expects Jaire Alexander to return to practice next week. (Source: Jamison Hensley on Twitter),#VALUE!,128,Headline / Summary,104
621,Fantasy Impact: Alexander did not practice last week due to an undisclosed injury. He should still be good to go for the season opener against the Bills.,#VALUE!,,Fantasy Impact,104
622,Category: Injury Updates,#VALUE!,,Category,104
623,Patrick Ricard,#VALUE!,14,Player name,105
624,Patrick Ricard expected to return to practice next week,#VALUE!,55,Headline / Summary,105
625,"Tue, Aug 26th 11:38am EDT",22,,Date,105
626,Ravens coach John Harbaugh said he expects Patrick Ricard to return to practice next week. (Source: Jamison Hensley on Twitter),#VALUE!,127,Headline / Summary,105
627,Fantasy Impact: Ricard was not practicing last week due to a soft tissue injury. He should be on track to be ready for the start of the season.,#VALUE!,,Fantasy Impact,105
628,Category: Injury Updates,#VALUE!,,Category,105
629,Easton Stick,#VALUE!,12,Player name,106
630,Easton Stick waived by Falcons,#VALUE!,30,Headline / Summary,106
631,"Tue, Aug 26th 11:34am EDT",22,,Date,106
632,The Falcons waived QB Easton Stick. (Source: Mike Garafolo on Twitter),#VALUE!,70,Headline / Summary,106
633,Fantasy Impact: Stick was drawing some interest from the Saints. He could land with them if he clears waivers.,#VALUE!,,Fantasy Impact,106
634,Category: Transactions,#VALUE!,,Category,106
635,Carson Steele,#VALUE!,13,Player name,107
636,Carson Steele released by Chiefs,#VALUE!,32,Headline / Summary,107
637,"Tue, Aug 26th 11:33am EDT",22,,Date,107
638,The Chiefs released RB Carson Steele. (Source: Ari Meirov on Twitter),#VALUE!,69,Headline / Summary,107
639,Fantasy Impact: Steele was unable to earn a spot on the Chiefs 53-man roster. He'll likely look to land another opportunity in a depth role.,#VALUE!,,Fantasy Impact,107
640,Category: Transactions,#VALUE!,,Category,107
641,Mecole Hardman Jr.,#VALUE!,18,Player name,108
642,Mecole Hardman Jr. released by Packers,#VALUE!,38,Headline / Summary,108
643,"Tue, Aug 26th 11:31am EDT",22,,Date,108
644,The Packers released WR Mecole Hardman Jr. (Source: Jordan Schultz on Twitter),#VALUE!,78,Headline / Summary,108
645,Fantasy Impact: Hardman signed a deal with Green Bay in March. He'll likely look to land a depth role with another team.,#VALUE!,,Fantasy Impact,108
646,Category: Transactions,#VALUE!,,Category,108
647,Pierre Strong Jr.,#VALUE!,17,Player name,109
648,Pierre Strong Jr. released by Browns,#VALUE!,36,Headline / Summary,109
649,"Tue, Aug 26th 11:29am EDT",22,,Date,109
650,The Browns released RB Pierre Strong Jr. (Source: Matt Zenitz on Twitter),#VALUE!,73,Headline / Summary,109
651,Fantasy Impact: Strong spent the past two seasons in Cleveland. He'll likely seek a depth role with another team.,#VALUE!,,Fantasy Impact,109
652,Category: Transactions,#VALUE!,,Category,109
653,K.J. Osborn,#VALUE!,11,Player name,110
654,K.J. Osborn released by Commanders,#VALUE!,34,Headline / Summary,110
655,"Tue, Aug 26th 11:26am EDT",22,,Date,110
656,The Commanders released WR K.J. Osborn. (Source: Adam Schefter on Twitter),#VALUE!,74,Headline / Summary,110
657,Fantasy Impact: Osborn was with the Commanders since March. He was unable to earn a spot on the Commanders 53-man roster. He'll likely look to land another opportunity on a practice squad.,#VALUE!,,Fantasy Impact,110
658,Category: Transactions,#VALUE!,,Category,110
659,Lil'Jordan Humphrey,#VALUE!,19,Player name,111
660,Lil'Jordan Humphrey released by Giants,#VALUE!,38,Headline / Summary,111
661,"Tue, Aug 26th 11:24am EDT",22,,Date,111
662,The Giants released WR Lil'Jordan Humphrey. (Source: Adam Schefter on Twitter),#VALUE!,78,Headline / Summary,111
663,Fantasy Impact: Humphrey had been with the Giants since March. He was unable to earn a spot on the Giants 53-man roster. He'll likely look to land another opportunity on a practice squad.,#VALUE!,,Fantasy Impact,111
664,Category: Transactions,#VALUE!,,Category,111
665,Trent Brown,#VALUE!,11,Player name,112
666,Trent Brown released by Texans,#VALUE!,30,Headline / Summary,112
667,"Tue, Aug 26th 11:23am EDT",22,,Date,112
668,The Texans are releasing veteran offensive lineman Trent Brown. (Source: Adam Schefter on Twitter),#VALUE!,98,Headline / Summary,112
669,Fantasy Impact: Brown was unable to earn a spot on the Texans 53-man roster. He'll likely look to land another opportunity in a depth spot.,#VALUE!,,Fantasy Impact,112
670,Category: Transactions,#VALUE!,,Category,112
671,Theo Wease Jr.,#VALUE!,14,Player name,113
672,Theo Wease Jr. released by Dolphins,#VALUE!,35,Headline / Summary,113
673,"Tue, Aug 26th 11:21am EDT",22,,Date,113
674,The Dolphins released WR Theo Wease Jr. (Source: Adam Schefter on Twitter),#VALUE!,74,Headline / Summary,113
675,Fantasy Impact: Wease signed with Miami as an undrafted free agent. He was unable to earn a spot on the Dolphins 53-man roster. He'll likely look to land another opportunity on a practice squad.,#VALUE!,,Fantasy Impact,113
676,Category: Transactions,#VALUE!,,Category,113
677,Ja'Quinden Jackson,#VALUE!,18,Player name,114
678,Ja'Quinden Jackson released by Jaguars,#VALUE!,38,Headline / Summary,114
679,"Tue, Aug 26th 11:20am EDT",22,,Date,114
680,The Jaguars released RB Ja'Quinden Jackson. (Source: Adam Schefter on Twitter),#VALUE!,78,Headline / Summary,114
681,Fantasy Impact: Jackson signed with the Jaguars as an undrafted free agent. He was unable to earn a spot on the Jaguars 53-man roster. He'll likely look to land another opportunity on a practice squad.,#VALUE!,,Fantasy Impact,114
682,Category: Transactions,#VALUE!,,Category,114
683,Duke Riley,#VALUE!,10,Player name,115
684,Duke Riley released by Commanders,#VALUE!,33,Headline / Summary,115
685,"Tue, Aug 26th 11:18am EDT",22,,Date,115
686,The Commanders released LB Duke Riley. (Source: Adam Schefter on Twitter),#VALUE!,73,Headline / Summary,115
687,Fantasy Impact: Riley signed with the Commanders earlier in August. He was unable to earn a spot on the Commanders 53-man roster. He'll likely look to land another opportunity on a practice squad.,#VALUE!,,Fantasy Impact,115
688,Category: Transactions,#VALUE!,,Category,115
689,Derrick McLendon II,#VALUE!,19,Player name,116
690,Derrick McLendon II waived by Dolphins,#VALUE!,38,Headline / Summary,116
691,"Tue, Aug 26th 11:16am EDT",22,,Date,116
692,The Dolphins waived LB Derrick McLendon II. (Source: Adam Schefter on Twitter),#VALUE!,78,Headline / Summary,116
693,Fantasy Impact: McLendon was unable to earn a spot on the Dolphins 53-man roster. He'll likely look to land another opportunity on a practice squad.,#VALUE!,,Fantasy Impact,116
694,Category: Transactions,#VALUE!,,Category,116
695,Jordan Clark,#VALUE!,12,Player name,117
696,Jordan Clark waived by Jets,#VALUE!,27,Headline / Summary,117
697,"Tue, Aug 26th 11:14am EDT",22,,Date,117
698,The Jets waived DB Jordan Clark. (Source: Adam Schefter on Twitter),#VALUE!,67,Headline / Summary,117
699,Fantasy Impact: Clark is expected to be on the Jets’ practice squad if he goes unclaimed.,#VALUE!,,Fantasy Impact,117
700,Category: Transactions,#VALUE!,,Category,117
701,Jonathan Mingo,#VALUE!,14,Player name,118
702,Jonathan Mingo (knee) placed on injured reserve,#VALUE!,47,Headline / Summary,118
703,"Tue, Aug 26th 11:10am EDT",22,,Date,118
704,Jonathan Mingo (knee) has been placed on injured reserve. (Source: Todd Archer on Twitter),#VALUE!,90,Headline / Summary,118
705,"Fantasy Impact: Mingo is set to be sidelined for a while as he recovers from a knee injury that he suffered during the preseason. He isn't fantasy relevant in any league formats, so managers shouldn't put much weight into his absence for Dallas.",#VALUE!,,Fantasy Impact,118
706,Category: Transactions,#VALUE!,,Category,118
707,Tyjae Spears,#VALUE!,12,Player name,119
708,Tyjae Spears (ankle) to miss first four games on IR,#VALUE!,51,Headline / Summary,119
709,"Tue, Aug 26th 11:10am EDT",22,,Date,119
710,The Titans are placing RB Tyjae Spears on injured reserve that will sideline him the first four games of the season. (Source: Adam Schefter on Twitter),#VALUE!,151,Headline / Summary,119
711,Fantasy Impact: Spears suffered a high ankle sprain earlier in August which placed him in a walking boot. Tony Pollard will see a bigger role early in the season.,#VALUE!,,Fantasy Impact,119
712,Category: Injury Updates,#VALUE!,,Category,119
713,Jake Haener,#VALUE!,11,Player name,120
714,Jake Haener waived by Saints,#VALUE!,28,Headline / Summary,120
715,"Tue, Aug 26th 10:59am EDT",22,,Date,120
716,Jake Haener has been waived by the New Orleans Saints. (Source: Mike Garafolo on Twitter),#VALUE!,89,Headline / Summary,120
717,"Fantasy Impact: Haener was one of the quarterbacks battling for the starting job in New Orleans over the course of the summer, but he did not win and is now being waived by the team. If he finds a home with a new team, it will be as nothing more than a depth piece.",#VALUE!,,Fantasy Impact,120
718,Category: Transactions,#VALUE!,,Category,120
719,Desmond Ridder,#VALUE!,14,Player name,121
720,Desmond Ridder released by Bengals,#VALUE!,34,Headline / Summary,121
721,"Tue, Aug 26th 10:57am EDT",22,,Date,121
722,Desmond Ridder has been released by the Cincinnati Bengals. (Source: Tom Pelissero on Twitter),#VALUE!,94,Headline / Summary,121
723,"Fantasy Impact: The Bengals need to make roster cuts prior to the start of the regular season, and Ridder now finds himself as a victim of that. Jake Browning is set to be the QB2 for the team heading into the regular season.",#VALUE!,,Fantasy Impact,121
724,Category: Transactions,#VALUE!,,Category,121
725,Greg Dulcich,#VALUE!,12,Player name,122
726,Greg Dulcich cut by Giants,#VALUE!,26,Headline / Summary,122
727,"Tue, Aug 26th 10:56am EDT",22,,Date,122
728,Greg Dulcich has been released by the New York Giants. (Source: Tom Pelissero on Twitter),#VALUE!,89,Headline / Summary,122
729,"Fantasy Impact: The Giants releasing Dulcich comes as a bit of a surprise, as he had a dominant preseason and looked slated to make the roster with New York's tight end depth being weak. The team decided to let him go, however, and he seems like a prime candidate to sign with another team at some point early on in the season.",#VALUE!,,Fantasy Impact,122
730,Category: Transactions,#VALUE!,,Category,122
731,Malachi Corley,#VALUE!,14,Player name,123
732,Malachi Corley waived by Jets,#VALUE!,29,Headline / Summary,123
733,"Tue, Aug 26th 10:53am EDT",22,,Date,123
734,Malachi Corley has been waived by the New York Jets. (Source: Jordan Schultz on Twitter),#VALUE!,88,Headline / Summary,123
735,"Fantasy Impact: The Jets invested a day-two pick on Corley in the 2024 NFL Draft, but he struggled to find his footing with the team and is now being waived. It remains to be seen if he will land somewhere else prior to the start of the season.",#VALUE!,,Fantasy Impact,123
736,Category: Transactions,#VALUE!,,Category,123
737,Trey Palmer,#VALUE!,11,Player name,124
738,Trey Palmer waived by Buccaneers,#VALUE!,32,Headline / Summary,124
739,"Tue, Aug 26th 10:51am EDT",22,,Date,124
740,Trey Palmer has been waived by the Tampa Bay Buccaneers. (Source: Rick Stroud on Twitter),#VALUE!,89,Headline / Summary,124
741,"Fantasy Impact: Palmer is now on waivers and is eligible to be claimed over the next couple of days. The Buccaneers have a deep wide receiver room, so cutting him loose may speak more to their abundance rather than a knock on him as a player. He seems likely to land somewhere before the season begins, but he isn't expected to be fantasy relevant at all this season.",#VALUE!,,Fantasy Impact,124
742,Category: Transactions,#VALUE!,,Category,124
743,Jelani Woods,#VALUE!,12,Player name,125
744,Jelani Woods released by Colts,#VALUE!,30,Headline / Summary,125
745,"Tue, Aug 26th 10:49am EDT",22,,Date,125
746,Jelani Woods has been released by the Indianapolis Colts. (Source: Jeremy Fowler on Twitter),#VALUE!,92,Headline / Summary,125
747,"Fantasy Impact: The Colts have decided to release Woods as part of their roster cut downs prior to the start of the regular season. He is a former third round pick and still has high physical upside, so he seems like a strong candidate to be signed by another team at some point during the season.",#VALUE!,,Fantasy Impact,125
748,Category: Transactions,#VALUE!,,Category,125
749,Diontae Johnson,#VALUE!,15,Player name,126
750,Diontae Johnson released by Cleveland Browns,#VALUE!,44,Headline / Summary,126
751,"Tue, Aug 26th 9:46am EDT",21,,Date,126
752,Diontae Johnson has been released by the Cleveland Browns. The former Steeler will now look to find a new home. (Source: Mike Garafolo on X),#VALUE!,140,Headline / Summary,126
753,"Fantasy Impact: Johnson appeared to be building some chemistry with the Cleveland QBs earlier this offseason, but the journeyman couldn’t make it stick. With the addition of Isaiah Bond and return of Cedric Tillman to the lineup alongside Jerry Jeudy, Johnson became the odd man out. His fantasy relevance has been extremely limited since his Carolina days, and it appears his off the field actions have something to do with him not finding a good fit. He’s a name worth monitoring, but his fantasy relevance is likely over.",#VALUE!,,Fantasy Impact,126
754,Category: Transactions,#VALUE!,,Category,126
755,Tommy DeVito,#VALUE!,12,Player name,127
756,Tommy DeVito released by New York Giants,#VALUE!,40,Headline / Summary,127
757,"Tue, Aug 26th 8:24am EDT",21,,Date,127
758,"Tommy DeVito has been released by the New York Giants. There were some trade talks happening behind the scenes before his release, so he might not be without a team for long. (Source: Mike Garafolo on X)",#VALUE!,203,Headline / Summary,127
759,"Fantasy Impact: Almost no matter where he goes, he’s going to be the second string backup at best, but likely a third string QB. He’s been a serviceable replacement, however, going 3-5 in his starts and completing 65% of his passes while keeping turnovers down.",#VALUE!,,Fantasy Impact,127
760,Category: Transactions,#VALUE!,,Category,127
761,Dan Skipper,#VALUE!,11,Player name,128
762,Dan Skipper released by Lions,#VALUE!,29,Headline / Summary,128
763,"Tue, Aug 26th 4:51am EDT",21,,Date,128
764,The Lions released OL Dan Skipper. (Source: Ari Meirov on Twitter),#VALUE!,66,Headline / Summary,128
765,Fantasy Impact: Skipper had re-signed with Detroit back in March. He'll likely seek a depth role with another team.,#VALUE!,,Fantasy Impact,128
766,Category: Transactions,#VALUE!,,Category,128
767,Tyrice Knight,#VALUE!,13,Player name,129
768,Tyrice Knight (knee) expected to be ready for Week 1,#VALUE!,52,Headline / Summary,129
769,"Tue, Aug 26th 4:50am EDT",21,,Date,129
770,Seahawks coach Mike Macdonald said he expects Tyrice Knight to be ready for the start of the season. (Source: Brian Nemhauser on Twitter),#VALUE!,137,Headline / Summary,129
771,Fantasy Impact: This confirms a report from last week. Knight has just under two weeks to get fully healthy.,#VALUE!,,Fantasy Impact,129
772,Category: Injury Updates,#VALUE!,,Category,129
773,Tory Horton,#VALUE!,11,Player name,130
774,Tory Horton expected to be available for Week 1,#VALUE!,47,Headline / Summary,130
775,"Tue, Aug 26th 4:48am EDT",21,,Date,130
776,Seahawks coach Mike Macdonald said he expects rookie WR Tory Horton to be available for Week 1. (Source: Brian Nemhauser on Twitter),#VALUE!,132,Headline / Summary,130
777,Fantasy Impact: Horton has been sidelined from practice since last week. He is competing for the WR3 role in Seattle.,#VALUE!,,Fantasy Impact,130
778,Category: Injury Updates,#VALUE!,,Category,130
779,Jake Bobo,#VALUE!,9,Player name,131
780,Jake Bobo placed in concussion protocol,#VALUE!,39,Headline / Summary,131
781,"Tue, Aug 26th 4:45am EDT",21,,Date,131
782,The Seahawks placed WR Jake Bobo in concussion protocol. (Source: Brian Nemhauser on Twitter),#VALUE!,93,Headline / Summary,131
783,Fantasy Impact: Bobo suffered the injury in the Seahawks preseason finale. He will just have under two weeks to clear the protocols ahead of the season opener.,#VALUE!,,Fantasy Impact,131
784,Category: Injury Updates,#VALUE!,,Category,131
785,Mike Morris,#VALUE!,11,Player name,132
786,Mike Morris placed in concussion protocol,#VALUE!,41,Headline / Summary,132
787,"Tue, Aug 26th 4:44am EDT",21,,Date,132
788,The Seahawks placed Mike Morris in concussion protocol. (Source: Brian Nemhauser on Twitter),#VALUE!,92,Headline / Summary,132
789,Fantasy Impact: Morris will just have under two weeks to clear the protocols ahead of the season opener.,#VALUE!,,Fantasy Impact,132
790,Category: Injury Updates,#VALUE!,,Category,132
791,Brenden Rice,#VALUE!,12,Player name,133
792,Brenden Rice released by Chargers,#VALUE!,33,Headline / Summary,133
793,"Tue, Aug 26th 4:41am EDT",21,,Date,133
794,The Chargers released WR Brenden Rice.,#VALUE!,38,Headline / Summary,133
795,Fantasy Impact: Rice is son of Hall of Famer Jerry Rice. He'll likely seek a depth role with another team.,#VALUE!,,Fantasy Impact,133
796,Category: Transactions,#VALUE!,,Category,133
797,Shane Buechele,#VALUE!,14,Player name,134
798,Shane Buechele waived by Bills,#VALUE!,30,Headline / Summary,134
799,"Tue, Aug 26th 4:40am EDT",21,,Date,134
800,The Bills waived QB Shane Buechele. (Source: Adam Schefter on Twitter),#VALUE!,70,Headline / Summary,134
801,"Fantasy Impact: Buechele completed 25-of-30 passes for 278 yards, a touchdown. He also added 20 rushing yards Saturday night. He'll seek another depth role.",#VALUE!,,Fantasy Impact,134
802,Category: Transactions,#VALUE!,,Category,134
803,Brennan Jackson,#VALUE!,15,Player name,135
804,Brennan Jackson released by Rams,#VALUE!,32,Headline / Summary,135
805,"Tue, Aug 26th 4:38am EDT",21,,Date,135
806,The Rams released LB Brennan Jackson. (Source: Adam Schefter on Twitter),#VALUE!,72,Headline / Summary,135
807,Fantasy Impact: Jackson was a round pick just last year. He was second in the NFL in sacks this preseason.,#VALUE!,,Fantasy Impact,135
808,Category: Transactions,#VALUE!,,Category,135
809,Jaylon Smith,#VALUE!,12,Player name,136
810,Jaylon Smith released by Raiders,#VALUE!,32,Headline / Summary,136
811,"Tue, Aug 26th 4:36am EDT",21,,Date,136
812,The Raiders released LB Jaylon Smith. (Source: Tom Pelissero on Twitter),#VALUE!,72,Headline / Summary,136
813,Fantasy Impact: Smith was one of four players released by Las Vegas on Monday. He'll likely seek another opportunity prior to the start of the season.,#VALUE!,,Fantasy Impact,136
814,Category: Transactions,#VALUE!,,Category,136
815,Marquez Callaway,#VALUE!,16,Player name,137
816,Marquez Callaway released by Raiders,#VALUE!,36,Headline / Summary,137
817,"Tue, Aug 26th 4:35am EDT",21,,Date,137
818,The Raiders released WR Marquez Callaway. (Source: Tom Pelissero on Twitter),#VALUE!,76,Headline / Summary,137
819,Fantasy Impact: Callaway was one of three wide receivers released by Las Vegas on Monday. He'll likely seek another opportunity prior to the start of the season.,#VALUE!,,Fantasy Impact,137
820,Category: Transactions,#VALUE!,,Category,137
821,Phillip Dorsett II,#VALUE!,18,Player name,138
822,Phillip Dorsett II released by Raiders,#VALUE!,38,Headline / Summary,138
823,"Tue, Aug 26th 4:34am EDT",21,,Date,138
824,The Raiders released WR Phillip Dorsett II. (Source: Tom Pelissero on Twitter),#VALUE!,78,Headline / Summary,138
825,Fantasy Impact: Dorsett was one of three wide receivers released by Las Vegas on Monday. He'll likely seek another opportunity prior to the start of the season.,#VALUE!,,Fantasy Impact,138
826,Category: Transactions,#VALUE!,,Category,138
827,Collin Johnson,#VALUE!,14,Player name,139
828,Collin Johnson released by Raiders,#VALUE!,34,Headline / Summary,139
829,"Tue, Aug 26th 4:33am EDT",21,,Date,139
830,The Raiders released WR Collin Johnson. (Source: Tom Pelissero on Twitter),#VALUE!,74,Headline / Summary,139
831,Fantasy Impact: Johnson was one of three wide receivers released by Las Vegas on Monday. He'll likely seek another opportunity prior to the start of the season.,#VALUE!,,Fantasy Impact,139
832,Category: Transactions,#VALUE!,,Category,139
833,Baylor Cupp,#VALUE!,11,Player name,140
834,Baylor Cupp waived by Ravens,#VALUE!,28,Headline / Summary,140
835,"Tue, Aug 26th 4:31am EDT",21,,Date,140
836,The Ravens waived TE Baylor Cupp. (Source: Jamison Hensley on Twitter),#VALUE!,70,Headline / Summary,140
837,Fantasy Impact: Cupping signed with the Ravens earlier in August. He was one of three players waived by Baltimore on Monday ahead of Tuesday's deadline for rosters to be cut down. He'll likely seek another opportunity before the season.,#VALUE!,,Fantasy Impact,140
838,Category: Transactions,#VALUE!,,Category,140
839,MJ Devonshire Jr.,#VALUE!,17,Player name,141
840,MJ Devonshire Jr. waived by Ravens,#VALUE!,34,Headline / Summary,141
841,"Tue, Aug 26th 4:29am EDT",21,,Date,141
842,The Ravens waived DB MJ Devonshire Jr. (Source: Jamison Hensley on Twitter),#VALUE!,75,Headline / Summary,141
843,Fantasy Impact: Devonshire was one of three players waived by Baltimore on Monday ahead of Tuesday's deadline for rosters to be cut down. He'll likely seek another opportunity before the season.,#VALUE!,,Fantasy Impact,141
844,Category: Transactions,#VALUE!,,Category,141
845,Reid Holskey,#VALUE!,12,Player name,142
846,Reid Holskey waived by Ravens,#VALUE!,29,Headline / Summary,142
847,"Tue, Aug 26th 4:28am EDT",21,,Date,142
848,The Ravens waived OT Reid Holskey. (Source: Jamison Hensley on Twitter),#VALUE!,71,Headline / Summary,142
849,Fantasy Impact: Holskey was one of three players waived by Baltimore on Monday ahead of Tuesday's deadline for rosters to be cut down. He'll likely seek another opportunity before the season.,#VALUE!,,Fantasy Impact,142
850,Category: Transactions,#VALUE!,,Category,142
851,Essang Bassey,#VALUE!,13,Player name,143
852,Essang Bassey released by Commanders,#VALUE!,36,Headline / Summary,143
853,"Tue, Aug 26th 4:26am EDT",21,,Date,143
854,The Commanders released DB Essang Bassey. (Source: Adam Schefter on Twitter),#VALUE!,76,Headline / Summary,143
855,Fantasy Impact: Bassey had signed with the Commanders earlier in August. He loses his roster spot with Washington ahead of Tuesday's deadline for rosters to be cut down to 53 players. He'll likely seek another opportunity.,#VALUE!,,Fantasy Impact,143
856,Category: Transactions,#VALUE!,,Category,143
857,Nick Harris,#VALUE!,11,Player name,144
858,Nick Harris released by Commanders,#VALUE!,34,Headline / Summary,144
859,"Tue, Aug 26th 4:24am EDT",21,,Date,144
860,The Commanders released C Nick Harris. (Source: Adam Schefter on Twitter),#VALUE!,73,Headline / Summary,144
861,Fantasy Impact: Harris signed with Washington just last week. He loses his roster spot with Washington ahead of Tuesday's deadline for rosters to be cut down to 53 players. He'll likely seek another opportunity.,#VALUE!,,Fantasy Impact,144
862,Category: Transactions,#VALUE!,,Category,144
863,Tyre Phillips,#VALUE!,13,Player name,145
864,Tyre Phillips released by Commanders,#VALUE!,36,Headline / Summary,145
865,"Tue, Aug 26th 4:23am EDT",21,,Date,145
866,The Commanders released T Tyre Phillips. (Source: Adam Schefter on Twitter),#VALUE!,75,Headline / Summary,145
867,Fantasy Impact: Phillips signed with Washington back in May. He loses his roster spot with Washington ahead of Tuesday's deadline for rosters to be cut down to 53 players. He'll likely seek another opportunity.,#VALUE!,,Fantasy Impact,145
868,Category: Transactions,#VALUE!,,Category,145
869,Norell Pollard,#VALUE!,14,Player name,146
870,Norell Pollard released by Commanders,#VALUE!,37,Headline / Summary,146
871,"Tue, Aug 26th 4:22am EDT",21,,Date,146
872,The Commanders released DT Norell Pollard. (Source: Adam Schefter on Twitter),#VALUE!,77,Headline / Summary,146
873,Fantasy Impact: Pollard loses his roster spot with Washington ahead of Tuesday's deadline for rosters to be cut down to 53 players. He'll likely seek another opportunity.,#VALUE!,,Fantasy Impact,146
874,Category: Transactions,#VALUE!,,Category,146
875,Braylon Sanders,#VALUE!,15,Player name,147
876,Braylon Sanders released by Commanders,#VALUE!,38,Headline / Summary,147
877,"Tue, Aug 26th 4:20am EDT",21,,Date,147
878,The Commanders released WR Braylon Sanders. (Source: Adam Schefter on Twitter),#VALUE!,78,Headline / Summary,147
879,Fantasy Impact: Sanders loses his roster spot with Washington ahead of Tuesday's deadline for rosters to be cut down to 53 players. He'll likely seek another opportunity.,#VALUE!,,Fantasy Impact,147
880,Category: Transactions,#VALUE!,,Category,147
881,Mitchell Agude,#VALUE!,14,Player name,148
882,Mitchell Agude released by Lions,#VALUE!,32,Headline / Summary,148
883,"Tue, Aug 26th 4:19am EDT",21,,Date,148
884,The Lions released LB Mitchell Agude. (Source: Adam Schefter on Twitter),#VALUE!,72,Headline / Summary,148
885,Fantasy Impact: Agude had signed with Detroit back in March. He'll likely seek another opportunity on a practice squad.,#VALUE!,,Fantasy Impact,148
886,Category: Transactions,#VALUE!,,Category,148
887,Jalen Milroe,#VALUE!,12,Player name,149
888,Jalen Milroe to have package of plays this season,#VALUE!,49,Headline / Summary,149
889,"Mon, Aug 25th 10:48pm EDT",22,,Date,149
890,Seahawks coach Mike Macdonald said Jalen Milroe will have a special set of plays in the game plan with the first-team offense this season. (Source: Bob Condotta on Twitter),#VALUE!,172,Headline / Summary,149
891,Fantasy Impact: Milroe was drafted by Seattle at the end of round three. Sam Darnold has the starring job locked up this year with Milroe potentially in the game in short-yardage situations. It'll be worth monitoring to see if he potentially takes some touchdowns at the goal line from Kenneth Walker.,#VALUE!,,Fantasy Impact,149
892,Mekhi Blackmon,#VALUE!,14,Player name,150
893,Mekhi Blackmon traded to Colts,#VALUE!,30,Headline / Summary,150
894,"Mon, Aug 25th 8:27pm EDT",21,,Date,150
895,The Vikings traded CB Mekhi Blackmon to the Colts for a 2026 sixth round pick. (Source: Adam Schefter on Twitter),#VALUE!,113,Headline / Summary,150
896,Fantasy Impact: It is another trade ahead of Tuesday when rosters need to be cut down. Blackmon will add depth in the secondary for the Colts.,#VALUE!,,Fantasy Impact,150
897,Category: Transactions,#VALUE!,,Category,150
898,Blake Watson,#VALUE!,12,Player name,151
899,Blake Watson waived by Broncos,#VALUE!,30,Headline / Summary,151
900,"Mon, Aug 25th 8:25pm EDT",21,,Date,151
901,The Broncos waived RB Blake Watson. (Source: Jeremy Fowler on Twitter),#VALUE!,70,Headline / Summary,151
902,"Fantasy Impact: Watson suffered a PCL strain last week, which will lead to an injury settlement with the team. He is expected to draw some interest on waivers.",#VALUE!,,Fantasy Impact,151
903,"Category: Injury Updates, Transactions",#VALUE!,,Category,151
904,DeAndre Carter,#VALUE!,14,Player name,152
905,DeAndre Carter released by Browns,#VALUE!,33,Headline / Summary,152
906,"Mon, Aug 25th 8:24pm EDT",21,,Date,152
907,The Browns released WR and return specialist DeAndre Carter. (Source: Jordan Schultz on Twitter),#VALUE!,96,Headline / Summary,152
908,Fantasy Impact: Carter signed a one-year deal with Cleveland back in March. He spent last season with the Bears.,#VALUE!,,Fantasy Impact,152
909,Category: Transactions,#VALUE!,,Category,152
910,Teddy Bridgewater,#VALUE!,17,Player name,153
911,Teddy Bridgewater named Buccaneers backup quarterback,#VALUE!,53,Headline / Summary,153
912,"Mon, Aug 25th 8:22pm EDT",21,,Date,153
913,Teddy Bridgewater won the backup quarterback job for the Buccaneers. (Source: Jeremy Fowler on Twitter),#VALUE!,103,Headline / Summary,153
914,Fantasy Impact: Bridgewater will enter the season backing up Baker Mayfield. He came out of retirement to sign with Tampa on August 5.,#VALUE!,,Fantasy Impact,153
915,Mike White,#VALUE!,10,Player name,154
916,Mike White released by Bills,#VALUE!,28,Headline / Summary,154
917,"Mon, Aug 25th 8:20pm EDT",21,,Date,154
918,The Bills released QB Mike White. (Source: Tom Pelissero on Twitter),#VALUE!,68,Headline / Summary,154
919,Fantasy Impact: White spent last season on the Bills practice squad. He should get another opportunity on a team's practice squad.,#VALUE!,,Fantasy Impact,154
920,Category: Transactions,#VALUE!,,Category,154
921,Kyle Trask,#VALUE!,10,Player name,155
922,Kyle Trask released by Buccaneers,#VALUE!,33,Headline / Summary,155
923,"Mon, Aug 25th 8:19pm EDT",21,,Date,155
924,The Buccaneers released QB Kyle Trask. (Source: Jeremy Fowler on Twitter),#VALUE!,73,Headline / Summary,155
925,"Fantasy Impact: Trask was competing with Teddy Bridgewater for backup quarterback battle. He will revert to IR with a shoulder issue, then work out a settlement or release soon and look for a new team.",#VALUE!,,Fantasy Impact,155
926,"Category: Injury Updates, Transactions",#VALUE!,,Category,155
927,Jackson Meeks,#VALUE!,13,Player name,156
928,Jackson Meeks waived by Lions,#VALUE!,29,Headline / Summary,156
929,"Mon, Aug 25th 8:17pm EDT",21,,Date,156
930,The Lions waived WR Jackson Meeks. (Source: Nolan Bianchi on Twitter),#VALUE!,69,Headline / Summary,156
931,Fantasy Impact: Meeks is expected to re-sign with the Lions practice squad if he doesn't get claimed on waivers.,#VALUE!,,Fantasy Impact,156
932,Category: Transactions,#VALUE!,,Category,156
933,Kenny Pickett,#VALUE!,13,Player name,157
934,Kenny Pickett traded to Raiders,#VALUE!,31,Headline / Summary,157
935,"Mon, Aug 25th 8:07pm EDT",21,,Date,157
936,The Browns are trading QB Kenny Pickett to the Las Vegas Raiders. (Source: Adam Schefter on Twitter),#VALUE!,100,Headline / Summary,157
937,Fantasy Impact: Las Vegas needed a backup quarterback after losing Aidan O'Connell for 6-to-8 weeks. Dillon Gabriel and Shedeur Sanders will enter the season behind Joe Flacco in the Browns quarterback room.,#VALUE!,,Fantasy Impact,157
938,Category: Transactions,#VALUE!,,Category,157
939,Audric Estime,#VALUE!,13,Player name,158
940,Audric Estime waived by Broncos,#VALUE!,31,Headline / Summary,158
941,"Mon, Aug 25th 6:28pm EDT",21,,Date,158
942,The Broncos waived RB Audric Estime. (Source: Mike Klis on Twitter),#VALUE!,67,Headline / Summary,158
943,Fantasy Impact: Estime was unable to earn a depth role in the Broncos backfield. He could draw some interest on waivers.,#VALUE!,,Fantasy Impact,158
944,Category: Transactions,#VALUE!,,Category,158
945,Amari Cooper,#VALUE!,12,Player name,159
946,Amari Cooper signs one-year deal with Raiders,#VALUE!,45,Headline / Summary,159
947,"Mon, Aug 25th 5:45pm EDT",21,,Date,159
948,The Raiders signed free agent WR Amari Cooper to a one-year contract. (Source: Jordan Schultz on Twitter),#VALUE!,105,Headline / Summary,159
949,"Fantasy Impact: Cooper lands in Las Vegas on the same day Jakobi Meyers requested a trade. He is on the older side, but he still enters a favorable situation in a shallow Raiders wide receiver room, especially if Meyers is traded.",#VALUE!,,Fantasy Impact,159
950,Category: Transactions,#VALUE!,,Category,159
951,Trey Hendrickson,#VALUE!,16,Player name,160
952,"Trey Hendrickson ends holdout, agrees to pay raise with Bengals",#VALUE!,63,Headline / Summary,160
953,"Mon, Aug 25th 5:28pm EDT",21,,Date,160
954,Trey Hendrickson and the Bengals reached agreement on a $14 million raise for this season. (Source: Adam Schefter on Twitter),#VALUE!,125,Headline / Summary,160
955,Fantasy Impact: Hendrickson will officially end his holdout. The agreement will boost his 2025 salary to $30 million dollars. He is still scheduled to become an unrestricted free agent after this season.,#VALUE!,,Fantasy Impact,160
956,Category: Transactions,#VALUE!,,Category,160
957,Mark Andrews,#VALUE!,12,Player name,161
958,Mark Andrews expected to return to practice next week,#VALUE!,53,Headline / Summary,161
959,"Mon, Aug 25th 4:51pm EDT",21,,Date,161
960,Ravens coach John Harbaugh said he expects Mark Andrews to return to practice next week. (Source: Jamison Hensley on Twitter),#VALUE!,125,Headline / Summary,161
961,Fantasy Impact: Andrews has been sidelined from practice since last week. He should have enough time to be ready for the season opener against the Bills.,#VALUE!,,Fantasy Impact,161
962,Category: Injury Updates,#VALUE!,,Category,161
963,Jaylen Wright,#VALUE!,13,Player name,162
964,Jaylen Wright not expected to be available Week 1,#VALUE!,49,Headline / Summary,162
965,"Mon, Aug 25th 4:50pm EDT",21,,Date,162
966,Dolphins coach Mike McDaniel said he doesn’t expect Dolphins RB Jaylen Wright to be available for Week 1. (Source: Marcel Louis-Jacques on Twitter),#VALUE!,147,Headline / Summary,162
967,Fantasy Impact: It is not expected to be a long absence for Wright. It will be rookie Ollie Gordon as the backup in the Dolphins backfield to open the season.,#VALUE!,,Fantasy Impact,162
968,Category: Injury Updates,#VALUE!,,Category,162
969,Darren Waller,#VALUE!,13,Player name,163
970,Darren Waller to ramp up in practice this week,#VALUE!,46,Headline / Summary,163
971,"Mon, Aug 25th 4:47pm EDT",21,,Date,163
972,Dolphins coach Mike McDaniel said Darren Waller is expected to ramp up this week in practice. (Source: Marcel Louis-Jacques on Twitter),#VALUE!,135,Headline / Summary,163
973,Fantasy Impact: It is the second week off the PUP list for Waller. He should be available for the start of the season. His exact role remains unclear.,#VALUE!,,Fantasy Impact,163
974,McTelvin Agim,#VALUE!,13,Player name,164
975,McTelvin Agim released by Bengals,#VALUE!,33,Headline / Summary,164
976,"Mon, Aug 25th 4:45pm EDT",21,,Date,164
977,The Bengals released veteran DT McTelvin Agim. (Source: Around the NFL on Twitter),#VALUE!,82,Headline / Summary,164
978,Fantasy Impact: Agim signed with the Bengals back in July. He'll likely seek another opportunity ahead of the season.,#VALUE!,,Fantasy Impact,164
979,Category: Transactions,#VALUE!,,Category,164
980,Anthony Pittman,#VALUE!,15,Player name,165
981,Anthony Pittman released by Lions,#VALUE!,33,Headline / Summary,165
982,"Mon, Aug 25th 4:43pm EDT",21,,Date,165
983,The Lions released Anthony Pittman. (Source: Dave Birkett on Twitter),#VALUE!,69,Headline / Summary,165
984,Fantasy Impact: Lions coachDan Campbell mentioned Pittman's story earlier as an example of someone teams my let go and then need later in the year. He should eventually get another opportunity.,#VALUE!,,Fantasy Impact,165
985,Category: Transactions,#VALUE!,,Category,165
986,John Wolford,#VALUE!,12,Player name,166
987,John Wolford released by Jaguars,#VALUE!,32,Headline / Summary,166
988,"Mon, Aug 25th 4:41pm EDT",21,,Date,166
989,The Jaguars released QB John Wolford. (Source: Jeremy Fowler on Twitter),#VALUE!,72,Headline / Summary,166
990,Fantasy Impact: Wolford will likely seek a depth role with another team.,#VALUE!,,Fantasy Impact,166
991,Category: Transactions,#VALUE!,,Category,166
992,Michael Gallup,#VALUE!,14,Player name,167
993,Michael Gallup released by Commanders,#VALUE!,37,Headline / Summary,167
994,"Mon, Aug 25th 4:38pm EDT",21,,Date,167
995,The Washington Commanders released WR Michael Gallup. (Source: Adam Schefter on Twitter),#VALUE!,88,Headline / Summary,167
996,Fantasy Impact: Gallup had signed with Washington earlier in the offseason. He figures to likely seek another opportunity.,#VALUE!,,Fantasy Impact,167
997,Category: Transactions,#VALUE!,,Category,167
998,Joe Mixon,#VALUE!,9,Player name,168
999,Joe Mixon (foot) will open season on NFI list,#VALUE!,45,Headline / Summary,168
1000,"Mon, Aug 25th 4:18pm EDT",21,,Date,168
1001,The Houston Texans are not elevating running back Joe Mixon from the non-football injury (NFI) list ahead of the start of the season. He will miss at least the first four games. (Source: Houston Texans on Twitter),#VALUE!,213,Headline / Summary,168
1002,"Fantasy Impact: Mixon has been dealing with a bit of a mysterious foot injury; there have been very few details about the nature and severity of his injury, and reports have been conflicting. The drumbeat seemed to indicate he would not be ready for Week 1, and with him starting the season on the NFI, he will not be eligible to return to practice or games until after the team's fourth game. The starting job will likely come between Nick Chubb and Dameon Pierce, with rookie Woody Marks and Dare Ogunbowale potentially getting passing-down work.",#VALUE!,,Fantasy Impact,168
1003,"Category: Injury Updates, Transactions",#VALUE!,,Category,168
1004,Bailey Zappe,#VALUE!,12,Player name,169
1005,Bailey Zappe waived by Chiefs,#VALUE!,29,Headline / Summary,169
1006,"Mon, Aug 25th 4:11pm EDT",21,,Date,169
1007,The Kansas City Chiefs are waiving quarterback Bailey Zappe ahead of the 53-man roster deadline. (Source: Tom Pelissero on Twitter),#VALUE!,131,Headline / Summary,169
1008,"Fantasy Impact: Zappe is not a typical fourth-round pick in terms of NFL opportunity and college production. After a record-breaking senior season at Western Kentucky, he ended up starting six games in his first two seasons in New England, playing alongside Mac Jones. He started one game in Cleveland in 2024 before heading to Kansas City this offseason. He could return to their practice squad as the emergency third quarterback.",#VALUE!,,Fantasy Impact,169
1009,Category: Transactions,#VALUE!,,Category,169
1010,Hendon Hooker,#VALUE!,13,Player name,170
1011,Hendon Hooker waived by Detroit Lions,#VALUE!,37,Headline / Summary,170
1012,"Mon, Aug 25th 4:07pm EDT",21,,Date,170
1013,The Detroit Lions are waiving third-year quarterback Hendon Hooker ahead of the 53-man roster deadline. (Source: Jordan Schultz on Twitter),#VALUE!,139,Headline / Summary,170
1014,"Fantasy Impact: Hooker was a third-round selection out of Tennessee, but he never got much opportunity in the NFL playing behind Jared Goff and missing his rookie season due to injury. However, he did struggle in the preseason and has dealt with health concerns. At 27 years old, he's not as young as other third-year players but could find a new opportunity elsewhere as a QB2.",#VALUE!,,Fantasy Impact,170
1015,Category: Transactions,#VALUE!,,Category,170
1016,Jaydon Blue,#VALUE!,11,Player name,171
1017,Jaydon Blue (ankle) practicing Monday,#VALUE!,37,Headline / Summary,171
1018,"Mon, Aug 25th 3:28pm EDT",21,,Date,171
1019,Jaydon Blue (ankle) is practicing for the Cowboys on Monday. (Source: Nick Harris on Twitter),#VALUE!,93,Headline / Summary,171
1020,"Fantasy Impact: The rookie running back recently suffered a low-ankle sprain, but it doesn't seem to be a serious issue and he was able to participate at practice on Monday. His status for Week 1 has yet to be determined officially, but this is a good sign that he will be ready to make his season debut in the NFL's season opener on September 4th.",#VALUE!,,Fantasy Impact,171
1021,Category: Injury Updates,#VALUE!,,Category,171
1022,Matthew Stafford,#VALUE!,16,Player name,172
1023,Matthew Stafford (back) practices in full again Monday,#VALUE!,54,Headline / Summary,172
1024,"Mon, Aug 25th 3:26pm EDT",21,,Date,172
1025,Matthew Stafford (back) was a full participant at practice again on Monday. (Source: Stu Jackson on Twitter),#VALUE!,108,Headline / Summary,172
1026,"Fantasy Impact: The veteran quarterback was able to log another full practice session on Monday, despite still dealing with the lingering effects of a persistent back issue. Him stringing together full practices is a great sign that he will be ready to go for the season opener, barring any setbacks in his recovery.",#VALUE!,,Fantasy Impact,172
1027,Category: Injury Updates,#VALUE!,,Category,172
1028,Jakobi Meyers,#VALUE!,13,Player name,173
1029,Jakobi Meyers requests trade from Raiders,#VALUE!,41,Headline / Summary,173
1030,"Mon, Aug 25th 3:22pm EDT",21,,Date,173
1031,Jakobi Meyers has officially requested a trade from the Raiders. (Source: Ian Rapoport on Twitter),#VALUE!,98,Headline / Summary,173
1032,"Fantasy Impact: It is being reported that the veteran wide receiver recently met with team officials and requested to be traded. This dispute appears to be contract related, as they were not able to agree to terms on a new deal. The team reportedly has no plans to trade Meyers, but it remains to be seen whether or not that will lead to a holdout or a new contract for him. Fantasy managers should keep close tabs on this situation with Las Vegas' opening game less than two weeks away, as any holdout would knock him off of draft boards entirely and hurt the safety of QB Geno Smith as well as the Raiders' offense as a whole.",#VALUE!,,Fantasy Impact,173
1033,Category: Rumors,#VALUE!,,Category,173
1034,Pharaoh Brown,#VALUE!,13,Player name,174
1035,Pharaoh Brown released by Dolphins,#VALUE!,34,Headline / Summary,174
1036,"Mon, Aug 25th 2:03pm EDT",21,,Date,174
1037,The Dolphins released TE Pharaoh Brown. (Source: Barry Jackson on Twitter),#VALUE!,74,Headline / Summary,174
1038,Fantasy Impact: Brown had signed with Miami back in March. He'll likely seek a depth role with another team prior to the start of the season.,#VALUE!,,Fantasy Impact,174
1039,Category: Transactions,#VALUE!,,Category,174
1040,Isaiah Davis,#VALUE!,12,Player name,175
1041,Isaiah Davis (knee) on track to be available Week 1,#VALUE!,51,Headline / Summary,175
1042,"Mon, Aug 25th 2:01pm EDT",21,,Date,175
1043,Jets coach Aaron Glenn said Isaiah Davis is on track to be available for Week 1. (Source: Rich Cimini on Twitter),#VALUE!,113,Headline / Summary,175
1044,Fantasy Impact: Davis is expected to enter the season in a depth role in the Jets backfield.,#VALUE!,,Fantasy Impact,175
1045,Category: Injury Updates,#VALUE!,,Category,175
1046,Tyrod Taylor,#VALUE!,12,Player name,176
1047,Tyrod Taylor (knee) on track to be available for Week 1,#VALUE!,55,Headline / Summary,176
1048,"Mon, Aug 25th 2:00pm EDT",21,,Date,176
1049,Jets coach Aaron Glenn said Tyrod Taylor is on track to be available for Week 1. (Source: Rich Cimini on Twitter),#VALUE!,113,Headline / Summary,176
1050,Fantasy Impact: Taylor underwent a knee procedure earlier in August. He is expected to enter the season as the backup for Justin Fields.,#VALUE!,,Fantasy Impact,176
1051,Category: Injury Updates,#VALUE!,,Category,176
1052,Sauce Gardner,#VALUE!,13,Player name,177
1053,Sauce Gardner (calf) on track to be available Week 1,#VALUE!,52,Headline / Summary,177
1054,"Mon, Aug 25th 1:58pm EDT",21,,Date,177
1055,Jets coach Aaron Glenn said Sauce Gardner is on track to be available for Week 1. (Source: Rich Cimini on Twitter),#VALUE!,114,Headline / Summary,177
1056,Fantasy Impact: Gardner has missed the past couple of weeks of practice. He'll have just under two more weeks to get fully healthy before the start of the season.,#VALUE!,,Fantasy Impact,177
1057,Category: Injury Updates,#VALUE!,,Category,177
1058,Lamar Jackson,#VALUE!,13,Player name,178
1059,Lamar Jackson (foot) officially returns to practice Monday,#VALUE!,58,Headline / Summary,178
1060,"Mon, Aug 25th 1:56pm EDT",21,,Date,178
1061,Lamar Jackson was officially back at practice with the Ravens on Monday. (Source: Jeff Zrebiec on Twitter),#VALUE!,106,Headline / Summary,178
1062,Fantasy Impact: Jackson recently injured his foot after it was stepped on. He remains on track to be fully healthy for the start of the season.,#VALUE!,,Fantasy Impact,178
1063,Category: Injury Updates,#VALUE!,,Category,178
1064,Kyle McCord,#VALUE!,11,Player name,179
1065,Kyle McCord released by Eagles,#VALUE!,30,Headline / Summary,179
1066,"Mon, Aug 25th 1:54pm EDT",21,,Date,179
1067,The Eagles released QB Kyle McCord. (Source: Jordan Schultz on Twitter),#VALUE!,71,Headline / Summary,179
1068,Fantasy Impact: McCord was a sixth round pick of the Eagles this year. He'll look to land a depth role with another team.,#VALUE!,,Fantasy Impact,179
1069,Category: Transactions,#VALUE!,,Category,179
1070,Will Howard,#VALUE!,11,Player name,180
1071,Will Howard (hand) to start to 'ramp up shortly',#VALUE!,48,Headline / Summary,180
1072,"Mon, Aug 25th 1:52pm EDT",21,,Date,180
1073,Steelers coach Mike Tomlin said Will Howard has received positive updates from hand specialists and they are starting to ramp him up shortly. (Source: Nick Farabaugh on Twitter),#VALUE!,177,Headline / Summary,180
1074,Fantasy Impact: Howard has been sidelined with a hand injury the past few weeks. He is expected to return to full team work at practice soon.,#VALUE!,,Fantasy Impact,180
1075,Category: Injury Updates,#VALUE!,,Category,180
1076,Nick Herbig,#VALUE!,11,Player name,181
1077,Nick Herbig (hamstring) status unclear for Week 1,#VALUE!,49,Headline / Summary,181
1078,"Mon, Aug 25th 1:47pm EDT",21,,Date,181
1079,Steelers coach Mike Tomlin said the team isn't sure yet if Nick Herbig will be ready for Week 1. (Source: Nick Farabaugh on Twitter),#VALUE!,132,Headline / Summary,181
1080,Fantasy Impact: Herbig went down with a hamstring injury in the Steelers preseason opener. He'll have just under two more weeks to get fully healthy for the start of the season.,#VALUE!,,Fantasy Impact,181
1081,Category: Injury Updates,#VALUE!,,Category,181
1082,Allen Lazard,#VALUE!,12,Player name,182
1083,Allen Lazard (shoulder) on track to be ready for Week 1,#VALUE!,55,Headline / Summary,182
1084,"Mon, Aug 25th 1:43pm EDT",21,,Date,182
1085,Allen Lazard said he is on track to be healthy for the start of the season. (Source: Pro Football Talk on Twitter),#VALUE!,114,Headline / Summary,182
1086,Fantasy Impact: Lazard has been absent from practice at training camp the past couple of weeks. He'll have just under two more weeks to get fully healthy.,#VALUE!,,Fantasy Impact,182
1087,Category: Injury Updates,#VALUE!,,Category,182
1088,Kenyon Green,#VALUE!,12,Player name,183
1089,Kenyon Green waived by Eagles,#VALUE!,29,Headline / Summary,183
1090,"Mon, Aug 25th 1:41pm EDT",21,,Date,183
1091,The Eagles waived G Kenyon Green. (Source: Ari Meirov on Twitter),#VALUE!,65,Headline / Summary,183
1092,Fantasy Impact: Green was part of the C.J. Gardner-Johnson trade. He should draw some interest on waivers.,#VALUE!,,Fantasy Impact,183
1093,Category: Transactions,#VALUE!,,Category,183
1094,Grant DuBose,#VALUE!,12,Player name,184
1095,Grant DuBose waived by Bills,#VALUE!,28,Headline / Summary,184
1096,"Mon, Aug 25th 12:14pm EDT",22,,Date,184
1097,The Bills waived/injured WR Grant DuBose. (Source: Adam Schefter on Twitter),#VALUE!,76,Headline / Summary,184
1098,"Fantasy Impact: If DuBose goes unclaimed on waivers, he'll revert back to IR with Buffalo.",#VALUE!,,Fantasy Impact,184
1099,"Category: Injury Updates, Transactions",#VALUE!,,Category,184
1100,Elijah Young,#VALUE!,12,Player name,185
1101,Elijah Young released by Bills,#VALUE!,30,Headline / Summary,185
1102,"Mon, Aug 25th 12:13pm EDT",22,,Date,185
1103,The Bills released RB Elijah Young. (Source: Adam Schefter on Twitter),#VALUE!,70,Headline / Summary,185
1104,Fantasy Impact: Young was one of six players released by Buffalo with rosters needing to be cut down. He could seek another opportunity on a practice squad.,#VALUE!,,Fantasy Impact,185
1105,Category: Transactions,#VALUE!,,Category,185
1106,Matt Sokol,#VALUE!,10,Player name,186
1107,Matt Sokol released by Bills,#VALUE!,28,Headline / Summary,186
1108,"Mon, Aug 25th 12:12pm EDT",22,,Date,186
1109,The Bills released TE Matt Sokol. (Source: Adam Schefter on Twitter),#VALUE!,68,Headline / Summary,186
1110,Fantasy Impact: Sokol was one of six players released by Buffalo with rosters needing to be cut down. He could seek another opportunity on a practice squad.,#VALUE!,,Fantasy Impact,186
1111,Category: Transactions,#VALUE!,,Category,186
1112,Rush Reimer,#VALUE!,11,Player name,187
1113,Rush Reimer released by Bills,#VALUE!,29,Headline / Summary,187
1114,"Mon, Aug 25th 12:11pm EDT",22,,Date,187
1115,The Bills released OL Rush Reimer. (Source: Adam Schefter on Twitter),#VALUE!,69,Headline / Summary,187
1116,Fantasy Impact: Reimer was one of six players released by Buffalo with rosters needing to be cut down. He could seek another opportunity on a practice squad.,#VALUE!,,Fantasy Impact,187
1117,Category: Transactions,#VALUE!,,Category,187
1118,Garnett Hollis Jr.,#VALUE!,18,Player name,188
1119,Garnett Hollis Jr. released by Bills,#VALUE!,36,Headline / Summary,188
1120,"Mon, Aug 25th 12:09pm EDT",22,,Date,188
1121,The Bills released DB Garnett Hollis Jr. (Source: Adam Schefter on Twitter),#VALUE!,75,Headline / Summary,188
1122,Fantasy Impact: Hollis was one of six players released by Buffalo with rosters needing to be cut down. He could seek another opportunity on a practice squad.,#VALUE!,,Fantasy Impact,188
1123,Category: Transactions,#VALUE!,,Category,188
1124,Nelson Ceaser,#VALUE!,13,Player name,189
1125,Nelson Ceaser released by Bills,#VALUE!,31,Headline / Summary,189
1126,"Mon, Aug 25th 12:08pm EDT",22,,Date,189
1127,The Bills released DE Nelson Ceaser. (Source: Adam Schefter on Twitter),#VALUE!,71,Headline / Summary,189
1128,Fantasy Impact: Ceaser was one of six players released by Buffalo with rosters needing to be cut down. He could seek another opportunity on a practice squad.,#VALUE!,,Fantasy Impact,189
1129,Category: Transactions,#VALUE!,,Category,189
1130,Zy Alexander,#VALUE!,12,Player name,190
1131,Zy Alexander released by Bills,#VALUE!,30,Headline / Summary,190
1132,"Mon, Aug 25th 12:07pm EDT",22,,Date,190
1133,The Bills released DB Zy Alexander. (Source: Adam Schefter on Twitter),#VALUE!,70,Headline / Summary,190
1134,Fantasy Impact: Alexander was one of six players released by Buffalo with rosters needing to be cut down. He could seek another opportunity on a practice squad.,#VALUE!,,Fantasy Impact,190
1135,Category: Transactions,#VALUE!,,Category,190
1136,Terry McLaurin,#VALUE!,14,Player name,191
1137,Terry McLaurin signs 3-year deal with Commanders,#VALUE!,48,Headline / Summary,191
1138,"Mon, Aug 25th 11:38am EDT",22,,Date,191
1139,"The Washington Commanders and wide receiver Terry McLaurin have agreed on a three-year contract worth over $96 million, ending his offseason hold-in. (Source: Jordan Schultz on Twitter)",#VALUE!,185,Headline / Summary,191
1140,"Fantasy Impact: McLaurin is coming off his second career Pro Bowl and his fifth straight 1,000-yard season. Playing alongside a rookie Jayden Daniels, he set career-highs in touchdowns (13) and catch rate (70.1%). As the situation dragged on, there was concern it may not be resolved before the start of the season, but now McLaurin should be ready for Week 1 to deliver on his fantasy value, assuming he is not hampered by a slow start or his ankle injury.",#VALUE!,,Fantasy Impact,191
1141,Category: Transactions,#VALUE!,,Category,191
1142,Cam Akers,#VALUE!,9,Player name,192
1143,Cam Akers released by Saints,#VALUE!,28,Headline / Summary,192
1144,"Mon, Aug 25th 11:33am EDT",22,,Date,192
1145,New Orleans Saints running back Cam Akers is being released by the team ahead of the 53-man roster deadline. (Source: Tom Pelissero on Twitter),#VALUE!,143,Headline / Summary,192
1146,"Fantasy Impact: Akers spent the 2024 season with the Houston Texans and Minnesota Vikings, being traded midseason to the Vikings for the second time in his career. He started two games in Houston and had 444 rushing yards. Akers will likely land somewhere, either on a practice squad or a midseason signing.",#VALUE!,,Fantasy Impact,192
1147,Category: Transactions,#VALUE!,,Category,192
1148,TJ Moore,#VALUE!,8,Player name,193
1149,TJ Moore (leg) placed on IR,#VALUE!,27,Headline / Summary,193
1150,"Mon, Aug 25th 3:55am EDT",21,,Date,193
1151,The Giants placed CB TJ Moore on injured reserve. (Source: New York Giants on Twitter),#VALUE!,86,Headline / Summary,193
1152,Fantasy Impact: Moore suffered a leg injury late in Thursday's preseason finale. He had recorded a pick-six prior to the injury.,#VALUE!,,Fantasy Impact,193
1153,Category: Injury Updates,#VALUE!,,Category,193
1154,K'Von Wallace,#VALUE!,13,Player name,194
1155,K'Von Wallace released by Giants,#VALUE!,32,Headline / Summary,194
1156,"Mon, Aug 25th 3:53am EDT",21,,Date,194
1157,The Giants released S K'Von Wallace. (Source: New York Giants on Twitter),#VALUE!,73,Headline / Summary,194
1158,Fantasy Impact: Wallace had signed a deal back in July with the Giants. He'll likely seek another opportunity ahead of the start of the season.,#VALUE!,,Fantasy Impact,194
1159,Category: Transactions,#VALUE!,,Category,194
1160,Blake Whiteheart,#VALUE!,16,Player name,195
1161,Blake Whiteheart (knee) could be available Week 1,#VALUE!,49,Headline / Summary,195
1162,"Mon, Aug 25th 3:51am EDT",21,,Date,195
1163,Browns coach Kevin Stefanski said TE Blake Whiteheart could be available for the start of the season. (Source: Mary Kay Cabot on Twitter),#VALUE!,137,Headline / Summary,195
1164,Fantasy Impact: Whitehead has been sidelined during training camp due to a knee injury. He'll have two weeks to get fully healthy prior to the start of the season.,#VALUE!,,Fantasy Impact,195
1165,Category: Injury Updates,#VALUE!,,Category,195
1166,Ethan Pocic,#VALUE!,11,Player name,196
1167,Ethan Pocic (knee) could be available Week 1,#VALUE!,44,Headline / Summary,196
1168,"Mon, Aug 25th 3:50am EDT",21,,Date,196
1169,Browns coach Kevin Stefanski said Ethan Pocic could be available for the start of the season . (Source: Mary Kay Cabot on Twitter),#VALUE!,130,Headline / Summary,196
1170,Fantasy Impact: Pocic has been sidelined during training camp due to a knee injury. He'll have two weeks to get fully healthy prior to the start of the season.,#VALUE!,,Fantasy Impact,196
1171,Category: Injury Updates,#VALUE!,,Category,196
1172,Carter Warren,#VALUE!,13,Player name,197
1173,Carter Warren could be on trade block,#VALUE!,37,Headline / Summary,197
1174,"Mon, Aug 25th 3:47am EDT",21,,Date,197
1175,Carter Warren reportedly could be on the trade block with the Jets. (Source: Jeremy Fowler on Twitter),#VALUE!,102,Headline / Summary,197
1176,Fantasy Impact: We have seen several trades of offensive lineman and the Jets have the depth to make a move. This will be a situation to monitor.,#VALUE!,,Fantasy Impact,197
1177,Category: Rumors,#VALUE!,,Category,197
1178,Patrick Murtagh,#VALUE!,15,Player name,198
1179,Patrick Murtagh signs with Broncos,#VALUE!,34,Headline / Summary,198
1180,"Fri, Aug 29th 4:50am EDT",21,,Date,198
1181,The Broncos signed TE Patrick Murtagh to their practice squad. (Source: Zac Stevens on Twitter),#VALUE!,95,Headline / Summary,198
1182,Fantasy Impact: The move was made with the international exemption. Murtagh will add depth to the tight end room for Denver.,#VALUE!,,Fantasy Impact,198
1183,Category: Transactions,#VALUE!,,Category,198
1184,Tyler Scott,#VALUE!,11,Player name,199
1185,Tyler Scott signs with Colts practice squad,#VALUE!,43,Headline / Summary,199
1186,"Fri, Aug 29th 4:48am EDT",21,,Date,199
1187,The Colts signed WR Tyler Scott to their practice squad. (Source: Mike Chappell on Twitter),#VALUE!,91,Headline / Summary,199
1188,Fantasy Impact: Scott was waived by the Bears earlier this week. He will add depth for the Colts in their wide receiver room. He was one of two players added to their practice squad.,#VALUE!,,Fantasy Impact,199
1189,Category: Transactions,#VALUE!,,Category,199
1190,Ben Nikkel,#VALUE!,10,Player name,200
1191,Ben Nikkel signs with Colts practice squad,#VALUE!,42,Headline / Summary,200
1192,"Fri, Aug 29th 4:47am EDT",21,,Date,200
1193,The Colts signed S Ben Nikkel to their practice squad. (Source: Mike Chappell on Twitter),#VALUE!,89,Headline / Summary,200
1194,Fantasy Impact: Nikkel will add depth for the Colts in their secondary. He was one of two players added to their practice squad.,#VALUE!,,Fantasy Impact,200
1195,Category: Transactions,#VALUE!,,Category,200
1196,Tyler Kahmann,#VALUE!,13,Player name,201
1197,Tyler Kahmann released by Colts,#VALUE!,31,Headline / Summary,201
1198,"Fri, Aug 29th 4:45am EDT",21,,Date,201
1199,The Colts released WR Tyler Kahmann. (Source: Mike Chappell on Twitter),#VALUE!,71,Headline / Summary,201
1200,Fantasy Impact: Kahmann loses his roster spot with one week till the season. He'll likely seek another opportunity on a practice squad.,#VALUE!,,Fantasy Impact,201
1201,Category: Transactions,#VALUE!,,Category,201
1202,Kedon Slovis,#VALUE!,12,Player name,202
1203,Kedon Slovis signs with Cardinals,#VALUE!,33,Headline / Summary,202
1204,"Fri, Aug 29th 4:43am EDT",21,,Date,202
1205,The Cardinals signed QB Kedon Slovis to their practice squad. (Source: Around the NFL on Twitter),#VALUE!,97,Headline / Summary,202
1206,Fantasy Impact: Slovis enters the season adding more depth in the quarterback room for Arizona.,#VALUE!,,Fantasy Impact,202
1207,Category: Transactions,#VALUE!,,Category,202
1208,Richie Grant,#VALUE!,12,Player name,203
1209,Richie Grant released by 49ers,#VALUE!,30,Headline / Summary,203
1210,"Fri, Aug 29th 4:41am EDT",21,,Date,203
1211,The 49ers released S Richie Grant. (Source: Nick Wagoner on Twitter),#VALUE!,68,Headline / Summary,203
1212,Fantasy Impact: Grant loses his roster spot with the season one week away. The 49ers brought back Russell Gage as the corresponding move with their wide receiver banged up.,#VALUE!,,Fantasy Impact,203
1213,Category: Transactions,#VALUE!,,Category,203
1214,Chuck Clark,#VALUE!,11,Player name,204
1215,Chuck Clark signs with Steelers,#VALUE!,31,Headline / Summary,204
1216,"Fri, Aug 29th 4:39am EDT",21,,Date,204
1217,The Steelers signed S Chuck Clark. (Source: Adam Schefter on Twitter),#VALUE!,69,Headline / Summary,204
1218,Fantasy Impact: Clark is added to the Steelers active roster with the season just over one week away. He'll add depth on the offensive line for then.,#VALUE!,,Fantasy Impact,204
1219,Category: Transactions,#VALUE!,,Category,204
1220,Max Scharping,#VALUE!,13,Player name,205
1221,Max Scharping signs with Steelers,#VALUE!,33,Headline / Summary,205
1222,"Fri, Aug 29th 4:38am EDT",21,,Date,205
1223,The Steelers signed OL Max Scharping. (Source: Adam Schefter on Twitter),#VALUE!,72,Headline / Summary,205
1224,Fantasy Impact: Scharping is added to the Steelers active roster with the season just over one week away. He'll add depth on the offensive line for then.,#VALUE!,,Fantasy Impact,205
1225,Category: Transactions,#VALUE!,,Category,205
1226,Donte Kent,#VALUE!,10,Player name,206
1227,Donte Kent placed on IR,#VALUE!,23,Headline / Summary,206
1228,"Fri, Aug 29th 4:37am EDT",21,,Date,206
1229,The Steelers placed CB Donte Kent on injured reserve. (Source: Adam Schefter on Twitter),#VALUE!,88,Headline / Summary,206
1230,Fantasy Impact: Kent won't be ready for the start of the season for Pittsburgh.,#VALUE!,,Fantasy Impact,206
1231,Category: Injury Updates,#VALUE!,,Category,206
1232,Luke Felix-Fualalo,#VALUE!,18,Player name,207
1233,Luke Felix-Fualalo signs with Eagles practice squad,#VALUE!,51,Headline / Summary,207
1234,"Fri, Aug 29th 4:33am EDT",21,,Date,207
1235,The Eagles signed T Luke Felix-Fualalo to their practice squad. (Source: Zach Berman on Twitter),#VALUE!,96,Headline / Summary,207
1236,Fantasy Impact: Felix-Fualalo was picked up with the International Player Exemption.,#VALUE!,,Fantasy Impact,207
1237,Category: Transactions,#VALUE!,,Category,207
1238,Gee Scott Jr.,#VALUE!,13,Player name,208
1239,Gee Scott Jr. released by Patriots,#VALUE!,34,Headline / Summary,208
1240,"Fri, Aug 29th 4:32am EDT",21,,Date,208
1241,The Patriots released TE Gee Scott Jr. (Source: Mark Daniels on Twitter),#VALUE!,72,Headline / Summary,208
1242,Fantasy Impact: Scott was one of three players released by New England. He'll likely seek another opportunity on a practice squad.,#VALUE!,,Fantasy Impact,208
1243,Category: Transactions,#VALUE!,,Category,208
1244,Cam Riley,#VALUE!,9,Player name,209
1245,Cam Riley released by Patriots,#VALUE!,30,Headline / Summary,209
1246,"Fri, Aug 29th 4:30am EDT",21,,Date,209
1247,The Patriots released LB Cam Riley. (Source: Mark Daniels on Twitter),#VALUE!,69,Headline / Summary,209
1248,Fantasy Impact: Riley was one of three players released by New England. He'll likely seek another opportunity on a practice squad.,#VALUE!,,Fantasy Impact,209
1249,Category: Transactions,#VALUE!,,Category,209
1250,Brandon Crossley,#VALUE!,16,Player name,210
1251,Brandon Crossley released by Patriots,#VALUE!,37,Headline / Summary,210
1252,"Fri, Aug 29th 4:29am EDT",21,,Date,210
1253,The Patriots released CB Brandon Crossley from their practice squad. (Source: Mark Daniels on Twitter),#VALUE!,102,Headline / Summary,210
1254,Fantasy Impact: Crossley was one of three players released by New England. He'll likely seek another opportunity on a practice squad.,#VALUE!,,Fantasy Impact,210
1255,Category: Transactions,#VALUE!,,Category,210
1256,Mark Robinson,#VALUE!,13,Player name,211
1257,Mark Robinson signs with Patriots,#VALUE!,33,Headline / Summary,211
1258,"Fri, Aug 29th 4:28am EDT",21,,Date,211
1259,The Patriots signed LB Mark Robinson to their practice squad.,#VALUE!,61,Headline / Summary,211
1260,Fantasy Impact: Robinson will add depth for the Patriots on their linebacker room. He was one of four players added to their practice squad.,#VALUE!,,Fantasy Impact,211
1261,Category: Transactions,#VALUE!,,Category,211
1262,Fabien Lovett,#VALUE!,13,Player name,212
1263,Fabien Lovett signs with Patriots practice squad,#VALUE!,48,Headline / Summary,212
1264,"Fri, Aug 29th 4:26am EDT",21,,Date,212
1265,The Patriots signed DL Fabien Lovett to their practice squad. (Source: Mark Daniels on Twitter),#VALUE!,95,Headline / Summary,212
1266,Fantasy Impact: Lovett will add depth for the Patriots on their defensive line. He was one of four players added to their practice squad.,#VALUE!,,Fantasy Impact,212
1267,Category: Transactions,#VALUE!,,Category,212
1268,Cory Durden,#VALUE!,11,Player name,213
1269,Cory Durden signs with Patriots,#VALUE!,31,Headline / Summary,213
1270,"Fri, Aug 29th 4:25am EDT",21,,Date,213
1271,The Patriots signed DL Cory Durden to their practice squad. (Source: Mark Daniels on Twitter),#VALUE!,93,Headline / Summary,213
1272,Fantasy Impact: Durden will add depth for the Patriots on their defensive line. He was one of four players added to their practice squad.,#VALUE!,,Fantasy Impact,213
1273,Category: Transactions,#VALUE!,,Category,213
1274,Corey Ballentine,#VALUE!,16,Player name,214
1275,Corey Ballentine signs with Patriots practice squad,#VALUE!,51,Headline / Summary,214
1276,"Fri, Aug 29th 4:23am EDT",21,,Date,214
1277,The Patriots signed CB Corey Ballentine to their practice squad. (Source: Mark Daniels on Twitter),#VALUE!,98,Headline / Summary,214
1278,Fantasy Impact: Ballentine was released by the Packers. He'll add depth for the Patriots secondary. He was one of four players added to their practice squad.,#VALUE!,,Fantasy Impact,214
1279,Category: Transactions,#VALUE!,,Category,214
1280,Foster Sarell,#VALUE!,13,Player name,215
1281,Foster Sarell signs with Chargers,#VALUE!,33,Headline / Summary,215
1282,"Fri, Aug 29th 4:20am EDT",21,,Date,215
1283,The Chargers signed OL Foster Sarell to their practice squad. (Source: Aaron Wilson on Twitter),#VALUE!,95,Headline / Summary,215
1284,Fantasy Impact: Sarell will add depth on the offensive line for the Chargers.,#VALUE!,,Fantasy Impact,215
1285,Category: Transactions,#VALUE!,,Category,215
1286,Alaric Jackson,#VALUE!,14,Player name,216
1287,Alaric Jackson (blood clots) to participate in practice Monday,#VALUE!,62,Headline / Summary,216
1288,"Fri, Aug 29th 4:19am EDT",21,,Date,216
1289,The Rams say Alaric Jackson will participate in practice on Monday. (Source: Around the NFL on Twitter),#VALUE!,103,Headline / Summary,216
1290,Fantasy Impact: Jackson has officially been cleared to resume practicing. He'll likely have to work his way back into game shape.,#VALUE!,,Fantasy Impact,216
1291,Category: Injury Updates,#VALUE!,,Category,216
1292,Marvin Mims Jr.,#VALUE!,15,Player name,217
1293,Marvin Mims Jr. (groin) to return to practice Monday,#VALUE!,52,Headline / Summary,217
1294,"Fri, Aug 29th 4:17am EDT",21,,Date,217
1295,The Broncos say Marvin Mims Jr. will return to practice on Monday. (Source: Around the NFL on Twitter),#VALUE!,102,Headline / Summary,217
1296,Fantasy Impact: Mims departed practice early on Wednesday. He'll miss a few days before he returns next week.,#VALUE!,,Fantasy Impact,217
1297,Category: Injury Updates,#VALUE!,,Category,217
1298,Jauan Jennings,#VALUE!,14,Player name,218
1299,Jauan Jennings (calf) not seen at practice Thursday,#VALUE!,51,Headline / Summary,218
1300,"Fri, Aug 29th 4:15am EDT",21,,Date,218
1301,Jauan Jennings was not seen at practice on Thursday. (Source: Noah Furtado on Twitter),#VALUE!,86,Headline / Summary,218
1302,"Fantasy Impact: With a little over one week away till the season opener for the 49ers against the Seahawks, the status of Jennings remains uncertain.",#VALUE!,,Fantasy Impact,218
1303,Category: Injury Updates,#VALUE!,,Category,218
1304,Tristan Wirfs,#VALUE!,13,Player name,219
1305,Tristan Wirfs (knee) hopeful to return in first month of season,#VALUE!,63,Headline / Summary,219
1306,"Fri, Aug 29th 4:14am EDT",21,,Date,219
1307,Bucs GM Jason Licht said the team hopes Tristan Wirfs can return in the first month of the season. (Source: Rick Stroud on Twitter),#VALUE!,131,Headline / Summary,219
1308,"Fantasy Impact: Licht said he hopes Wirfs can return sooner than Chris Godwin who is expected to miss the first month, if not more time. Wirfs passed his physical earlier in the week.",#VALUE!,,Fantasy Impact,219
1309,Category: Injury Updates,#VALUE!,,Category,219
1310,Greg Joseph,#VALUE!,11,Player name,220
1311,Greg Joseph works out for Bills,#VALUE!,31,Headline / Summary,220
1312,"Fri, Aug 29th 4:11am EDT",21,,Date,220
1313,The Bills hosted K Greg Joseph for a workout on Thursday. (Source: Jordan Schultz on Twitter),#VALUE!,93,Headline / Summary,220
1314,Fantasy Impact: Joseph was recently released by the 49ers. He was one of three kickers who worked out for Buffalo. He continues to seek a new team before the start of the season.,#VALUE!,,Fantasy Impact,220
1315,Category: Transactions,#VALUE!,,Category,220
1316,Zane Gonzalez,#VALUE!,13,Player name,221
1317,Zane Gonzalez works out for Bills,#VALUE!,33,Headline / Summary,221
1318,"Fri, Aug 29th 4:09am EDT",21,,Date,221
1319,The Bills hosted K Zane Gonzalez for a workout on Thursday. (Source: Jordan Schultz on Twitter),#VALUE!,95,Headline / Summary,221
1320,Fantasy Impact: Gonzalez was released by the Commanders earlier in the offseason. He was one of three kickers who worked out for Buffalo. He continues to seek a new team before the start of the season.,#VALUE!,,Fantasy Impact,221
1321,Category: Transactions,#VALUE!,,Category,221
1322,Eddy Pineiro,#VALUE!,12,Player name,222
1323,Eddy Pineiro works out for Bills,#VALUE!,32,Headline / Summary,222
1324,"Fri, Aug 29th 4:08am EDT",21,,Date,222
1325,The Bills hosted K Eddy Pineiro for a workout on Thursday. (Source: Jordan Schultz on Twitter),#VALUE!,94,Headline / Summary,222
1326,Fantasy Impact: Pineiro was one of three kickers who worked out for Buffalo. He continues to seek a new team before the start of the season.,#VALUE!,,Fantasy Impact,222
1327,Category: Transactions,#VALUE!,,Category,222
1328,Ambry Thomas,#VALUE!,12,Player name,223
1329,Ambry Thomas signs with Eagles practice squad,#VALUE!,45,Headline / Summary,223
1330,"Fri, Aug 29th 4:07am EDT",21,,Date,223
1331,The Eagles signed DB Ambry Thomas to their practice squad. (Source: Jordan Schultz on Twitter),#VALUE!,94,Headline / Summary,223
1332,"Fantasy Impact: Thomas was previously with the 49ers. Still just 25 years old, he'll add depth in the secondary for the Eagles.",#VALUE!,,Fantasy Impact,223
1333,Category: Transactions,#VALUE!,,Category,223
1334,Micah Parsons,#VALUE!,13,Player name,224
1335,Micah Parsons traded to the Green Bay Packers,#VALUE!,45,Headline / Summary,224
1336,"Thu, Aug 28th 5:03pm EDT",21,,Date,224
1337,"Micah Parsons has been traded to the Green Bay Packers and will sign a 4-year, $188 million deal. Dallas gets two first-rounders in the deal. (Source: Ian Rapoport on X)",#VALUE!,169,Headline / Summary,224
1338,"Fantasy Impact: Parsons has been at odds with the Cowboys' front office all offseason, and with owner Jerry Jones unwilling to budge on the money side of things, Parsons will join the Packers and give them a lethal front seven. It's a big blow to Dallas fans, but on the bright side for fantasy, the Cowboys will likely throw a lot more with their defense missing their star player.",#VALUE!,,Fantasy Impact,224
1339,Austin Booker,#VALUE!,13,Player name,225
1340,Austin Booker (knee) placed on IR,#VALUE!,33,Headline / Summary,225
1341,"Thu, Aug 28th 4:23pm EDT",21,,Date,225
1342,Austin Booker (knee) has been placed on IR and will miss the first four weeks of the regular season. (Source: Kevin Fishbain on Twitter),#VALUE!,136,Headline / Summary,225
1343,"Fantasy Impact: Booker, who is going into his second NFL season, was having a strong preseason for the Bears. Unfortunately, he won't be able to carry the momentum into the first month of the season due to a knee injury. A fifth-round draft pick in 2024, Booker recorded 21 total tackles and 1.5 sacks over 17 games as a rookie.",#VALUE!,,Fantasy Impact,225
1344,Category: Injury Updates,#VALUE!,,Category,225
1345,Chris Godwin Jr.,#VALUE!,16,Player name,226
1346,Chris Godwin (ankle) expected to return in Week 5 or later,#VALUE!,58,Headline / Summary,226
1347,"Thu, Aug 28th 4:14pm EDT",21,,Date,226
1348,Bucs GM Jason Licht framed Chris Godwin’s return as likely in Week 5 or later. (Source: Greg Auman on Twitter),#VALUE!,110,Headline / Summary,226
1349,"Fantasy Impact: This would put a possible return for Godwin around Week 5. He was thought to have a chance to return earlier after he avoided IR, but the Bucs won't rush him back. Emeka Egbuka should play a bigger role early in the season in the slot for Tampa Bay.",#VALUE!,,Fantasy Impact,226
1350,Category: Injury Updates,#VALUE!,,Category,226
1351,L'Jarius Sneed,#VALUE!,14,Player name,227
1352,L'Jarius Sneed (knee) on track for Week 1,#VALUE!,41,Headline / Summary,227
1353,"Thu, Aug 28th 2:01pm EDT",21,,Date,227
1354,Titans coach Brian Callahan said L'Jarius Sneed is trending towards being ready for the opener against the Broncos. (Source: Turron Davenport on Twitter),#VALUE!,153,Headline / Summary,227
1355,"Fantasy Impact: Sneed returned to practice last week. ""He's looked good,"" Callahan said. ""We're going to keep building his volume to get him ready for Wk 1.""",#VALUE!,,Fantasy Impact,227
1356,Category: Injury Updates,#VALUE!,,Category,227
1357,Terry McLaurin,#VALUE!,14,Player name,228
1358,Terry McLaurin logs another practice,#VALUE!,36,Headline / Summary,228
1359,"Thu, Aug 28th 2:00pm EDT",21,,Date,228
1360,Terry McLaurin was seen catching passes today as he logged his second consecutive practice since ending his hold-in. (Source: NBC),#VALUE!,130,Headline / Summary,228
1361,"Fantasy Impact: This is great news for the Commanders, getting their WR1 back on the field to log reps and help cement more chemistry with Jayden Daniels before Washington's Week 1 matchup with the New York Giants. His ADP has taken a bit of a hit from not practicing, but he could offer a good buying opportunity. Don't expect McLaurin to be fed a massive amount, as he averaged just over 6.8 targets/game last season and does damage after the catch. McLaurin made 82 receptions along with 13 touchdowns for 1,096 yards in 2024, which marks the fifth season in a row he has eclipsed the 1,000-yard mark.",#VALUE!,,Fantasy Impact,228
1362,Category: Rumors,#VALUE!,,Category,228
1363,Shaquill Griffin,#VALUE!,16,Player name,229
1364,Shaquill Griffin re-signs with Seahawks,#VALUE!,39,Headline / Summary,229
1365,"Thu, Aug 28th 1:59pm EDT",21,,Date,229
1366,The Seahawks re-signed CB Shaquill Griffin to their practice squad. (Source: Mike Dugar on Twitter),#VALUE!,99,Headline / Summary,229
1367,Fantasy Impact: Griffin was released by Seattle earlier this week. He'll add depth in the secondary on their practice squad.,#VALUE!,,Fantasy Impact,229
1368,Category: Transactions,#VALUE!,,Category,229
1369,Anthony Campbell,#VALUE!,16,Player name,230
1370,Anthony Campbell waived by Seahawks,#VALUE!,35,Headline / Summary,230
1371,"Thu, Aug 28th 1:58pm EDT",21,,Date,230
1372,The Seahawks waived DT Anthony Campbell. (Source: Mike Dugar on Twitter),#VALUE!,72,Headline / Summary,230
1373,Fantasy Impact: Campbell had signed with Seattle in May. He gets released with the Seahawks bringing back Shaquill Griffin.,#VALUE!,,Fantasy Impact,230
1374,Category: Transactions,#VALUE!,,Category,230
1375,Ryan Hayes,#VALUE!,10,Player name,231
1376,Ryan Hayes signs with Falcons practice squad,#VALUE!,44,Headline / Summary,231
1377,"Thu, Aug 28th 1:56pm EDT",21,,Date,231
1378,The Falcons signed OT Ryan Hayes to their practice squad. (Source: Terrin Waack on Twitter),#VALUE!,91,Headline / Summary,231
1379,Fantasy Impact: Hayes will add depth on the offensive line for Atlanta.,#VALUE!,,Fantasy Impact,231
1380,Category: Transactions,#VALUE!,,Category,231
1381,Jamal Agnew,#VALUE!,11,Player name,232
1382,"Jamal Agnew named Falcons starting punt, kick returner",#VALUE!,54,Headline / Summary,232
1383,"Thu, Aug 28th 1:54pm EDT",21,,Date,232
1384,Falcons coach Raheem Morris said Jamal Agnew will be the punt returner and kickoff returner. (Source: D. Orlando Ledbetter on Twitter),#VALUE!,134,Headline / Summary,232
1385,Fantasy Impact: Agnew agreed to a deal with Atlanta in free agency. He'll improve the special teams for the Falcons.,#VALUE!,,Fantasy Impact,232
1386,Xavier Watts,#VALUE!,12,Player name,233
1387,Xavier Watts named starter at safety for Falcons,#VALUE!,48,Headline / Summary,233
1388,"Thu, Aug 28th 1:52pm EDT",21,,Date,233
1389,Falcons coach Raheem Morris declared Xavier Watts as the starting safety. (Source: D. Orlando Ledbetter on Twitter),#VALUE!,115,Headline / Summary,233
1390,Fantasy Impact: Watts performed well enough in training camp to earn the starting role. Billy Bowman was also named the starting nickel back.,#VALUE!,,Fantasy Impact,233
1391,Jordan Fuller,#VALUE!,13,Player name,234
1392,Jordan Fuller re-signs with Falcons,#VALUE!,35,Headline / Summary,234
1393,"Thu, Aug 28th 1:50pm EDT",21,,Date,234
1394,The Falcons re-signed S Jordan Fuller. (Source: Aaron Wilson on Twitter),#VALUE!,72,Headline / Summary,234
1395,Fantasy Impact: Fuller was brought back on the Falcons 53-man roster. He'll add depth in the Falcons secondary.,#VALUE!,,Fantasy Impact,234
1396,Category: Transactions,#VALUE!,,Category,234
1397,Hunter Renfrow,#VALUE!,14,Player name,235
1398,"Hunter Renfrow talking with Panthers, other teams",#VALUE!,49,Headline / Summary,235
1399,"Thu, Aug 28th 1:20pm EDT",21,,Date,235
1400,The Panthers reportedly aren't the only team interested in WR Hunter Renfrow. (Source: David Newton on Twitter),#VALUE!,111,Headline / Summary,235
1401,Fantasy Impact: It will be up to Renfrow where he wants to go after he was released by Carolina earlier this week. He should sign before the season starts next week.,#VALUE!,,Fantasy Impact,235
1402,Category: Rumors,#VALUE!,,Category,235
1403,Kyzir White,#VALUE!,11,Player name,236
1404,Kyzir White visiting Colts,#VALUE!,26,Headline / Summary,236
1405,"Thu, Aug 28th 1:18pm EDT",21,,Date,236
1406,Free agent LB Kyzir White is visiting the Colts on Thursday. (Source: Adam Schefter on Twitter),#VALUE!,95,Headline / Summary,236
1407,Fantasy Impact: White also visited the Lions at the end of July. He should find a landing spot before the season.,#VALUE!,,Fantasy Impact,236
1408,Category: Rumors,#VALUE!,,Category,236
1409,Bralen Trice,#VALUE!,12,Player name,237
1410,Bralen Trice (knee) placed on IR,#VALUE!,32,Headline / Summary,237
1411,"Thu, Aug 28th 1:17pm EDT",21,,Date,237
1412,The Falcons placed EDGE Bralen Trice on injured reserve. (Source: Around the NFL on Twitter),#VALUE!,92,Headline / Summary,237
1413,Fantasy Impact: Trice had been dealing with a knee injury earlier in training camp. He won't be ready to go for the start of the season.,#VALUE!,,Fantasy Impact,237
1414,Category: Injury Updates,#VALUE!,,Category,237
1415,Patrick McMorris,#VALUE!,16,Player name,238
1416,Patrick McMorris signs with Giants practice squad,#VALUE!,49,Headline / Summary,238
1417,"Thu, Aug 28th 1:15pm EDT",21,,Date,238
1418,The Giants signed S Patrick McMorris to their practice squad. (Source: Dan Duggan on Twitter),#VALUE!,93,Headline / Summary,238
1419,Fantasy Impact: McMorris appeared in six games on special teams as a rookie for the Dolphins last season. He'll add depth in the secondary and on special teams for the Giants.,#VALUE!,,Fantasy Impact,238
1420,Category: Transactions,#VALUE!,,Category,238
1421,Swayze Bozeman,#VALUE!,14,Player name,239
1422,Swayze Bozeman signs with Giants practice squad,#VALUE!,47,Headline / Summary,239
1423,"Thu, Aug 28th 1:13pm EDT",21,,Date,239
1424,The Giants signed LB Swayze Bozeman to their practice squad. (Source: Dan Duggan on Twitter),#VALUE!,92,Headline / Summary,239
1425,Fantasy Impact: Bozeman spent most of last season on the Chiefs’ practice squad. He was waived by the Bears earlier this week.,#VALUE!,,Fantasy Impact,239
1426,Category: Transactions,#VALUE!,,Category,239
1427,DeVonta Smith,#VALUE!,13,Player name,240
1428,DeVonta Smith returns to practice Wednesday,#VALUE!,43,Headline / Summary,240
1429,"Thu, Aug 28th 1:11pm EDT",21,,Date,240
1430,DeVonta Smith was on the practice field Wednesday after tending to a nagging groin injury. (Source: Jeff McLane on X),#VALUE!,117,Headline / Summary,240
1431,"Fantasy Impact: DeVonta Smith, as well as fellow wide receiver A.J. Brown were participating in practice yesterday which is a great sign for his week 1 outlook. Smith is currently the 26th ranked wide receiver in Fantasy Pros Half PPR rankings and will see an ample amount of opportunities catching balls as the WR2 in Philly. Keep in mind A.J. Brown is prone to injury and if he goes down, Smith will immediately slide into the WR1 role.",#VALUE!,,Fantasy Impact,240
1432,Category: Injury Updates,#VALUE!,,Category,240
1433,Jalen Coker,#VALUE!,11,Player name,241
1434,Jalen Coker to start in slot for Panthers,#VALUE!,41,Headline / Summary,241
1435,"Thu, Aug 28th 1:04pm EDT",21,,Date,241
1436,Panthers GM Dan Morgan told reporters WR Jalen Coker will start in the slot for the team. (Source: Mike Kaye on Twitter),#VALUE!,120,Headline / Summary,241
1437,Fantasy Impact: Coker was able to show flashes in limited opportunity last season. He'll take on an expanded role following the trade of Adam Thielen.,#VALUE!,,Fantasy Impact,241
1438,Tyreek Hill,#VALUE!,11,Player name,242
1439,Tyreek Hill (oblique) remains on track to be healthy for Week 1,#VALUE!,63,Headline / Summary,242
1440,"Thu, Aug 28th 1:02pm EDT",21,,Date,242
1441,Dolphins coach Mike McDaniel said Tyreek Hill remains on track to be healthy for the start of the season. (Source: Cameron Wolfe on Twitter),#VALUE!,140,Headline / Summary,242
1442,Fantasy Impact: Hill was back at practice on Thursday. He should be fully good to go for Sunday's season opener next week.,#VALUE!,,Fantasy Impact,242
1443,Category: Injury Updates,#VALUE!,,Category,242
1444,De'Von Achane,#VALUE!,13,Player name,243
1445,De'Von Achane (calf) remains on track to be healthy for Week 1,#VALUE!,62,Headline / Summary,243
1446,"Thu, Aug 28th 1:00pm EDT",21,,Date,243
1447,Dolphins coach Mike McDaniel said De'Von Achane remains on track to be healthy for the start of the season. (Source: Cameron Wolfe on Twitter),#VALUE!,142,Headline / Summary,243
1448,Fantasy Impact: Achane remained sidelined from practice on Wednesday. His status will need to be monitored in practice into next week.,#VALUE!,,Fantasy Impact,243
1449,Category: Injury Updates,#VALUE!,,Category,243
1450,JaMycal Hasty,#VALUE!,13,Player name,244
1451,JaMycal Hasty signs with Dolphins practice squad,#VALUE!,48,Headline / Summary,244
1452,"Thu, Aug 28th 12:58pm EDT",22,,Date,244
1453,The Dolphins signed RB JaMycal Hasty to their practice squad. (Source: Cameron Wolfe on Twitter),#VALUE!,96,Headline / Summary,244
1454,Fantasy Impact: Hasty was released by the Patriots earlier in the week. He'll add depth in the Dolphins backfield.,#VALUE!,,Fantasy Impact,244
1455,Category: Transactions,#VALUE!,,Category,244
1456,Darnell Mooney,#VALUE!,14,Player name,245
1457,Darnell Mooney (shoulder) returns to practice Thursday,#VALUE!,54,Headline / Summary,245
1458,"Thu, Aug 28th 12:56pm EDT",22,,Date,245
1459,Darnell Mooney was back at practice for the first time on Thursday since his injury. (Source: Terrin Waack on Twitter),#VALUE!,118,Headline / Summary,245
1460,Fantasy Impact: It is the first day of practice back for Mooney since his shoulder injury early in training camp. He'll have a chance to be back for the start of the season.,#VALUE!,,Fantasy Impact,245
1461,Category: Injury Updates,#VALUE!,,Category,245
1462,A.J. Brown,#VALUE!,10,Player name,246
1463,A.J. Brown returns to practice,#VALUE!,30,Headline / Summary,246
1464,"Thu, Aug 28th 12:50pm EDT",22,,Date,246
1465,A.J. Brown was spotted on the practice field Wednesday which is great news for both the Eagles and fantasy managers alike. (Source: Zach Berman on X),#VALUE!,149,Headline / Summary,246
1466,"Fantasy Impact: A.J. Brown was sidelined for most of training camp this season due to a nagging hamstring ailment. He was spotted in warmups before the final preseason game but ultimately, didn't play. This should inject some confidence into those who are looking at rostering the number one in Philly's receiving corps.",#VALUE!,,Fantasy Impact,246
1467,Category: Injury Updates,#VALUE!,,Category,246
1468,Russell Gage Jr.,#VALUE!,16,Player name,247
1469,Russell Gage Jr. returns to 49ers 53-man roster,#VALUE!,47,Headline / Summary,247
1470,"Thu, Aug 28th 12:33pm EDT",22,,Date,247
1471,The San Francisco 49ers bought WR Russell Gage Jr. back to their 53-man roster. (Source: Ian Rapoport on Twitter),#VALUE!,113,Headline / Summary,247
1472,Fantasy Impact: Gage had been released earlier in the week. He could be playing a role in Week 1 pending the status of Jauan Jennings.,#VALUE!,,Fantasy Impact,247
1473,Category: Transactions,#VALUE!,,Category,247
1474,Quinton Bohanna,#VALUE!,15,Player name,248
1475,Quinton Bohanna re-signs with Seahawks practice squad,#VALUE!,53,Headline / Summary,248
1476,"Thu, Aug 28th 12:32pm EDT",22,,Date,248
1477,The Seahawks re-signed DT Quinton Bohanna to their practice squad. (Source: Jeremy Fowler on Twitter),#VALUE!,101,Headline / Summary,248
1478,Fantasy Impact: Bohanna spent last year and this preseason with Seattle. He'll add depth on the Seahawks defensive line.,#VALUE!,,Fantasy Impact,248
1479,Category: Transactions,#VALUE!,,Category,248
1480,Marcus Epps,#VALUE!,11,Player name,249
1481,Marcus Epps signs with Eagles,#VALUE!,29,Headline / Summary,249
1482,"Thu, Aug 28th 12:30pm EDT",22,,Date,249
1483,The Eagles signed veteran safety Marcus Epps. (Source: Tom Pelissero on Twitter),#VALUE!,80,Headline / Summary,249
1484,Fantasy Impact: Epps was released by the Patriots earlier this week. He'll add more experience in the Eagles secondary.,#VALUE!,,Fantasy Impact,249
1485,Category: Transactions,#VALUE!,,Category,249
1486,JuJu Brents,#VALUE!,11,Player name,250
1487,JuJu Brents claimed by Dolphins,#VALUE!,31,Headline / Summary,250
1488,"Thu, Aug 28th 12:28pm EDT",22,,Date,250
1489,The Dolphins claimed DB JuJu Brents off waivers. (Source: Adam Schefter on Twitter),#VALUE!,83,Headline / Summary,250
1490,Fantasy Impact: Brents was waived by the Colts earlier this week. He'll add depth in the Dolphins secondary.,#VALUE!,,Fantasy Impact,250
1491,Category: Transactions,#VALUE!,,Category,250
1492,Trevor Keegan,#VALUE!,13,Player name,251
1493,Trevor Keegan waived by Eagles,#VALUE!,30,Headline / Summary,251
1494,"Thu, Aug 28th 12:27pm EDT",22,,Date,251
1495,The Eagles waived G Trevor Keegan. (Source: Adam Schefter on Twitter),#VALUE!,69,Headline / Summary,251
1496,Fantasy Impact: Keegan was a fifth round pick for the Eagles last year. He will head to waivers.,#VALUE!,,Fantasy Impact,251
1497,Category: Transactions,#VALUE!,,Category,251
1498,Derion Kendrick,#VALUE!,15,Player name,252
1499,Derion Kendrick signs with Seahawks,#VALUE!,35,Headline / Summary,252
1500,"Thu, Aug 28th 12:23pm EDT",22,,Date,252
1501,The Seahawks signed CB Derion Kendrick. (Source: Ari Meirov on Twitter),#VALUE!,71,Headline / Summary,252
1502,Fantasy Impact: Kendrick remains in the NFC West after he was released by the Rams. He'll add depth in the Seahawks secondary.,#VALUE!,,Fantasy Impact,252
1503,Category: Transactions,#VALUE!,,Category,252
1504,Bailey Zappe,#VALUE!,12,Player name,253
1505,Bailey Zappe signs with Browns,#VALUE!,30,Headline / Summary,253
1506,"Thu, Aug 28th 12:21pm EDT",22,,Date,253
1507,The Browns signed QB Bailey Zappe. (Source: Jeremy Fowler on Twitter),#VALUE!,69,Headline / Summary,253
1508,Fantasy Impact: Zappe was waived by the Chiefs earlier this week. He'll add depth in the Browns quarterback room.,#VALUE!,,Fantasy Impact,253
1509,Category: Transactions,#VALUE!,,Category,253
1510,Courtney Jackson,#VALUE!,16,Player name,254
1511,Courtney Jackson signs with Seahawks,#VALUE!,36,Headline / Summary,254
1512,"Thu, Aug 28th 12:20pm EDT",22,,Date,254
1513,The Seahawks signed WR Courtney Jackson to their practice squad. (Source: Mike Klis on Twitter),#VALUE!,95,Headline / Summary,254
1514,Fantasy Impact: Jackson was released by the Broncos. He'll add depth in the Seahawks wide receiver room.,#VALUE!,,Fantasy Impact,254
1515,Category: Transactions,#VALUE!,,Category,254
1516,Dan Skipper,#VALUE!,11,Player name,255
1517,Dan Skipper re-signs with Lions practice squad,#VALUE!,46,Headline / Summary,255
1518,"Thu, Aug 28th 12:18pm EDT",22,,Date,255
1519,The Lions re-signed OL Dan Skipper to their practice squad. (Source: Tom Pelissero on Twitter),#VALUE!,94,Headline / Summary,255
1520,Fantasy Impact: Skipper was released by Detroit earlier in the week. He'll remain in a depth role.,#VALUE!,,Fantasy Impact,255
1521,Category: Transactions,#VALUE!,,Category,255
1522,Chris Paul Jr.,#VALUE!,14,Player name,256
1523,Chris Paul Jr. signs with Seahawks,#VALUE!,34,Headline / Summary,256
1524,"Thu, Aug 28th 12:17pm EDT",22,,Date,256
1525,The Seahawks signed LB Chris Paul Jr. to their practice squad. (Source: Ryan Talbot on Twitter),#VALUE!,95,Headline / Summary,256
1526,Fantasy Impact: Paul remains in the NFC West after he was released by the Rams. He'll add depth to the Seahawks linebacker room.,#VALUE!,,Fantasy Impact,256
1527,Category: Transactions,#VALUE!,,Category,256
1528,Jaylen Wright,#VALUE!,13,Player name,257
1529,Jaylen Wright (surgery) expected out multiple weeks,#VALUE!,51,Headline / Summary,257
1530,"Thu, Aug 28th 11:42am EDT",22,,Date,257
1531,Jaylen Wright underwent a small procedure that is expected to keep him out multiple weeks. It is not expected to be season-ending but it appears it will take him several weeks to recover. (Source: Marcel Louis-Jacques on X),#VALUE!,223,Headline / Summary,257
1532,"Fantasy Impact: Wright was already on the outs for fantasy managers this season after a disappointing preseason. His value just took yet another massive hit with this news. He should be off draft boards now, and Ollie Gordon becomes an even more intriguing and important name to know in the Miami backfield.",#VALUE!,,Fantasy Impact,257
1533,Category: Injury Updates,#VALUE!,,Category,257
1534,Asim Richards,#VALUE!,13,Player name,258
1535,Asim Richards traded to Saints,#VALUE!,30,Headline / Summary,258
1536,"Thu, Aug 28th 4:20am EDT",21,,Date,258
1537,The Cowboys traded OL Asim Richards to the New Orleans Saints. (Source: Adam Schefter on Twitter),#VALUE!,97,Headline / Summary,258
1538,Fantasy Impact: Richards will add depth on the offensive line for the Saints heading into the season.,#VALUE!,,Fantasy Impact,258
1539,Category: Transactions,#VALUE!,,Category,258
1540,Foster Moreau,#VALUE!,13,Player name,259
1541,Foster Moreau (knee) placed on PUP list,#VALUE!,39,Headline / Summary,259
1542,"Thu, Aug 28th 4:18am EDT",21,,Date,259
1543,The Saints placed TE Foster Moreau on the PUP list. (Source: Nick Underhill on Twitter),#VALUE!,87,Headline / Summary,259
1544,Fantasy Impact: Moreau missed most of training camp with the injury. He'll remain sidelined to start the season.,#VALUE!,,Fantasy Impact,259
1545,Category: Injury Updates,#VALUE!,,Category,259
1546,Russ Yeast,#VALUE!,10,Player name,260
1547,Russ Yeast signs with Bengals practice squad,#VALUE!,44,Headline / Summary,260
1548,"Thu, Aug 28th 4:17am EDT",21,,Date,260
1549,The Bengals signed S Russ Yeast to their practice squad. (Source: Aaron Wilson on Twitter),#VALUE!,90,Headline / Summary,260
1550,Fantasy Impact: Yeast was most recently with the Texans. He'll add depth in the Bengals secondary.,#VALUE!,,Fantasy Impact,260
1551,Category: Transactions,#VALUE!,,Category,260
1552,Jared Wayne,#VALUE!,11,Player name,261
1553,Jared Wayne signs with Texans,#VALUE!,29,Headline / Summary,261
1554,"Thu, Aug 28th 4:15am EDT",21,,Date,261
1555,The Texans signed WR Jared Wayne to their practice squad. (Source: Aaron Wilson on Twitter),#VALUE!,91,Headline / Summary,261
1556,Fantasy Impact: Wayne had been waived by Houston in the first week of August. He'll add depth in the Texans wide receiver room.,#VALUE!,,Fantasy Impact,261
1557,Category: Transactions,#VALUE!,,Category,261
1558,Terrace Marshall Jr.,#VALUE!,20,Player name,262
1559,Terrace Marshall Jr. signs with Eagles practice squad,#VALUE!,53,Headline / Summary,262
1560,"Thu, Aug 28th 4:14am EDT",21,,Date,262
1561,The Eagles signed WR Terrace Marshall Jr. to their practice squad. (Source: Around the NFL on Twitter),#VALUE!,102,Headline / Summary,262
1562,Fantasy Impact: Marshall will continue to add depth in the Eagles wide receiver room.,#VALUE!,,Fantasy Impact,262
1563,Category: Transactions,#VALUE!,,Category,262
1564,Evan Anderson,#VALUE!,13,Player name,263
1565,Evan Anderson waived by 49ers,#VALUE!,29,Headline / Summary,263
1566,"Thu, Aug 28th 4:12am EDT",21,,Date,263
1567,The 49ers waived DT Evan Anderson. (Source: Matt Barrows on Twitter),#VALUE!,68,Headline / Summary,263
1568,Fantasy Impact: Anderson loses his roster spot ahead of the season. He'll likely seek another opportunity.,#VALUE!,,Fantasy Impact,263
1569,Category: Transactions,#VALUE!,,Category,263
1570,Carter Warren,#VALUE!,13,Player name,264
1571,Carter Warren signs with Falcons,#VALUE!,32,Headline / Summary,264
1572,"Thu, Aug 28th 4:11am EDT",21,,Date,264
1573,The Falcons signed OT Carter Warren to their practice squad. (Source: Jeremy Fowler on Twitter),#VALUE!,95,Headline / Summary,264
1574,Fantasy Impact: Warren fourth-round pick in 2023. He was released by the Jets and will add depth to a banged up Falcons offensive line.,#VALUE!,,Fantasy Impact,264
1575,Category: Transactions,#VALUE!,,Category,264
1576,Chazz Surratt,#VALUE!,13,Player name,265
1577,Chazz Surratt signs with Seahawks,#VALUE!,33,Headline / Summary,265
1578,"Thu, Aug 28th 4:09am EDT",21,,Date,265
1579,The Seahawks signed LB Chazz Surratt to their active roster. (Source: Mike Garafolo on Twitter),#VALUE!,95,Headline / Summary,265
1580,Fantasy Impact: Surratt remains in the NFC West after he was released by the 49ers. He'll add depth in the Seahawks linebacker room.,#VALUE!,,Fantasy Impact,265
1581,Category: Transactions,#VALUE!,,Category,265
1582,Zion Childress,#VALUE!,14,Player name,266
1583,Zion Childress waived by Cowboys,#VALUE!,32,Headline / Summary,266
1584,"Thu, Aug 28th 4:07am EDT",21,,Date,266
1585,The Cowboys waived CB Zion Childress. (Source: Jon Machota on Twitter),#VALUE!,70,Headline / Summary,266
1586,Fantasy Impact: Childress will likely seek another opportunity on a practice squad.,#VALUE!,,Fantasy Impact,266
1587,Category: Transactions,#VALUE!,,Category,266
1588,Andrew Booth Jr.,#VALUE!,16,Player name,267
1589,Andrew Booth Jr. waived by Cowboys,#VALUE!,34,Headline / Summary,267
1590,"Thu, Aug 28th 4:06am EDT",21,,Date,267
1591,The Cowboys waived CB Andrew Booth Jr. (Source: Jon Machota on Twitter),#VALUE!,71,Headline / Summary,267
1592,Fantasy Impact: Booth will likely seek another opportunity on a practice squad.,#VALUE!,,Fantasy Impact,267
1593,Category: Transactions,#VALUE!,,Category,267
1594,Theo Johnson,#VALUE!,12,Player name,268
1595,Theo Johnson not seen at practice Wednesday,#VALUE!,43,Headline / Summary,268
1596,"Thu, Aug 28th 4:05am EDT",21,,Date,268
1597,Theo Johnson was not seen at Giants practice on Wednesday. (Source: Dan Duggan on Twitter),#VALUE!,90,Headline / Summary,268
1598,Fantasy Impact: Johnson has not been seen since the teams second preseason game. His status for the start of the season is up in the air.,#VALUE!,,Fantasy Impact,268
1599,Category: Injury Updates,#VALUE!,,Category,268
1600,Landon Dickerson,#VALUE!,16,Player name,269
1601,Landon Dickerson (knee) at practice Wednesday,#VALUE!,45,Headline / Summary,269
1602,"Thu, Aug 28th 4:03am EDT",21,,Date,269
1603,Landon Dickerson was able to practice on Wednesday. (Source: Dave Zangaro on Twitter),#VALUE!,85,Headline / Summary,269
1604,Fantasy Impact: Dickerson underwent a minor procedure on his knee earlier in August. He has another week to till the Eagles season opener.,#VALUE!,,Fantasy Impact,269
1605,Category: Injury Updates,#VALUE!,,Category,269
1606,Andrew Thomas,#VALUE!,13,Player name,270
1607,Andrew Thomas (foot) at practice Wednesday,#VALUE!,42,Headline / Summary,270
1608,"Thu, Aug 28th 4:01am EDT",21,,Date,270
1609,Andrew Thomas was at practice on Wednesday. (Source: Jordan Raanan on Twitter),#VALUE!,78,Headline / Summary,270
1610,Fantasy Impact: It is a good sign with the regular season 11 days away after Thomas was not at practice on Monday.,#VALUE!,,Fantasy Impact,270
1611,Category: Injury Updates,#VALUE!,,Category,270
1612,Jacardia Wright,#VALUE!,15,Player name,271
1613,Jacardia Wright re-signs with Seahawks practice squad,#VALUE!,53,Headline / Summary,271
1614,"Thu, Aug 28th 4:00am EDT",21,,Date,271
1615,The Seahawks re-signed RB Jacardia Wright to their practice squad. (Source: Brady Henderson on Twitter),#VALUE!,103,Headline / Summary,271
1616,Fantasy Impact: Wright was released from the Seahawks 53-man roster. He'll add depth on their practice squad.,#VALUE!,,Fantasy Impact,271
1617,Category: Transactions,#VALUE!,,Category,271
1618,Jarrick Bernard-Converse,#VALUE!,24,Player name,272
1619,Jarrick Bernard-Converse claimed off waivers by Browns,#VALUE!,54,Headline / Summary,272
1620,"Thu, Aug 28th 1:25am EDT",21,,Date,272
1621,The Browns claimed DB Jarrick Bernard-Converse off waivers. (Source: Adam Schefter on Twitter),#VALUE!,94,Headline / Summary,272
1622,Fantasy Impact: Bernard-Converse was waived by the Jets earlier this week. He'll add depth in the secondary for Cleveland.,#VALUE!,,Fantasy Impact,272
1623,Category: Transactions,#VALUE!,,Category,272
1624,Junior Bergen,#VALUE!,13,Player name,273
1625,Junior Bergen to sign with 49ers practice squad,#VALUE!,47,Headline / Summary,273
1626,"Thu, Aug 28th 1:23am EDT",21,,Date,273
1627,The 49ers plan on signing WR/KR Junior Bergen to the practice squad once he clears waivers. (Source: Mike Garafolo on Twitter),#VALUE!,126,Headline / Summary,273
1628,Fantasy Impact: Bergen was the only one of the 49ers 11 draft picks waived. He'll remain with the team.,#VALUE!,,Fantasy Impact,273
1629,Category: Transactions,#VALUE!,,Category,273
1630,Nyheim Miller-Hines,#VALUE!,19,Player name,274
1631,Nyheim Miller-Hines re-signs with Chargers practice squad,#VALUE!,57,Headline / Summary,274
1632,"Thu, Aug 28th 1:21am EDT",21,,Date,274
1633,The Chargers re-signed RB Nyheim Miller-Hines to their practice squad. (Source: Tom Pelissero on Twitter),#VALUE!,105,Headline / Summary,274
1634,Fantasy Impact: Hines remains with the Chargers after being released. He'll hold a depth role heading into the season.,#VALUE!,,Fantasy Impact,274
1635,Category: Transactions,#VALUE!,,Category,274
1636,Jalen Reagor,#VALUE!,12,Player name,275
1637,Jalen Reagor re-signs with Chargers practice squad,#VALUE!,50,Headline / Summary,275
1638,"Thu, Aug 28th 1:20am EDT",21,,Date,275
1639,The Chargers re-signed WR Jalen Reagor to their practice squad. (Source: Tom Pelissero on Twitter),#VALUE!,98,Headline / Summary,275
1640,Fantasy Impact: Reagor remains with the Chargers after being released. He'll hold a depth role heading into the season.,#VALUE!,,Fantasy Impact,275
1641,Category: Transactions,#VALUE!,,Category,275
1642,Tony Jefferson II,#VALUE!,17,Player name,276
1643,Tony Jefferson II re-signs with Chargers practice squad,#VALUE!,55,Headline / Summary,276
1644,"Thu, Aug 28th 1:19am EDT",21,,Date,276
1645,The Chargers re-signed DB Tony Jefferson II to their practice squad. (Source: Tom Pelissero on Twitter),#VALUE!,103,Headline / Summary,276
1646,Fantasy Impact: Jefferson remains with the Chargers after being released. He'll hold a depth role heading into the season.,#VALUE!,,Fantasy Impact,276
1647,Category: Transactions,#VALUE!,,Category,276
1648,Xavier Truss,#VALUE!,12,Player name,277
1649,Xavier Truss claimed off waivers by Saints,#VALUE!,42,Headline / Summary,277
1650,"Thu, Aug 28th 1:15am EDT",21,,Date,277
1651,The Saints claimed G Xavier Truss off waivers. (Source: Adam Schefter on Twitter),#VALUE!,81,Headline / Summary,277
1652,Fantasy Impact: Truss was waived by the Broncos. He'll provide depth on the offensive line for New Orleans.,#VALUE!,,Fantasy Impact,277
1653,Category: Transactions,#VALUE!,,Category,277
1654,Adrian Martinez,#VALUE!,15,Player name,278
1655,Adrian Martinez signs with 49ers practice squad,#VALUE!,47,Headline / Summary,278
1656,"Thu, Aug 28th 1:12am EDT",21,,Date,278
1657,The 49ers signed QB Adrian Martinez to their practice squad. (Source: Matt Maiocco on Twitter),#VALUE!,94,Headline / Summary,278
1658,Fantasy Impact: Martinez was waived by the Jets earlier this week. He'll add depth in the 49ers quarterback room.,#VALUE!,,Fantasy Impact,278
1659,Category: Transactions,#VALUE!,,Category,278
1660,Andre Baccellia,#VALUE!,15,Player name,279
1661,Andre Baccellia re-signs with Cardinals practice squad,#VALUE!,54,Headline / Summary,279
1662,"Thu, Aug 28th 1:01am EDT",21,,Date,279
1663,The Cardinals re-signed WR Andre Baccellia to their practice squad. (Source: Adam Schefter on Twitter),#VALUE!,102,Headline / Summary,279
1664,Fantasy Impact: Baccellia remains with Arizona after being released. He'll hold a depth role heading into the season.,#VALUE!,,Fantasy Impact,279
1665,Category: Transactions,#VALUE!,,Category,279
1666,Michael Carter,#VALUE!,14,Player name,280
1667,Michael Carter re-signs with Cardinals practice squad,#VALUE!,53,Headline / Summary,280
1668,"Thu, Aug 28th 1:00am EDT",21,,Date,280
1669,The Cardinals re-signed RB Michael Carter to their practice squad. (Source: Adam Schefter on Twitter),#VALUE!,101,Headline / Summary,280
1670,Fantasy Impact: Carter remains with Arizona after being released. He'll hold a depth role heading into the season.,#VALUE!,,Fantasy Impact,280
1671,Category: Transactions,#VALUE!,,Category,280
1672,Simi Fehoko,#VALUE!,11,Player name,281
1673,Simi Fehoko re-signs with Cardinals practice squad,#VALUE!,50,Headline / Summary,281
1674,"Thu, Aug 28th 12:59am EDT",22,,Date,281
1675,The Cardinals re-signed WR Simi Fehoko to their practice squad. (Source: Adam Schefter on Twitter),#VALUE!,98,Headline / Summary,281
1676,Fantasy Impact: Fehoko remains with Arizona after being released. He'll hold a depth role heading into the season.,#VALUE!,,Fantasy Impact,281
1677,Category: Transactions,#VALUE!,,Category,281
1678,Tejhaun Palmer,#VALUE!,14,Player name,282
1679,Tejhaun Palmer re-signs to Cardinals practice squad,#VALUE!,51,Headline / Summary,282
1680,"Thu, Aug 28th 12:58am EDT",22,,Date,282
1681,The Cardinals re-signed WR Tejhaun Palmer to their practice squad. (Source: Adam Schefter on Twitter),#VALUE!,101,Headline / Summary,282
1682,Fantasy Impact: Palmer remains with Arizona after being released. He'll hold a depth role heading into the season.,#VALUE!,,Fantasy Impact,282
1683,Category: Transactions,#VALUE!,,Category,282
1684,Dontayvion Wicks,#VALUE!,16,Player name,283
1685,Dontayvion Wicks (calf) back at practice Wednesday,#VALUE!,50,Headline / Summary,283
1686,"Wed, Aug 27th 6:02pm EDT",21,,Date,283
1687,Dontayvion Wicks (calf) is back at practice for the Packers on Wednesday. (Source: Bill Huber on Twitter),#VALUE!,105,Headline / Summary,283
1688,"Fantasy Impact: Wicks is still recovering from a calf injury but was able to take part in Green Bay's practice on Wednesday. That's a hopeful sign that he will be back for Week 1, but it's unclear if that will be the case or not at this point.",#VALUE!,,Fantasy Impact,283
1689,Category: Injury Updates,#VALUE!,,Category,283
1690,Jayden Reed,#VALUE!,11,Player name,284
1691,Jayden Reed (foot) participates in practice Wednesday,#VALUE!,53,Headline / Summary,284
1692,"Wed, Aug 27th 6:01pm EDT",21,,Date,284
1693,Jayden Reed (foot) participated in Green Bay's practice on Wednesday. (Source: Bill Huber on Twitter),#VALUE!,101,Headline / Summary,284
1694,"Fantasy Impact: The Packers got a few key players back at practice on Wednesday, including Reed, who has been managing a foot injury for a while now. This is a step in the right direction for his recovery and he could be ready to go sooner rather than later, possibly by the time that Week 1 rolls around.",#VALUE!,,Fantasy Impact,284
1695,Category: Injury Updates,#VALUE!,,Category,284
1696,Khalil Shakir,#VALUE!,13,Player name,285
1697,Khalil Shakir (ankle) returns to practice Wednesday,#VALUE!,51,Headline / Summary,285
1698,"Wed, Aug 27th 5:58pm EDT",21,,Date,285
1699,Khalil Shakir (ankle) returned to practice for the Bills on Wednesday. (Source: Katherine Fitzgerald on Twitter),#VALUE!,112,Headline / Summary,285
1700,"Fantasy Impact: The veteran wideout was able to return to practice on Wednesday after being sidelined for a few weeks due to an ankle injury. This is a good sign for his Week 1 availability, but fantasy managers should still keep tabs on updates about his health for the foreseeable future.",#VALUE!,,Fantasy Impact,285
1701,Category: Injury Updates,#VALUE!,,Category,285
1702,Travis Hunter,#VALUE!,13,Player name,286
1703,Travis Hunter good to go for Week 1,#VALUE!,35,Headline / Summary,286
1704,"Wed, Aug 27th 5:56pm EDT",21,,Date,286
1705,Travis Hunter will be good to go for Week 1 of the NFL season. (Source: Demetrius Harvey on Twitter),#VALUE!,100,Headline / Summary,286
1706,"Fantasy Impact: The rookie was previously managing an upper body injury, but he is now back to full health and should be good to go for Week 1, barring any unforeseen setbacks. It remains to be seen what his role will be for the Jaguars early on in the season.",#VALUE!,,Fantasy Impact,286
1707,Category: Injury Updates,#VALUE!,,Category,286
1708,Ikem Ekwonu,#VALUE!,11,Player name,287
1709,Ikem Ekwonu (appendectomy) considered day-to-day,#VALUE!,48,Headline / Summary,287
1710,"Wed, Aug 27th 5:47pm EDT",21,,Date,287
1711,Panthers LT Ikem Ekwonu is considered as “day to day.” (Source: Joe Person on Twitter),#VALUE!,86,Headline / Summary,287
1712,Fantasy Impact: Ekwonu remains likely be to be available for the season opener next week.,#VALUE!,,Fantasy Impact,287
1713,Category: Injury Updates,#VALUE!,,Category,287
1714,Jacob Cowing,#VALUE!,12,Player name,288
1715,Jacob Cowing (hamstring) placed on IR,#VALUE!,37,Headline / Summary,288
1716,"Wed, Aug 27th 5:45pm EDT",21,,Date,288
1717,The 49ers placed WR Jacob Cowing on injured reserve. (Source: Nick Wagoner on Twitter),#VALUE!,86,Headline / Summary,288
1718,Fantasy Impact: Cowing recently re-aggravated a hamstring injury he had been dealing with earlier in training camp. He'll miss at least the first four weeks of the season.,#VALUE!,,Fantasy Impact,288
1719,Category: Injury Updates,#VALUE!,,Category,288
1720,Cole Strange,#VALUE!,12,Player name,289
1721,Cole Strange signs with Browns practice squad,#VALUE!,45,Headline / Summary,289
1722,"Wed, Aug 27th 5:43pm EDT",21,,Date,289
1723,The Browns signed G Cole Strange to their practice squad.,#VALUE!,57,Headline / Summary,289
1724,Fantasy Impact: Strange quickly finds a new home after he had been released by the Patriots. He should have a long-term role in Cleveland.,#VALUE!,,Fantasy Impact,289
1725,Category: Transactions,#VALUE!,,Category,289
1726,Dalton Risner,#VALUE!,13,Player name,290
1727,Dalton Risner signs with Bengals,#VALUE!,32,Headline / Summary,290
1728,"Wed, Aug 27th 5:41pm EDT",21,,Date,290
1729,The Bengals signed G Dalton Risner. (Source: Jordan Schultz on Twitter),#VALUE!,71,Headline / Summary,290
1730,"Fantasy Impact: Risner also visited the Seahawks, but he likely chose the Bengals because he has a better chance to immediately start. He should be an upgrade at right guard for Cincinnati.",#VALUE!,,Fantasy Impact,290
1731,Category: Transactions,#VALUE!,,Category,290
1732,Audric Estime,#VALUE!,13,Player name,291
1733,Audric Estime signing with Eagles practice squad,#VALUE!,48,Headline / Summary,291
1734,"Wed, Aug 27th 4:15pm EDT",21,,Date,291
1735,Audric Estime is signing with the Eagles practice squad. (Source: Parker Gabriel on Twitter),#VALUE!,92,Headline / Summary,291
1736,"Fantasy Impact: Estime did not stay a free agent for long after being cut by the Broncos earlier in the week, as the Eagles are now signing him on as a member of their practice squad. Fantasy managers shouldn't expect him to have much of a role for the team early on in the season.",#VALUE!,,Fantasy Impact,291
1737,Category: Transactions,#VALUE!,,Category,291
1738,Greg Dulcich,#VALUE!,12,Player name,292
1739,Greg Dulcich signs with Dolphins practice squad,#VALUE!,47,Headline / Summary,292
1740,"Wed, Aug 27th 4:13pm EDT",21,,Date,292
1741,Greg Dulcich is signing a deal with the Dolphins to join their practice squad. (Source: Tom Pelissero on Twitter),#VALUE!,113,Headline / Summary,292
1742,"Fantasy Impact: The veteran tight end was surprisingly cut by the Giants earlier in the week after having an impressive showing throughout the preseason. He is now joining the Dolphins as a member of their practice squad, and he's a real candidate to make an impact at some point during the season with Darren Waller being the most notable name ahead of him on the depth chart.",#VALUE!,,Fantasy Impact,292
1743,Category: Transactions,#VALUE!,,Category,292
1744,Jordan Love,#VALUE!,11,Player name,293
1745,Jordan Love (thumb) practicing in full Wednesday,#VALUE!,48,Headline / Summary,293
1746,"Wed, Aug 27th 4:10pm EDT",21,,Date,293
1747,Jordan Love (thumb) is practicing in full for the Packers on Wednesday. (Source: Matt Schneidman on Twitter),#VALUE!,108,Headline / Summary,293
1748,"Fantasy Impact: Love recently underwent a minor procedure to repair a thumb injury on his non-throwing hand. It seems that his recovery is going to plan, as he will be a full participant at practice on Wednesday and is expected to be ready to go by Week 1, which is great news for all of Green Bay's skill-position players.",#VALUE!,,Fantasy Impact,293
1749,Category: Injury Updates,#VALUE!,,Category,293
1750,Mark Andrews,#VALUE!,12,Player name,294
1751,Mark Andrews returns to practice Wednesday,#VALUE!,42,Headline / Summary,294
1752,"Wed, Aug 27th 4:08pm EDT",21,,Date,294
1753,Mark Andrews returned to practice for the Ravens on Wednesday. (Source: Jeff Zrebiec on Twitter),#VALUE!,96,Headline / Summary,294
1754,"Fantasy Impact: Andrews was sidelined from practice for a little while due to an undisclosed injury of some kind, but he was back out on the practice field for the Ravens on Wednesday. Barring any unforeseen setbacks, it looks like he should be ready for Week 1 of the season.",#VALUE!,,Fantasy Impact,294
1755,Category: Injury Updates,#VALUE!,,Category,294
1756,Darren Waller,#VALUE!,13,Player name,295
1757,Darren Waller participates in team drills Wednesday,#VALUE!,51,Headline / Summary,295
1758,"Wed, Aug 27th 4:07pm EDT",21,,Date,295
1759,Darren Waller participated in team drills for the Dolphins on Wednesday. (Source: Marcel Louis-Jacques on Twitter),#VALUE!,114,Headline / Summary,295
1760,"Fantasy Impact: Waller has spent much of the offseason ramping up his conditioning after spending about a year in retirement. It looks like he is close to game shape, however, as he is now participating in team drills with the Dolphins at practice. He doesn't project to be a fantasy-relevant player this year but could be a contributor for the Dolphins with Jonnu Smith no longer on the team.",#VALUE!,,Fantasy Impact,295
1761,Category: Injury Updates,#VALUE!,,Category,295
1762,Robert Woods,#VALUE!,12,Player name,296
1763,Robert Woods signing with Steelers practice squad,#VALUE!,49,Headline / Summary,296
1764,"Wed, Aug 27th 4:00pm EDT",21,,Date,296
1765,Robert Woods is signing a deal with the Steelers to join their practice squad. (Source: Teresa Varley),#VALUE!,102,Headline / Summary,296
1766,Fantasy Impact: Woods will be back in Pittsburgh for the start of the regular season as a member of their practice squad after being previously cut by the team. He isn't expected to have much of a role for the foreseeable future.,#VALUE!,,Fantasy Impact,296
1767,Category: Transactions,#VALUE!,,Category,296
1768,Trey Sermon,#VALUE!,11,Player name,297
1769,Trey Sermon signs to Steelers practice squad,#VALUE!,44,Headline / Summary,297
1770,"Wed, Aug 27th 3:58pm EDT",21,,Date,297
1771,Trey Sermon has signed with the Steelers practice squad. (Source: Teresa Varley),#VALUE!,80,Headline / Summary,297
1772,"Fantasy Impact: To no surprise, Sermon will return to the Steelers as a member of their practice squad. He's a journeyed NFL veteran, so it's possible that he will see a small amount of real action this year in the event of an injury to someone ahead of him on the depth chart.",#VALUE!,,Fantasy Impact,297
1773,Category: Transactions,#VALUE!,,Category,297
1774,Jelani Woods,#VALUE!,12,Player name,298
1775,Jelani Woods heads to New York,#VALUE!,30,Headline / Summary,298
1776,"Wed, Aug 27th 3:05pm EDT",21,,Date,298
1777,Jelani Woods has been claimed by the New York Jets (Source: Tom Pelissero on X),#VALUE!,79,Headline / Summary,298
1778,"Fantasy Impact: After two seasons with the Indianapolis Colts, the tight end will be battling for the TE2 position with Jeremy Ruckert. He doesn't offer much, if any fantasy value as of now.",#VALUE!,,Fantasy Impact,298
1779,Category: Transactions,#VALUE!,,Category,298
1780,Malachi Corley,#VALUE!,14,Player name,299
1781,Malachi Corley signing with Browns' practice squad,#VALUE!,50,Headline / Summary,299
1782,"Wed, Aug 27th 2:50pm EDT",21,,Date,299
1783,Former New York Jets wide receiver Malachi Corley is signing with the Cleveland Browns' practice squad after being cut and clearing waivers. (Source: Jordan Schultz on Twitter),#VALUE!,176,Headline / Summary,299
1784,"Fantasy Impact: Corley struggled as a rookie in New York, totaling 42 scrimmage yards on five touches with just three catches. He also scored zero touchdowns, infamously dropping the ball at the goal line during a celebration. While the Jets expressed that he was one of their top prospects in the 2024 NFL Draft, the new management may not have had the same optimism. He gets a chance to reset in a new environment on the Browns' practice squad.",#VALUE!,,Fantasy Impact,299
1785,Category: Transactions,#VALUE!,,Category,299
1786,Riley Patterson,#VALUE!,15,Player name,300
1787,Riley Patterson signs with Dolphins' practice squad,#VALUE!,51,Headline / Summary,300
1788,"Wed, Aug 27th 2:46pm EDT",21,,Date,300
1789,The Dolphins have signed K Riley Patterson to their practice squad. (Source: Cameron Wolfe on Twitter ),#VALUE!,103,Headline / Summary,300
1790,Fantasy Impact: Patterson will be elevated from the practice squad to serve as the team's kicker until Jason Sanders returns from injured reserve. Patterson converted on 4-of-7 field goal attempts in five games last season.,#VALUE!,,Fantasy Impact,300
1791,Category: Transactions,#VALUE!,,Category,300
1792,DJ Uiagalelei,#VALUE!,13,Player name,301
1793,DJ Uiagalelei signs with Chargers' practice squad,#VALUE!,49,Headline / Summary,301
1794,"Wed, Aug 27th 2:44pm EDT",21,,Date,301
1795,The Chargers have signed QB DJ Uiagalelei to their practice squad. (Source: Tom Pelissero on Twitter ),#VALUE!,102,Headline / Summary,301
1796,"Fantasy Impact: Uiagalelei had a strong preseason, passing for 244 yards and two touchdowns. He will serve as the third quarterback behind backup Trey Lance and starter Justin Herbert.",#VALUE!,,Fantasy Impact,301
1797,Category: Transactions,#VALUE!,,Category,301
1798,Ainias Smith,#VALUE!,12,Player name,302
1799,Ainias Smith signs with Panthers' practice squad,#VALUE!,48,Headline / Summary,302
1800,"Wed, Aug 27th 2:42pm EDT",21,,Date,302
1801,The Panthers have signed WR Ainias Smith to their practice squad. (Source: Joe Person on Twitter),#VALUE!,97,Headline / Summary,302
1802,Fantasy Impact: Smith was cut from the Eagles roster ahead of the 53-man deadline. He will provide depth at wide receiver after registering 41 yards and a touchdown on seven receptions in his rookie season.,#VALUE!,,Fantasy Impact,302
1803,Category: Transactions,#VALUE!,,Category,302
1804,Carson Steele,#VALUE!,13,Player name,303
1805,Carson Steele signs with Chiefs' practice squad,#VALUE!,47,Headline / Summary,303
1806,"Wed, Aug 27th 2:40pm EDT",21,,Date,303
1807,The Chiefs have signed RB Carson Steele to their practice squad. (Source: Matt Derrick on Twitter ),#VALUE!,99,Headline / Summary,303
1808,"Fantasy Impact: Steele went unclaimed on waivers but will remain in the organization. With the signing of Clyde Edwards-Helaire and Steele, the Chiefs ensure they have depth in the organization at running back.",#VALUE!,,Fantasy Impact,303
1809,Clyde Edwards-Helaire,#VALUE!,21,Player name,304
1810,Clyde Edwards-Helaire signs with Chiefs' practice squad,#VALUE!,55,Headline / Summary,304
1811,"Wed, Aug 27th 2:39pm EDT",21,,Date,304
1812,The Chiefs have signed RB Clyde Edwards-Helaire to their practice squad. (Source: Matt Derrick on Twitter ),#VALUE!,107,Headline / Summary,304
1813,Fantasy Impact: CEH was cut by the Saints on Tuesday and will return to the Chiefs after spending the 2024 season with the Saints. He will provide organizational depth at running back for Kansas City.,#VALUE!,,Fantasy Impact,304
1814,Category: Transactions,#VALUE!,,Category,304
1815,Chris Oladokun,#VALUE!,14,Player name,305
1816,Chris Oladokun signs with Chiefs' practice squad,#VALUE!,48,Headline / Summary,305
1817,"Wed, Aug 27th 2:37pm EDT",21,,Date,305
1818,The Chiefs have signed QB Chris Oladokun to their practice squad. (Source: Matt Derrick on Twitter ),#VALUE!,100,Headline / Summary,305
1819,Fantasy Impact: Oladokun was unclaimed on the waiver wire and will head back to the Chiefs. He will provide roster depth behind Patrick Mahomes and Gardner Minshew.,#VALUE!,,Fantasy Impact,305
1820,Category: Transactions,#VALUE!,,Category,305
1821,Dalevon Campbell,#VALUE!,16,Player name,306
1822,Dalevon Campbell heading to Carolina,#VALUE!,36,Headline / Summary,306
1823,"Wed, Aug 27th 2:25pm EDT",21,,Date,306
1824,The Carolina Panthers have enlisted the services of wide receiver Dalevon Campbell. He was claimed off waivers from the Los Angeles Chargers. (Source: Tom Pelissero on X),#VALUE!,170,Headline / Summary,306
1825,Fantasy Impact:,#VALUE!,,Fantasy Impact,306
1826,Category: Transactions,#VALUE!,,Category,306
1827,Trey Palmer,#VALUE!,11,Player name,307
1828,Trey Palmer going to New Orleans,#VALUE!,32,Headline / Summary,307
1829,"Wed, Aug 27th 2:18pm EDT",21,,Date,307
1830,The New Orleans Saints won a waiver claim for Trey Palmer and will effectively end his time with the Tampa Bay Buccaneers. He accumulated 51 receptions for 557 yards and four touchdowns during his time in the Sunshine State. (Source: Tom Pelissero on X),#VALUE!,253,Headline / Summary,307
1831,Fantasy Impact:,#VALUE!,,Fantasy Impact,307
1832,Category: Transactions,#VALUE!,,Category,307
1833,Kimani Vidal,#VALUE!,12,Player name,308
1834,Kimani Vidal returning to Chargers on practice squad,#VALUE!,52,Headline / Summary,308
1835,"Wed, Aug 27th 2:06pm EDT",21,,Date,308
1836,The Los Angeles Chargers are re-signing running back Kimani Vidal on their practice squad after he was waived ahead of the roster cutdown deadline. (Source: Matt Zenitz on Twitter),#VALUE!,180,Headline / Summary,308
1837,"Fantasy Impact: Vidal was a rookie in 2024 and did not emerge as the sleeper option he was billed to be. He did find some success with over 200 scrimmage yards and one touchdown, but he played 26% of the offensive snaps over 10 games while being a non-factor on special teams. He was inactive for games last season and will be on the practice squad in 2025 with a deeper rotation in LA.",#VALUE!,,Fantasy Impact,308
1838,Category: Transactions,#VALUE!,,Category,308
1839,Brett Rypien,#VALUE!,12,Player name,309
1840,Brett Rypien signing with Bengals practice squad,#VALUE!,48,Headline / Summary,309
1841,"Wed, Aug 27th 2:06pm EDT",21,,Date,309
1842,Brett Rypien is signing a deal with the Bengals to join their practice squad. (Source: Ben Baby on Twitter),#VALUE!,107,Headline / Summary,309
1843,"Fantasy Impact: Rypien spent much of the offseason with the Vikings, but he wasn't able to earn a roster spot and has ultimately been cut. He now joins the Bengals and will serve as their QB3 from the practice squad.",#VALUE!,,Fantasy Impact,309
1844,Category: Transactions,#VALUE!,,Category,309
1845,Javon Baker,#VALUE!,11,Player name,310
1846,Javon Baker to be released,#VALUE!,26,Headline / Summary,310
1847,"Wed, Aug 27th 2:05pm EDT",21,,Date,310
1848,The Patriots are planning on releasing WR Javon Baker. (Source: Mike Reiss on Twitter ),#VALUE!,87,Headline / Summary,310
1849,Fantasy Impact: Baker was likely the last receiver on the depth chart based on his performance last season and seeing most of his time with the backups during the preseason. He could return on the practice squad should he clear waivers.,#VALUE!,,Fantasy Impact,310
1850,Category: Transactions,#VALUE!,,Category,310
1851,Frank Gore Jr.,#VALUE!,14,Player name,311
1852,Frank Gore Jr. signing with Bills practice squad,#VALUE!,48,Headline / Summary,311
1853,"Wed, Aug 27th 2:04pm EDT",21,,Date,311
1854,Frank Gore Jr. is signing with the Bills to join their practice squad. (Source: Tom Pelissero on Twitter),#VALUE!,105,Headline / Summary,311
1855,"Fantasy Impact: The Bills are bringing back Gore onto their practice squad after releasing him recently. Buffalo has solid depth in their backfield right now, so the path isn't clear for him to earn a spot on the active roster.",#VALUE!,,Fantasy Impact,311
1856,Category: Transactions,#VALUE!,,Category,311
1857,DeeJay Dallas,#VALUE!,13,Player name,312
1858,DeeJay Dallas signing with Panthers' practice squad,#VALUE!,51,Headline / Summary,312
1859,"Wed, Aug 27th 2:03pm EDT",21,,Date,312
1860,The Carolina Panthers are signing running back DeeJay Dallas to their practice squad after he was released by the Arizona Cardinals. (Source: Mike Kaye on Twitter),#VALUE!,163,Headline / Summary,312
1861,"Fantasy Impact: Dallas became the first player to return a kickoff for a touchdown under the new rule set and has provided value as a returner and running back for Arizona and Seattle. The Panthers already have Chuba Hubbard, Rico Dowdle, and Trevor Etienne, so Dallas may not be able to crack the rotation, but he could fit in if they face injuries.",#VALUE!,,Fantasy Impact,312
1862,Category: Transactions,#VALUE!,,Category,312
1863,Xazavian Valladay,#VALUE!,17,Player name,313
1864,Xazavian Valladay returning to Vikings on practice squad,#VALUE!,56,Headline / Summary,313
1865,"Wed, Aug 27th 2:02pm EDT",21,,Date,313
1866,Xazavian Valladay will be returning to the Vikings as a member of their practice squad. (Source: Mike Garafolo on Twitter),#VALUE!,122,Headline / Summary,313
1867,"Fantasy Impact: The Vikings recently cut Valladay as part of their roster cutdown ahead of Week 1, but he went unclaimed on waivers and will be rejoining the team on the practice squad. Fantasy managers shouldn't expect him to have much of an impact this season.",#VALUE!,,Fantasy Impact,313
1868,Category: Transactions,#VALUE!,,Category,313
1869,Damien Martinez,#VALUE!,15,Player name,314
1870,Damien Martinez signs with Seahawks' practice squad,#VALUE!,51,Headline / Summary,314
1871,"Wed, Aug 27th 2:01pm EDT",21,,Date,314
1872,The Seahawks have signed RB Damien Martinez to their practice squad. (Source: Brady Henderson on Twitter),#VALUE!,105,Headline / Summary,314
1873,"Fantasy Impact: The Seahawks currently have a crowded backfield, but will return to the practice squad to provide the team with depth. He finished the preseason with 84 rushing yards on 24 carries.",#VALUE!,,Fantasy Impact,314
1874,Category: Transactions,#VALUE!,,Category,314
1875,Jeff Wilson Jr.,#VALUE!,15,Player name,315
1876,Jeff Wilson Jr. signing with Dolphins practice squad,#VALUE!,52,Headline / Summary,315
1877,"Wed, Aug 27th 2:00pm EDT",21,,Date,315
1878,Jeff Wilson Jr. is signing a deal to join the Dolphins practice squad. (Source: Adam Schefter on Twitter),#VALUE!,105,Headline / Summary,315
1879,"Fantasy Impact: The veteran running back has found a home for the start of the regular season, joining Miami over a week before the 2025 NFL season kicks off. Miami's running back room is currently thin and injury riddled, so the veteran could find himself on the active roster at several points throughout the season.",#VALUE!,,Fantasy Impact,315
1880,Category: Transactions,#VALUE!,,Category,315
1881,Tommy DeVito,#VALUE!,12,Player name,316
1882,Tommy Devito acquired by New England,#VALUE!,36,Headline / Summary,316
1883,"Wed, Aug 27th 1:59pm EDT",21,,Date,316
1884,"Tommy ""Cutlets"" Devito has been claimed by the New England Patriots after being let go by the New York Giants. (Source: Tom Pelissero on X)",#VALUE!,139,Headline / Summary,316
1885,"Fantasy Impact: With Drake Maye starting and Joshua Dobbs backing him up, Devito will be third in line to take snaps under center for the Patriots in the 2025/26 NFL season. He has compiled 1358 passing yards, eight touchdowns and three interceptions over his career to date.",#VALUE!,,Fantasy Impact,316
1886,Category: Transactions,#VALUE!,,Category,316
1887,Xavier Restrepo,#VALUE!,15,Player name,317
1888,Xavier Restrepo rejoining Tennessee on practice squad,#VALUE!,53,Headline / Summary,317
1889,"Wed, Aug 27th 1:58pm EDT",21,,Date,317
1890,Xavier Restrepo will be returning to the Titans as a member of their practice squad. (Source: Adam Schefter on Twitter),#VALUE!,119,Headline / Summary,317
1891,"Fantasy Impact: The Titans did not give Restrepo a spot on their active roster, but they like him and will be bringing him back to the team as a member of their practice squad. He isn't expected to be fantasy relevant at all in 2025.",#VALUE!,,Fantasy Impact,317
1892,Category: Transactions,#VALUE!,,Category,317
1893,Erik Ezukanma,#VALUE!,13,Player name,318
1894,Erik Ezukanma signing with Jaguars practice squad,#VALUE!,49,Headline / Summary,318
1895,"Wed, Aug 27th 1:56pm EDT",21,,Date,318
1896,Erik Ezukanma is signing a deal with the Jaguars to join their practice squad. (Source: Tom Pelissero on Twitter),#VALUE!,113,Headline / Summary,318
1897,"Fantasy Impact: Ezukanma will be on Jacksonville's practice squad to start the season. It's unlikely that he will make a notable impact at any point, barring injuries to several of the Jaguars' key pass catchers.",#VALUE!,,Fantasy Impact,318
1898,Category: Transactions,#VALUE!,,Category,318
1899,Hendon Hooker,#VALUE!,13,Player name,319
1900,Hendon Hooker signs with Panthers' practice squad,#VALUE!,49,Headline / Summary,319
1901,"Wed, Aug 27th 1:47pm EDT",21,,Date,319
1902,The Carolina Panthers are bringing in quarterback Hendon Hooker on their practice squad. (Source: Mike Kaye on Twitter),#VALUE!,119,Headline / Summary,319
1903,"Fantasy Impact: Hooker is entering his third season in the NFL after being a Round 3 pick following a standout senior season at Tennessee. Unfortunately, an injury kept him out during his rookie year, and he struggled in the preseason. The Volunteers' offense is not necessarily a pro-style offense and Hooker may need to continue to develop to be a backup QB, but he is also 27 years old. He can learn and develop behind veteran Andy Dalton while backing up Bryce Young.",#VALUE!,,Fantasy Impact,319
1904,Category: Transactions,#VALUE!,,Category,319
1905,Jake Haener,#VALUE!,11,Player name,320
1906,Jake Haener re-signing with Saints' practice squad,#VALUE!,50,Headline / Summary,320
1907,"Wed, Aug 27th 1:40pm EDT",21,,Date,320
1908,"The New Orleans Saints are bringing back quarterback Jake Haener on their practice squad, who they drafted in the fourth round of the 2023 NFL Draft. (Source: Nick Underhill on Twitter)",#VALUE!,185,Headline / Summary,320
1909,"Fantasy Impact: Haener has started one game for the Saints in two seasons, playing behind QB Spencer Rattler following Derek Carr's injury in 2024. Haener was waived after losing the QB battle this season to Rattler and rookie Tyler Shough, but he is returning as their QB3 on the practice squad.",#VALUE!,,Fantasy Impact,320
1910,Category: Transactions,#VALUE!,,Category,320
1911,Raheim Sanders,#VALUE!,14,Player name,321
1912,Raheim Sanders joins Cleveland,#VALUE!,30,Headline / Summary,321
1913,"Wed, Aug 27th 1:38pm EDT",21,,Date,321
1914,Raheim Sanders has been claimed off waivers by the Cleveland Browns (Source: Tom Pelissero on X),#VALUE!,96,Headline / Summary,321
1915,"Fantasy Impact: Just a day after he was released by the Los Angeles Chargers, the Cleveland Browns have picked up the running back. The RB situation in Cleveland is fluid due to rookie Quinshon Judkins off-field issues. Dylan Sampson's name has been coming up as decent second option behind Jerome Ford so Sanders will be the perceived third fiddle for now.",#VALUE!,,Fantasy Impact,321
1916,Category: Transactions,#VALUE!,,Category,321
1917,Easton Stick,#VALUE!,12,Player name,322
1918,Easton Stick returning to Falcons on practice squad,#VALUE!,51,Headline / Summary,322
1919,"Wed, Aug 27th 1:34pm EDT",21,,Date,322
1920,The Atlanta Falcons are re-signing quarterback Easton Stick to their practice squad after waiving him ahead of the roster cutdown deadline. (Source: Mike Garafolo on Twitter),#VALUE!,174,Headline / Summary,322
1921,"Fantasy Impact: Stick had some solid preseason performances, receiving most of the team's reps with QB Michael Penix Jr. and Kirk Cousins sidelined. The former North Dakota State product was rumored to land in New Orleans, but he returns with Jake Haener re-signing with the Saints. He could be the team's QB3.",#VALUE!,,Fantasy Impact,322
1922,Category: Transactions,#VALUE!,,Category,322
1923,Tyler Huntley,#VALUE!,13,Player name,323
1924,Tyler Huntley reuniting with Ravens on practice squad,#VALUE!,53,Headline / Summary,323
1925,"Wed, Aug 27th 1:27pm EDT",21,,Date,323
1926,"The Baltimore Ravens are bringing back quarterback Tyler Huntley on their practice squad, who had previously made a Pro Bowl with the team. (Source: Adam Schefter on Twitter)",#VALUE!,174,Headline / Summary,323
1927,"Fantasy Impact: Huntle spent some time with other organizations, like Cleveland and Miami, but found his way back to Baltimore, where he started his career as an undrafted free agent. Huntley started nine games for the Ravens over four seasons.",#VALUE!,,Fantasy Impact,323
1928,Category: Transactions,#VALUE!,,Category,323
1929,Kyle McCord,#VALUE!,11,Player name,324
1930,Kyle McCord re-signing to Eagles' practice squad,#VALUE!,48,Headline / Summary,324
1931,"Wed, Aug 27th 1:20pm EDT",21,,Date,324
1932,The Philadelphia Eagles are bringing back rookie quarterback Kyle McCord to their practice squad after he was waived ahead of the roster cutdown deadline. (Source: Tom Pelissero on Twitter),#VALUE!,189,Headline / Summary,324
1933,"Fantasy Impact: McCord had a successful final season at Syracuse after transferring from Ohio State, leading the nation in several passing statistics. He did struggle during the preseason, which put him behind Tanner McKee and recent trade acquisition Sam Howell in the pecking order, but he could develop into a long-term backup.",#VALUE!,,Fantasy Impact,324
1934,Category: Transactions,#VALUE!,,Category,324
1935,Sam Hartman,#VALUE!,11,Player name,325
1936,Sam Hartman re-signing with Commanders,#VALUE!,38,Headline / Summary,325
1937,"Wed, Aug 27th 1:17pm EDT",21,,Date,325
1938,"The Washington Commanders and Sam Hartman are reuniting after the former Notre Dame quarterback was waived ahead of roster cutdown day, joining the team's practice squad. (Source: Tom Pelissero on Twitter)",#VALUE!,205,Headline / Summary,325
1939,"Fantasy Impact: Hartman's release was procedural, as he had already been cut and re-signed by Washington in the past. He is behind veterans Marcus Mariota and Josh Johnson, who both made the initial 53-man roster.",#VALUE!,,Fantasy Impact,325
1940,Category: Transactions,#VALUE!,,Category,325
1941,Mecole Hardman Jr.,#VALUE!,18,Player name,326
1942,Mecole Hardman Jr. added to practice squad,#VALUE!,42,Headline / Summary,326
1943,"Wed, Aug 27th 1:15pm EDT",21,,Date,326
1944,Mecole Hardman Jr. added to practice squad by the Green Bay Packers (Source: Jordan Schultz on X),#VALUE!,97,Headline / Summary,326
1945,"Fantasy Impact: Hardman didn't make the starting roster for Green Bay as he was cut yesterday but they seem to think he's worthy of sticking around with the organization. Considering how oft-injured the Packers receivers are, it may be a prudent move to have a wide receiver with 178 receptions and just over 2300 career yards waiting behind glass in case of emergency.",#VALUE!,,Fantasy Impact,326
1946,Lil'Jordan Humphrey,#VALUE!,19,Player name,327
1947,Lil'Jordan Humphrey added to practice squad,#VALUE!,43,Headline / Summary,327
1948,"Wed, Aug 27th 1:05pm EDT",21,,Date,327
1949,"As per Adam Schefter, Lil'Jordan Humphrey has been signed to the New York Giants practice squad. (Source: Adam Schefter on X)",#VALUE!,125,Headline / Summary,327
1950,"Fantasy Impact: Just one day after being released by the Giants, he was signed to the practice squad. Humphrey has amassed 62 receptions and 770 yards over his 58 game career.",#VALUE!,,Fantasy Impact,327
1951,Marquez Valdes-Scantling,#VALUE!,24,Player name,328
1952,Marquez Valdes-Scantling signs with 49ers,#VALUE!,41,Headline / Summary,328
1953,"Wed, Aug 27th 12:31pm EDT",22,,Date,328
1954,Veteran wide receiver Marquez Valdes-Scantling is signing with the San Francisco 49ers. (Source: Tom Pelissero on Twitter),#VALUE!,122,Headline / Summary,328
1955,"Fantasy Impact: Valdes-Scantling was released by the Seattle Seahawks, setting him up to find a new home. As a veteran, he was not subject to the league's waiver system and reportedly chose the Niners over the Pittsburgh Steelers, who have his old quarterback, Aaron Rodgers. SF needs healthy wide receiver help, and Valdes-Scantling brings a field-stretching element to any offense.",#VALUE!,,Fantasy Impact,328
1956,Category: Transactions,#VALUE!,,Category,328
1957,Kendrick Bourne,#VALUE!,15,Player name,329
1958,Kendrick Bourne released by Patriots,#VALUE!,36,Headline / Summary,329
1959,"Wed, Aug 27th 12:24pm EDT",22,,Date,329
1960,"The New England Patriots are releasing Kendrick Bourne, who had been a subject of trade rumors and dealt with injuries over the offseason. (Source: Tom Pelissero on Twitter)",#VALUE!,173,Headline / Summary,329
1961,"Fantasy Impact: Bourne missed time during training camp with a foot injury but has been a productive receiver in the NFL. He had 800 yards in 2021 and has 400+ yards in five of his eight seasons. Minnesota reportedly had tried to trade for Bourne before acquiring Adam Thielen, but the San Francisco 49ers could emerge as a landing spot, according to NFL Network's Mike Garafolo.",#VALUE!,,Fantasy Impact,329
1962,Category: Transactions,#VALUE!,,Category,329
1963,Kyle Hamilton,#VALUE!,13,Player name,330
1964,Kyle Hamilton lands four-year contract extension,#VALUE!,48,Headline / Summary,330
1965,"Wed, Aug 27th 12:15pm EDT",22,,Date,330
1966,The Baltimore Ravens and safety Kyle Hamilton have reportedly come to terms on a four-year contract extension worth $100.4 million. (Source: Jordan Schultz on Twitter),#VALUE!,167,Headline / Summary,330
1967,"Fantasy Impact: Hamilton, arguably the best safety in the league, has been a crucial part of Baltimore's defense. He has shown versatility with seven sacks, five picks, 18 tackles for loss, and four forced fumbles, proving that he can impact every facet of the game. He has an expert consensus ranking as the DB2 in IDP leagues, according to FantasyPros' data.",#VALUE!,,Fantasy Impact,330
1968,Category: Transactions,#VALUE!,,Category,330
1969,Rashee Rice,#VALUE!,11,Player name,331
1970,Rashee Rice will serve six-game suspension,#VALUE!,42,Headline / Summary,331
1971,"Wed, Aug 27th 12:12pm EDT",22,,Date,331
1972,Kansas City Chiefs wide receiver Rashee Rice is accepting a six-game suspension that will take effect in Week 1. (Source: Tom Pelissero on Twitter),#VALUE!,147,Headline / Summary,331
1973,"Fantasy Impact: Rice will be eligible to return to the field after Week 7, after facing a suspension for his 2024 multi-car accident in Dallas. The arbitration for this suspension had dragged on for a while, but there is finally a definitive timeline. While this makes Rice a tricky pick in fantasy, WR Xavier Worthy and TE Travis Kelce could see extended usage in his absence to start the season, with the ability to occupy similar parts of the field. Rookie Jalen Royals could be involved as well.",#VALUE!,,Fantasy Impact,331
1974,Category: Transactions,#VALUE!,,Category,331
1975,Daniel Thomas,#VALUE!,13,Player name,332
1976,Daniel Thomas signs with Lions,#VALUE!,30,Headline / Summary,332
1977,"Wed, Aug 27th 11:37am EDT",22,,Date,332
1978,The Lions signed S Daniel Thomas. (Source: Jeremy Fowler on Twitter),#VALUE!,68,Headline / Summary,332
1979,Fantasy Impact: Thomas quickly finds a new home after he was released by the Jaguars. He'll add depth in the secondary for Detroit.,#VALUE!,,Fantasy Impact,332
1980,Category: Transactions,#VALUE!,,Category,332
1981,Jordan Poyer,#VALUE!,12,Player name,333
1982,Jordan Poyer signs with Bills,#VALUE!,29,Headline / Summary,333
1983,"Wed, Aug 27th 11:36am EDT",22,,Date,333
1984,The Bills signed S Jordan Poyer. (Source: Jordan Schultz on Twitter),#VALUE!,68,Headline / Summary,333
1985,Fantasy Impact: Poyer returns for another stint in Buffalo. He remains in the AFC East after playing for the Dolphins last season. He'll add depth in the secondary for Buffalo.,#VALUE!,,Fantasy Impact,333
1986,Category: Transactions,#VALUE!,,Category,333
1987,Joe Mixon,#VALUE!,9,Player name,334
1988,Joe Mixon (ankle) to be re-evaluated after four weeks,#VALUE!,53,Headline / Summary,334
1989,"Wed, Aug 27th 11:34am EDT",22,,Date,334
1990,Texans GM Nick Caserio told reporters Joe Mixon will be re-evaluated after four weeks. (Source: Jonathan M Alexander on Twitter),#VALUE!,128,Headline / Summary,334
1991,"Fantasy Impact: Mixon will miss at least the first four weeks of the season after being placed on the NFI list. “We’ll see, we’ll take it one day at a time,"" Caserio said on his status. Nick Chubb, Woody Marks and Dameon Pierce will enter the season leading the Texans backfield.",#VALUE!,,Fantasy Impact,334
1992,Category: Injury Updates,#VALUE!,,Category,334
1993,Tim Patrick,#VALUE!,11,Player name,335
1994,Tim Patrick traded to Jacksonville Jaguars,#VALUE!,42,Headline / Summary,335
1995,"Wed, Aug 27th 11:18am EDT",22,,Date,335
1996,Tim Patrick has been traded from the Detroit Lions to the Jacksonville Jaguars in exchange for a sixth-round pick. (Source: Tom Pelissero on Twitter),#VALUE!,149,Headline / Summary,335
1997,Fantasy Impact: Patrick has been a steady contributor throughout his NFL career and will now find himself in Jacksonville with Trevor Lawrence and Co. after being acquired for a sixth-round pick on Wednesday. He isn't expected to play a prominent role but should be a valuable depth piece for the team.,#VALUE!,,Fantasy Impact,335
1998,Category: Transactions,#VALUE!,,Category,335
1999,Adam Thielen,#VALUE!,12,Player name,336
2000,Adam Thielen traded to Minnesota,#VALUE!,32,Headline / Summary,336
2001,"Wed, Aug 27th 10:13am EDT",22,,Date,336
2002,Adam Thielen has been traded to the Vikings along with a 2026 seventh-round pick and 2027 fifth-round pick from the Panthers for a 2026 fifth-round pick and a 2027 fourth-round pick. (Source: Adam Schefter via X),#VALUE!,212,Headline / Summary,336
2003,"Fantasy Impact: Thielen operated as the Panthers' WR1 for the past two seasons but with the additions of Tet McMillan and Xavier Legette and the rise of Jalen Coker, Carolina could afford to move on from the steady wideout and go with a youth movement. Returning home, Thielen should give JJ McCarthy a nice secondary target at receiver behind Justin Jefferson while Jordan Addison is out with a suspension.",#VALUE!,,Fantasy Impact,336
2004,Category: Transactions,#VALUE!,,Category,336
2005,Maxwell Hairston,#VALUE!,16,Player name,337
2006,Maxwell Hairston (knee) placed on IR,#VALUE!,36,Headline / Summary,337
2007,"Wed, Aug 27th 5:31am EDT",21,,Date,337
2008,The Bills placed rookie CB Maxwell Hairston on injured reserve. (Source: Tom Pelissero on Twitter),#VALUE!,98,Headline / Summary,337
2009,Fantasy Impact: Hairston will miss at least the first four weeks of the season.,#VALUE!,,Fantasy Impact,337
2010,Category: Injury Updates,#VALUE!,,Category,337
2011,Jalen Graham,#VALUE!,12,Player name,338
2012,Jalen Graham waived by 49ers,#VALUE!,28,Headline / Summary,338
2013,"Wed, Aug 27th 5:28am EDT",21,,Date,338
2014,The 49ers waived LB Jalen Graham. (Source: Eric Branch on Twitter),#VALUE!,66,Headline / Summary,338
2015,Fantasy Impact: Graham was unable to earn a spot on the 49ers 53-man roster. He'll likely look to land an opportunity on a practice squad.,#VALUE!,,Fantasy Impact,338
2016,Category: Transactions,#VALUE!,,Category,338
2017,Will Howard,#VALUE!,11,Player name,339
2018,Will Howard (hand) to be placed on IR,#VALUE!,37,Headline / Summary,339
2019,"Wed, Aug 27th 5:27am EDT",21,,Date,339
2020,The Steelers are expected to place QB Will Howard on injured reserve. (Source: Gerry Dulac on Twitter),#VALUE!,102,Headline / Summary,339
2021,Fantasy Impact: Howard continues to work his way back from a hand injury. He will miss at least the first four weeks during the season.,#VALUE!,,Fantasy Impact,339
2022,Category: Injury Updates,#VALUE!,,Category,339
2023,Devin Leary,#VALUE!,11,Player name,340
2024,Devin Leary released by Ravens,#VALUE!,30,Headline / Summary,340
2025,"Wed, Aug 27th 5:22am EDT",21,,Date,340
2026,The Ravens released QB Devin Leary. (Source: Jeff Zrebiec on Twitter),#VALUE!,69,Headline / Summary,340
2027,Fantasy Impact: Leary was unable to earn a spot on the Ravens 53-man roster. He'll likely look to land an opportunity on a practice squad.,#VALUE!,,Fantasy Impact,340
2028,Category: Transactions,#VALUE!,,Category,340
2029,David Sharpe,#VALUE!,12,Player name,341
2030,David Sharpe released by Chargers,#VALUE!,33,Headline / Summary,341
2031,"Wed, Aug 27th 5:21am EDT",21,,Date,341
2032,The Chargers released veteran OL David Sharpe. (Source: Ian Rapoport on Twitter),#VALUE!,80,Headline / Summary,341
2033,Fantasy Impact: Sharpe was unable to earn a spot on the Chargers 53-man roster. He'll likely look to land an opportunity on a practice squad.,#VALUE!,,Fantasy Impact,341
2034,Category: Transactions,#VALUE!,,Category,341
2035,C.J. Henderson,#VALUE!,14,Player name,342
2036,C.J. Henderson released by Falcons,#VALUE!,34,Headline / Summary,342
2037,"Wed, Aug 27th 5:18am EDT",21,,Date,342
2038,The Falcons released CB C.J. Henderson. (Source: Jordan Schultz on Twitter),#VALUE!,75,Headline / Summary,342
2039,Fantasy Impact: Henderson was unable to earn a spot on the Falcons 53-man roster. He'll likely look to land an opportunity on a practice squad.,#VALUE!,,Fantasy Impact,342
2040,Category: Transactions,#VALUE!,,Category,342
2041,Terique Owens,#VALUE!,13,Player name,343
2042,Terique Owens waived by 49ers,#VALUE!,29,Headline / Summary,343
2043,"Wed, Aug 27th 5:16am EDT",21,,Date,343
2044,The 49ers waived WR Terique Owens. (Source: Matt Maiocco on Twitter),#VALUE!,68,Headline / Summary,343
2045,Fantasy Impact: Owens was unable to earn a spot on the 49ers 53-man roster. He'll likely look to land an opportunity on a practice squad.,#VALUE!,,Fantasy Impact,343
2046,Category: Transactions,#VALUE!,,Category,343
2047,Rasul Douglas,#VALUE!,13,Player name,344
2048,Rasul Douglas signs with Dolphins,#VALUE!,33,Headline / Summary,344
2049,"Wed, Aug 27th 5:15am EDT",21,,Date,344
2050,The Dolphins signed Rasul Douglas to a $3 million deal. (Source: Jordan Schultz on Twitter),#VALUE!,91,Headline / Summary,344
2051,Fantasy Impact: Douglas will add more experience in the secondary for Miami.,#VALUE!,,Fantasy Impact,344
2052,Category: Transactions,#VALUE!,,Category,344
2053,Michael Jerrell,#VALUE!,15,Player name,345
2054,Michael Jerrell traded to Falcons,#VALUE!,33,Headline / Summary,345
2055,"Wed, Aug 27th 5:14am EDT",21,,Date,345
2056,The Seahawks traded OT Michael Jerrell to the Falcons for a conditional 2027 seventh-round pick. (Source: Tom Pelissero on Twitter),#VALUE!,131,Headline / Summary,345
2057,Fantasy Impact: Jerrell will add depth on the offensive line for Atlanta.,#VALUE!,,Fantasy Impact,345
2058,Category: Transactions,#VALUE!,,Category,345
2059,Ricky White III,#VALUE!,15,Player name,346
2060,Ricky White III waived by Seahawks,#VALUE!,34,Headline / Summary,346
2061,"Wed, Aug 27th 5:07am EDT",21,,Date,346
2062,The Seahawks waived WR Ricky White III. (Source: Brady Henderson on Twitter),#VALUE!,76,Headline / Summary,346
2063,Fantasy Impact: White was a seventh round pick of Seattle this year. He'll be a practice squad candidate if he clears waivers.,#VALUE!,,Fantasy Impact,346
2064,Category: Transactions,#VALUE!,,Category,346
2065,Beanie Bishop Jr.,#VALUE!,17,Player name,347
2066,Beanie Bishop Jr. released by Steelers,#VALUE!,38,Headline / Summary,347
2067,"Wed, Aug 27th 5:05am EDT",21,,Date,347
2068,The Steelers released DB Beanie Bishop Jr. (Source: Tom Pelissero on Twitter),#VALUE!,77,Headline / Summary,347
2069,Fantasy Impact: Bishop was unable to earn a spot on the Steelers 53-man roster. He'll likely look to land an opportunity on a practice squad.,#VALUE!,,Fantasy Impact,347
2070,Category: Transactions,#VALUE!,,Category,347
2071,Thomas Morstead,#VALUE!,15,Player name,348
2072,Thomas Morstead released by 49ers,#VALUE!,33,Headline / Summary,348
2073,"Wed, Aug 27th 5:03am EDT",21,,Date,348
2074,The 49ers released P Thomas Morstead. (Source: Tom Pelissero on Twitter),#VALUE!,72,Headline / Summary,348
2075,Fantasy Impact: Morstead was unable to earn a spot on the 49ers 53-man roster. He'll likely look to land an opportunity on a practice squad.,#VALUE!,,Fantasy Impact,348
2076,Category: Transactions,#VALUE!,,Category,348
2077,Malik Turner,#VALUE!,12,Player name,349
2078,Malik Turner released by 49ers,#VALUE!,30,Headline / Summary,349
2079,"Wed, Aug 27th 5:02am EDT",21,,Date,349
2080,The 49ers released WR Malik Turner. (Source: Tom Pelissero on Twitter),#VALUE!,70,Headline / Summary,349
2081,Fantasy Impact: Turner was unable to earn a spot on the 49ers 53-man roster. He'll likely look to land an opportunity on a practice squad.,#VALUE!,,Fantasy Impact,349
2082,Category: Transactions,#VALUE!,,Category,349
2083,Isaiah Hodgins,#VALUE!,14,Player name,350
2084,Isaiah Hodgins released by 49ers,#VALUE!,32,Headline / Summary,350
2085,"Wed, Aug 27th 5:01am EDT",21,,Date,350
2086,The 49ers released WR Isaiah Hodgins. (Source: Tom Pelissero on Twitter),#VALUE!,72,Headline / Summary,350
2087,Fantasy Impact: Hodgins was unable to earn a spot on the 49ers 53-man roster. He'll likely look to land an opportunity on a practice squad.,#VALUE!,,Fantasy Impact,350
2088,Category: Transactions,#VALUE!,,Category,350
2089,Robbie Chosen,#VALUE!,13,Player name,351
2090,Robbie Chosen released by 49ers,#VALUE!,31,Headline / Summary,351
2091,"Wed, Aug 27th 4:59am EDT",21,,Date,351
2092,The 49ers released WR Robbie Chosen. (Source: Tom Pelissero on Twitter),#VALUE!,71,Headline / Summary,351
2093,Fantasy Impact: Chosen was unable to earn a spot on the 49ers 53-man roster. He'll likely look to land an opportunity on a practice squad.,#VALUE!,,Fantasy Impact,351
2094,Category: Transactions,#VALUE!,,Category,351
2095,Sincere McCormick,#VALUE!,17,Player name,352
2096,Sincere McCormick released by Raiders,#VALUE!,37,Headline / Summary,352
2097,"Wed, Aug 27th 4:58am EDT",21,,Date,352
2098,The Raiders released RB Sincere McCormick. (Source: Tashan Reed on Twitter),#VALUE!,75,Headline / Summary,352
2099,Fantasy Impact: McCormick was unable to earn a spot on the Raiders 53-man roster. He'll likely look to land an opportunity on a practice squad.,#VALUE!,,Fantasy Impact,352
2100,Category: Transactions,#VALUE!,,Category,352
2101,Britain Covey,#VALUE!,13,Player name,353
2102,Britain Covey released by Rams,#VALUE!,30,Headline / Summary,353
2103,"Wed, Aug 27th 4:51am EDT",21,,Date,353
2104,The Rams released WR Britain Covey. (Source: Ari Meirov on Twitter),#VALUE!,67,Headline / Summary,353
2105,Fantasy Impact: Covey was unable to earn a spot on the Rams 53-man roster. He'll likely look to land an opportunity on a practice squad.,#VALUE!,,Fantasy Impact,353
2106,Category: Transactions,#VALUE!,,Category,353
2107,A.J. Green III,#VALUE!,14,Player name,354
2108,A.J. Green released by Rams,#VALUE!,27,Headline / Summary,354
2109,"Wed, Aug 27th 4:49am EDT",21,,Date,354
2110,The Rams released CB A.J. Green. (Source: Ari Meirov on Twitter),#VALUE!,64,Headline / Summary,354
2111,Fantasy Impact: Green was unable to earn a spot on the Rams 53-man roster. He'll likely look to land an opportunity on a practice squad.,#VALUE!,,Fantasy Impact,354
2112,Category: Transactions,#VALUE!,,Category,354
2113,Josh Tupou,#VALUE!,10,Player name,355
2114,Josh Tupou released by Colts,#VALUE!,28,Headline / Summary,355
2115,"Wed, Aug 27th 4:46am EDT",21,,Date,355
2116,The Colts released DT Josh Tupou. (Source: Adam Schefter on Twitter),#VALUE!,68,Headline / Summary,355
2117,Fantasy Impact: Tupou was unable to earn a spot on the Colts 53-man roster. He'll likely look to land an opportunity on a practice squad.,#VALUE!,,Fantasy Impact,355
2118,Category: Transactions,#VALUE!,,Category,355
2119,Laquon Treadwell,#VALUE!,16,Player name,356
2120,Laquon Treadwell released by Colts,#VALUE!,34,Headline / Summary,356
2121,"Wed, Aug 27th 4:45am EDT",21,,Date,356
2122,The Colts released WR Laquon Treadwell. (Source: Adam Schefter on Twitter),#VALUE!,74,Headline / Summary,356
2123,Fantasy Impact: Treadwell was unable to earn a spot on the Colts 53-man roster. He'll likely look to land an opportunity on a practice squad.,#VALUE!,,Fantasy Impact,356
2124,Category: Transactions,#VALUE!,,Category,356
2125,Duke Shelley,#VALUE!,12,Player name,357
2126,Duke Shelley released by Colts,#VALUE!,30,Headline / Summary,357
2127,"Wed, Aug 27th 4:44am EDT",21,,Date,357
2128,The Colts released DB Duke Shelley. (Source: Adam Schefter on Twitter),#VALUE!,70,Headline / Summary,357
2129,Fantasy Impact: Shelley was unable to earn a spot on the Colts 53-man roster. He'll likely look to land an opportunity on a practice squad.,#VALUE!,,Fantasy Impact,357
2130,Category: Transactions,#VALUE!,,Category,357
2131,Sean McKeon,#VALUE!,11,Player name,358
2132,Sean McKeon released by Colts,#VALUE!,29,Headline / Summary,358
2133,"Wed, Aug 27th 4:43am EDT",21,,Date,358
2134,The Colts released TE Sean McKeon. (Source: Adam Schefter on Twitter),#VALUE!,69,Headline / Summary,358
2135,Fantasy Impact: McKeon was unable to earn a spot on the Colts 53-man roster. He'll likely look to land an opportunity on a practice squad.,#VALUE!,,Fantasy Impact,358
2136,Category: Transactions,#VALUE!,,Category,358
2137,Chris Lammons,#VALUE!,13,Player name,359
2138,Chris Lammons released by Colts,#VALUE!,31,Headline / Summary,359
2139,"Wed, Aug 27th 4:42am EDT",21,,Date,359
2140,The Colts released CB Chris Lammons. (Source: Adam Schefter on Twitter),#VALUE!,71,Headline / Summary,359
2141,Fantasy Impact: Lammons was unable to earn a spot on the Colts 53-man roster. He'll likely look to land an opportunity on a practice squad.,#VALUE!,,Fantasy Impact,359
2142,Category: Transactions,#VALUE!,,Category,359
2143,Khalil Herbert,#VALUE!,14,Player name,360
2144,Khalil Herbert released by Colts,#VALUE!,32,Headline / Summary,360
2145,"Wed, Aug 27th 4:41am EDT",21,,Date,360
2146,The Colts released RB Khalil Herbert. (Source: Adam Schefter on Twitter),#VALUE!,72,Headline / Summary,360
2147,Fantasy Impact: Herbert was unable to earn a spot on the Colts 53-man roster. He'll likely look to land an opportunity on a practice squad.,#VALUE!,,Fantasy Impact,360
2148,Category: Transactions,#VALUE!,,Category,360
2149,Harrison Bryant,#VALUE!,15,Player name,361
2150,Harrison Bryant released by Texans,#VALUE!,34,Headline / Summary,361
2151,"Wed, Aug 27th 4:39am EDT",21,,Date,361
2152,The Texans released TE Harrison Bryant. (Source: Adam Schefter on Twitter),#VALUE!,74,Headline / Summary,361
2153,Fantasy Impact: Bryant was traded to Houston last week. He'll likely seek a depth role with another team.,#VALUE!,,Fantasy Impact,361
2154,Category: Transactions,#VALUE!,,Category,361
2155,Bo Melton,#VALUE!,9,Player name,362
2156,Bo Melton makes Packers roster as corner back,#VALUE!,45,Headline / Summary,362
2157,"Wed, Aug 27th 4:35am EDT",21,,Date,362
2158,Bo Melton officially made the Packers 53-man roster as a corner back. (Source: Mike Clay on Twitter),#VALUE!,100,Headline / Summary,362
2159,Fantasy Impact: Melton officially made the move this offseason from wide receiver to defensive back. He'll hold a depth role in the Packers secondary.,#VALUE!,,Fantasy Impact,362
2160,Category: Transactions,#VALUE!,,Category,362
2161,Deshaun Watson,#VALUE!,14,Player name,363
2162,Deshaun Watson (Achilles) placed on PUP list,#VALUE!,44,Headline / Summary,363
2163,"Wed, Aug 27th 4:31am EDT",21,,Date,363
2164,The Browns placed QB Deshaun Watson on the PUP list. (Source: Adam Schefter on Twitter),#VALUE!,87,Headline / Summary,363
2165,Fantasy Impact: Watson remains without a clear timetable to return.,#VALUE!,,Fantasy Impact,363
2166,Category: Injury Updates,#VALUE!,,Category,363
2167,Tank Dell,#VALUE!,9,Player name,364
2168,Tank Dell (knee) placed on PUP list,#VALUE!,35,Headline / Summary,364
2169,"Wed, Aug 27th 4:29am EDT",21,,Date,364
2170,The Texans placed Tank Dell on the PUP list. (Source: Tom Pelissero on Twitter),#VALUE!,79,Headline / Summary,364
2171,Fantasy Impact: Dell is expected to miss the entire season.,#VALUE!,,Fantasy Impact,364
2172,Category: Injury Updates,#VALUE!,,Category,364
2173,Isaiah Likely,#VALUE!,13,Player name,365
2174,Isaiah Likely (foot) avoids IR,#VALUE!,30,Headline / Summary,365
2175,"Wed, Aug 27th 4:22am EDT",21,,Date,365
2176,The Ravens did not place TE Isaiah Likely on injured reserve. (Source: Jamison Hensley on Twitter),#VALUE!,98,Headline / Summary,365
2177,Fantasy Impact: Likely suffered a small fracture in his foot in late July and has yet to return to practice. He'll be eligible to pay to begin the season.,#VALUE!,,Fantasy Impact,365
2178,Category: Injury Updates,#VALUE!,,Category,365
2179,Michael Jordan,#VALUE!,14,Player name,366
2180,Michael Jordan released by Buccaneers,#VALUE!,37,Headline / Summary,366
2181,"Wed, Aug 27th 4:20am EDT",21,,Date,366
2182,The Buccaneers released Michael Jordan. (Source: Ari Meirov on Twitter),#VALUE!,71,Headline / Summary,366
2183,Fantasy Impact: Jordan was unable to earn a spot on the Buccaneers 53-man roster. He'll likely look to land an opportunity on a practice squad.,#VALUE!,,Fantasy Impact,366
2184,Category: Transactions,#VALUE!,,Category,366
2185,Tommy Mellott,#VALUE!,13,Player name,367
2186,Tommy Mellott waived by Raiders,#VALUE!,31,Headline / Summary,367
2187,"Wed, Aug 27th 4:18am EDT",21,,Date,367
2188,The Raiders waived QB Tommy Mellott. (Source: Tom Pelissero on Twitter),#VALUE!,71,Headline / Summary,367
2189,Fantasy Impact: Mellott was unable to earn a spot on the Raiders 53-man roster. He'll likely look to land an opportunity on a practice squad.,#VALUE!,,Fantasy Impact,367
2190,Category: Transactions,#VALUE!,,Category,367
2191,Cam Miller,#VALUE!,10,Player name,368
2192,Cam Miller waived by Raiders,#VALUE!,28,Headline / Summary,368
2193,"Wed, Aug 27th 4:18am EDT",21,,Date,368
2194,The Raiders waived QB Cam Miller. (Source: Tom Pelissero on Twitter),#VALUE!,68,Headline / Summary,368
2195,Fantasy Impact: Miller was able to show flashes in the preseason. He was unable to earn a spot on the Raiders 53-man roster. He'll likely look to land an opportunity on a practice squad.,#VALUE!,,Fantasy Impact,368
2196,Category: Transactions,#VALUE!,,Category,368
2197,Johnathan Hankins,#VALUE!,17,Player name,369
2198,Johnathan Hankins (back) placed on NFI list,#VALUE!,43,Headline / Summary,369
2199,"Wed, Aug 27th 4:16am EDT",21,,Date,369
2200,The Seahawks placed Johnathan Hankins on the non-football injury list. (Source: Tom Pelissero on Twitter),#VALUE!,105,Headline / Summary,369
2201,Fantasy Impact: Hankins had been sidelined during training camp. He remains without a timetable to return.,#VALUE!,,Fantasy Impact,369
2202,Category: Injury Updates,#VALUE!,,Category,369
2203,Thomas Graham Jr.,#VALUE!,17,Player name,370
2204,Thomas Graham Jr. released by Ravens,#VALUE!,36,Headline / Summary,370
2205,"Wed, Aug 27th 4:14am EDT",21,,Date,370
2206,The Ravens released DB Thomas Graham Jr.,#VALUE!,40,Headline / Summary,370
2207,Fantasy Impact: Graham signed with Baltimore last week. He was unable to earn a spot on the Ravens 53-man roster. He'll likely look to land an opportunity on a practice squad.,#VALUE!,,Fantasy Impact,370
2208,Category: Transactions,#VALUE!,,Category,370
2209,Brent Urban,#VALUE!,11,Player name,371
2210,Brent Urban released by Ravens,#VALUE!,30,Headline / Summary,371
2211,"Wed, Aug 27th 4:13am EDT",21,,Date,371
2212,The Ravens released DE Brent Urban. (Source: Tom Pelissero on Twitter),#VALUE!,70,Headline / Summary,371
2213,Fantasy Impact: Urban was unable to earn a spot on the Ravens 53-man roster. He'll likely look to land an opportunity on a practice squad.,#VALUE!,,Fantasy Impact,371
2214,Category: Transactions,#VALUE!,,Category,371
2215,Keith Kirkwood,#VALUE!,14,Player name,372
2216,Keith Kirkwood released by Ravens,#VALUE!,33,Headline / Summary,372
2217,"Wed, Aug 27th 4:12am EDT",21,,Date,372
2218,The Ravens released WR Keith Kirkwood. (Source: Tom Pelissero on Twitter),#VALUE!,73,Headline / Summary,372
2219,Fantasy Impact: Kirkwood was unable to earn a spot on the Ravens 53-man roster. He'll likely look to land an opportunity on a practice squad.,#VALUE!,,Fantasy Impact,372
2220,Category: Transactions,#VALUE!,,Category,372
2221,Anthony Miller,#VALUE!,14,Player name,373
2222,Anthony Miller released by Ravens,#VALUE!,33,Headline / Summary,373
2223,"Wed, Aug 27th 4:11am EDT",21,,Date,373
2224,The Ravens released WR Anthony Miller. (Source: Tom Pelissero on Twitter),#VALUE!,73,Headline / Summary,373
2225,Fantasy Impact: Miller was unable to earn a spot on the Ravens 53-man roster. He'll likely look to land an opportunity on a practice squad.,#VALUE!,,Fantasy Impact,373
2226,Category: Transactions,#VALUE!,,Category,373
2227,Tanner McKee,#VALUE!,12,Player name,374
2228,Tanner McKee (thumb) still not practicing,#VALUE!,41,Headline / Summary,374
2229,"Sun, Aug 31st 4:07pm EDT",21,,Date,374
2230,Tanner McKee is still not practicing with the Eagles. (Source: Zach Berman on Twitter),#VALUE!,86,Headline / Summary,374
2231,Fantasy Impact: McKee is continuing to work his way back from a fractured thumb. He is unlikely to be available for the start of the season. Sam Howell will begin the year as the backup for Jalen Hurts.,#VALUE!,,Fantasy Impact,374
2232,Category: Injury Updates,#VALUE!,,Category,374
2233,Adam Thielen,#VALUE!,12,Player name,375
2234,Adam Thielen takes pay cut with Vikings,#VALUE!,39,Headline / Summary,375
2235,"Sat, Aug 30th 12:26pm EDT",22,,Date,375
2236,The Minnesota Vikings and veteran wide receiver Adam Thielen have agreed to terms on a revised contract that reduces his salary by $2 million and removes $4 million in potential incentives. (Source: Tom Pelissero on Twitter),#VALUE!,224,Headline / Summary,375
2237,"Fantasy Impact: This move helps the Vikings' cap situation, offering further flexibility to a team with which Thielen is very familiar. The veteran wideout grew up in Minnesota and spent nine seasons with the Vikings, catching 534 passes for 6,682 yards and 55 touchdowns. He should be Minnesota's WR2 while Jordan Addison serves his three-game suspension.",#VALUE!,,Fantasy Impact,375
2238,Category: Transactions,#VALUE!,,Category,375
2239,Hunter Renfrow,#VALUE!,14,Player name,376
2240,Hunter Renfrow signing with Panthers,#VALUE!,36,Headline / Summary,376
2241,"Sat, Aug 30th 12:18pm EDT",22,,Date,376
2242,"The Carolina Panthers are bringing back Hunter Renfrow, who spent the offseason with the team before getting cut ahead of the roster deadline. (Source: Carolina Panthers on Twitter)",#VALUE!,181,Headline / Summary,376
2243,"Fantasy Impact: With Jalen Coker (quad) out with an injury, spending the first four games on injured reserve, and Adam Thielen in Minnesota, there is a new opportunity for Renfrow in the slot that wasn't there a week ago. He has not caught a pass in an NFL game since 2023, but he could potentially provide a safety option for an ascending Bryce Young. His value as a fantasy asset is unclear.",#VALUE!,,Fantasy Impact,376
2244,Category: Transactions,#VALUE!,,Category,376
2245,Jalen Coker,#VALUE!,11,Player name,377
2246,"Jalen Coker (quad) placed on IR, out 4-6 games",#VALUE!,46,Headline / Summary,377
2247,"Sat, Aug 30th 12:12pm EDT",22,,Date,377
2248,"Carolina Panthers wide receiver Jalen Coker suffered a quad injury in practice on Thursday, Aug. 28, and will be placed on injured reserve (IR). He will miss at least the first four games of the season but is expected to be out for 4-6 weeks. (Source: Cameron Wolfe on Twitter)",#VALUE!,277,Headline / Summary,377
2249,"Fantasy Impact: Coker was expected to be the team's starting slot receiver, making this injury an unfortunate one for the Year 2 undrafted wideout. The Panthers are bringing back WR Hunter Renfrow in his place, but Coker's season will not start until Carolina's matchup with Miami while he's on IR.",#VALUE!,,Fantasy Impact,377
2250,"Category: Injury Updates, Transactions",#VALUE!,,Category,377
2251,Jabrill Peppers,#VALUE!,15,Player name,378
2252,Jabrill Peppers released by Patriots,#VALUE!,36,Headline / Summary,378
2253,"Sat, Aug 30th 3:39am EDT",21,,Date,378
2254,The Patriots released veteran safety Jabrill Peppers. (Source: Adam Schefter on Twitter),#VALUE!,88,Headline / Summary,378
2255,Fantasy Impact: It is a bit of a shocking move. Peppers still has $4.32 million guaranteed remaining on his contract for this season. He should draw plenty of interest in free agency.,#VALUE!,,Fantasy Impact,378
2256,Category: Transactions,#VALUE!,,Category,378
2257,Trevor Penning,#VALUE!,14,Player name,379
2258,Trevor Penning (foot) could be ready for Week 1,#VALUE!,47,Headline / Summary,379
2259,"Sat, Aug 30th 3:38am EDT",21,,Date,379
2260,Saints OL Trevor Penning could be ready for the start of the season. (Source: Around the NFL on Twitter),#VALUE!,104,Headline / Summary,379
2261,Fantasy Impact: Penning is reportedly out of his walking boot. He'll have another week to get fully healthy.,#VALUE!,,Fantasy Impact,379
2262,Category: Injury Updates,#VALUE!,,Category,379
2263,Harrison Smith,#VALUE!,14,Player name,380
2264,Harrison Smith (personal) to be evaluated weekly,#VALUE!,48,Headline / Summary,380
2265,"Sat, Aug 30th 3:36am EDT",21,,Date,380
2266,Harrison Smith will be evaluated weekly with a personal health matter. (Source: Ben Goessling on Twitter),#VALUE!,105,Headline / Summary,380
2267,Fantasy Impact: Smith has been out since August 11. He remains on the active roster.,#VALUE!,,Fantasy Impact,380
2268,Category: Injury Updates,#VALUE!,,Category,380
2269,John Johnson III,#VALUE!,16,Player name,381
2270,John Johnson III suspended three games by NFL,#VALUE!,45,Headline / Summary,381
2271,"Sat, Aug 30th 3:34am EDT",21,,Date,381
2272,The NFL has suspended DB John Johnson III for the first three weeks of the 2025 NFL season. (Source: Tom Pelissero on Twitter),#VALUE!,126,Headline / Summary,381
2273,Fantasy Impact: Johnson remains a free agent. He'll be ineligible to play the first three games of the season.,#VALUE!,,Fantasy Impact,381
2274,Category: Transactions,#VALUE!,,Category,381
2275,Caelen Carson,#VALUE!,13,Player name,382
2276,Caelen Carson (knee) placed on IR,#VALUE!,33,Headline / Summary,382
2277,"Sat, Aug 30th 3:32am EDT",21,,Date,382
2278,The Cowboys placed DB Caelen Carson on injured reserve. (Source: Jon Machota on Twitter),#VALUE!,88,Headline / Summary,382
2279,Fantasy Impact: Carson suffered a knee injury earlier in training camp. He'll be sidelined to start the season.,#VALUE!,,Fantasy Impact,382
2280,Category: Injury Updates,#VALUE!,,Category,382
2281,Phil Mafah,#VALUE!,10,Player name,383
2282,Phil Mafah placed on IR,#VALUE!,23,Headline / Summary,383
2283,"Sat, Aug 30th 3:30am EDT",21,,Date,383
2284,The Cowboys placed RB Phil Mafah on injured reserve. (Source: Jon Machota on Twitter),#VALUE!,85,Headline / Summary,383
2285,Fantasy Impact: Mafah was drafted by Dallas. He won't be ready for the start of the season.,#VALUE!,,Fantasy Impact,383
2286,Category: Injury Updates,#VALUE!,,Category,383
2287,Hakeem Adeniji,#VALUE!,14,Player name,384
2288,Hakeem Adeniji added to Cowboys active roster,#VALUE!,45,Headline / Summary,384
2289,"Sat, Aug 30th 3:29am EDT",21,,Date,384
2290,The Cowboys added OT Hakeem Adeniji to their active roster. (Source: Jon Machota on Twitter),#VALUE!,92,Headline / Summary,384
2291,Fantasy Impact: Adeniji will add depth on the offensive line for Dallas heading into the season.,#VALUE!,,Fantasy Impact,384
2292,Category: Transactions,#VALUE!,,Category,384
2293,C.J. Goodwin,#VALUE!,12,Player name,385
2294,C.J. Goodwin signs with Cowboys,#VALUE!,31,Headline / Summary,385
2295,"Sat, Aug 30th 3:28am EDT",21,,Date,385
2296,The Cowboys signed DB C.J. Goodwin to their active roster. (Source: Jon Machota on Twitter),#VALUE!,91,Headline / Summary,385
2297,Fantasy Impact: Dallas placed placed CB Caelen Carson on IR as the corresponding move. Goodwin will add depth in the secondary for Dallas.,#VALUE!,,Fantasy Impact,385
2298,Category: Transactions,#VALUE!,,Category,385
2299,Yetur Gross-Matos,#VALUE!,17,Player name,386
2300,Yetur Gross-Matos (knee) hopeful for Week 1,#VALUE!,43,Headline / Summary,386
2301,"Sat, Aug 30th 3:25am EDT",21,,Date,386
2302,49ers coach Kyle Shanahan said the team is hopeful Yetur Gross-Matos will be ready for the season opener against the Seahawks. (Source: Matt Barrows on Twitter),#VALUE!,160,Headline / Summary,386
2303,Fantasy Impact: Gross-Matos has been sidelined in training camp with a knee injury. He'll have another week to get fully healthy.,#VALUE!,,Fantasy Impact,386
2304,Category: Injury Updates,#VALUE!,,Category,386
2305,Dominick Puni,#VALUE!,13,Player name,387
2306,Dominick Puni (knee) hopeful for Week 1,#VALUE!,39,Headline / Summary,387
2307,"Sat, Aug 30th 3:23am EDT",21,,Date,387
2308,49ers coach Kyle Shanahan said the team is optimistic Dominick Puni will be ready to go for Week 1. (Source: Matt Barrows on Twitter),#VALUE!,133,Headline / Summary,387
2309,Fantasy Impact: Shanahan added that Puni has been trending in a positive direction. He'll have the next week to get fully healthy.,#VALUE!,,Fantasy Impact,387
2310,Category: Injury Updates,#VALUE!,,Category,387
2311,Patrick Murtagh,#VALUE!,15,Player name,388
2312,Patrick Murtagh signs with Broncos,#VALUE!,34,Headline / Summary,388
2313,"Fri, Aug 29th 4:50am EDT",21,,Date,388
2314,The Broncos signed TE Patrick Murtagh to their practice squad. (Source: Zac Stevens on Twitter),#VALUE!,95,Headline / Summary,388
2315,Fantasy Impact: The move was made with the international exemption. Murtagh will add depth to the tight end room for Denver.,#VALUE!,,Fantasy Impact,388
2316,Category: Transactions,#VALUE!,,Category,388
2317,Tyler Scott,#VALUE!,11,Player name,389
2318,Tyler Scott signs with Colts practice squad,#VALUE!,43,Headline / Summary,389
2319,"Fri, Aug 29th 4:48am EDT",21,,Date,389
2320,The Colts signed WR Tyler Scott to their practice squad. (Source: Mike Chappell on Twitter),#VALUE!,91,Headline / Summary,389
2321,Fantasy Impact: Scott was waived by the Bears earlier this week. He will add depth for the Colts in their wide receiver room. He was one of two players added to their practice squad.,#VALUE!,,Fantasy Impact,389
2322,Category: Transactions,#VALUE!,,Category,389
2323,Ben Nikkel,#VALUE!,10,Player name,390
2324,Ben Nikkel signs with Colts practice squad,#VALUE!,42,Headline / Summary,390
2325,"Fri, Aug 29th 4:47am EDT",21,,Date,390
2326,The Colts signed S Ben Nikkel to their practice squad. (Source: Mike Chappell on Twitter),#VALUE!,89,Headline / Summary,390
2327,Fantasy Impact: Nikkel will add depth for the Colts in their secondary. He was one of two players added to their practice squad.,#VALUE!,,Fantasy Impact,390
2328,Category: Transactions,#VALUE!,,Category,390
2329,Tyler Kahmann,#VALUE!,13,Player name,391
2330,Tyler Kahmann released by Colts,#VALUE!,31,Headline / Summary,391
2331,"Fri, Aug 29th 4:45am EDT",21,,Date,391
2332,The Colts released WR Tyler Kahmann. (Source: Mike Chappell on Twitter),#VALUE!,71,Headline / Summary,391
2333,Fantasy Impact: Kahmann loses his roster spot with one week till the season. He'll likely seek another opportunity on a practice squad.,#VALUE!,,Fantasy Impact,391
2334,Category: Transactions,#VALUE!,,Category,391
2335,Kedon Slovis,#VALUE!,12,Player name,392
2336,Kedon Slovis signs with Cardinals,#VALUE!,33,Headline / Summary,392
2337,"Fri, Aug 29th 4:43am EDT",21,,Date,392
2338,The Cardinals signed QB Kedon Slovis to their practice squad. (Source: Around the NFL on Twitter),#VALUE!,97,Headline / Summary,392
2339,Fantasy Impact: Slovis enters the season adding more depth in the quarterback room for Arizona.,#VALUE!,,Fantasy Impact,392
2340,Category: Transactions,#VALUE!,,Category,392
2341,Richie Grant,#VALUE!,12,Player name,393
2342,Richie Grant released by 49ers,#VALUE!,30,Headline / Summary,393
2343,"Fri, Aug 29th 4:41am EDT",21,,Date,393
2344,The 49ers released S Richie Grant. (Source: Nick Wagoner on Twitter),#VALUE!,68,Headline / Summary,393
2345,Fantasy Impact: Grant loses his roster spot with the season one week away. The 49ers brought back Russell Gage as the corresponding move with their wide receiver banged up.,#VALUE!,,Fantasy Impact,393
2346,Category: Transactions,#VALUE!,,Category,393
2347,Chuck Clark,#VALUE!,11,Player name,394
2348,Chuck Clark signs with Steelers,#VALUE!,31,Headline / Summary,394
2349,"Fri, Aug 29th 4:39am EDT",21,,Date,394
2350,The Steelers signed S Chuck Clark. (Source: Adam Schefter on Twitter),#VALUE!,69,Headline / Summary,394
2351,Fantasy Impact: Clark is added to the Steelers active roster with the season just over one week away. He'll add depth on the offensive line for then.,#VALUE!,,Fantasy Impact,394
2352,Category: Transactions,#VALUE!,,Category,394
2353,Max Scharping,#VALUE!,13,Player name,395
2354,Max Scharping signs with Steelers,#VALUE!,33,Headline / Summary,395
2355,"Fri, Aug 29th 4:38am EDT",21,,Date,395
2356,The Steelers signed OL Max Scharping. (Source: Adam Schefter on Twitter),#VALUE!,72,Headline / Summary,395
2357,Fantasy Impact: Scharping is added to the Steelers active roster with the season just over one week away. He'll add depth on the offensive line for then.,#VALUE!,,Fantasy Impact,395
2358,Category: Transactions,#VALUE!,,Category,395
2359,Donte Kent,#VALUE!,10,Player name,396
2360,Donte Kent placed on IR,#VALUE!,23,Headline / Summary,396
2361,"Fri, Aug 29th 4:37am EDT",21,,Date,396
2362,The Steelers placed CB Donte Kent on injured reserve. (Source: Adam Schefter on Twitter),#VALUE!,88,Headline / Summary,396
2363,Fantasy Impact: Kent won't be ready for the start of the season for Pittsburgh.,#VALUE!,,Fantasy Impact,396
2364,Category: Injury Updates,#VALUE!,,Category,396
2365,Luke Felix-Fualalo,#VALUE!,18,Player name,397
2366,Luke Felix-Fualalo signs with Eagles practice squad,#VALUE!,51,Headline / Summary,397
2367,"Fri, Aug 29th 4:33am EDT",21,,Date,397
2368,The Eagles signed T Luke Felix-Fualalo to their practice squad. (Source: Zach Berman on Twitter),#VALUE!,96,Headline / Summary,397
2369,Fantasy Impact: Felix-Fualalo was picked up with the International Player Exemption.,#VALUE!,,Fantasy Impact,397
2370,Category: Transactions,#VALUE!,,Category,397
2371,Gee Scott Jr.,#VALUE!,13,Player name,398
2372,Gee Scott Jr. released by Patriots,#VALUE!,34,Headline / Summary,398
2373,"Fri, Aug 29th 4:32am EDT",21,,Date,398
2374,The Patriots released TE Gee Scott Jr. (Source: Mark Daniels on Twitter),#VALUE!,72,Headline / Summary,398
2375,Fantasy Impact: Scott was one of three players released by New England. He'll likely seek another opportunity on a practice squad.,#VALUE!,,Fantasy Impact,398
2376,Category: Transactions,#VALUE!,,Category,398
2377,Cam Riley,#VALUE!,9,Player name,399
2378,Cam Riley released by Patriots,#VALUE!,30,Headline / Summary,399
2379,"Fri, Aug 29th 4:30am EDT",21,,Date,399
2380,The Patriots released LB Cam Riley. (Source: Mark Daniels on Twitter),#VALUE!,69,Headline / Summary,399
2381,Fantasy Impact: Riley was one of three players released by New England. He'll likely seek another opportunity on a practice squad.,#VALUE!,,Fantasy Impact,399
2382,Category: Transactions,#VALUE!,,Category,399
2383,Brandon Crossley,#VALUE!,16,Player name,400
2384,Brandon Crossley released by Patriots,#VALUE!,37,Headline / Summary,400
2385,"Fri, Aug 29th 4:29am EDT",21,,Date,400
2386,The Patriots released CB Brandon Crossley from their practice squad. (Source: Mark Daniels on Twitter),#VALUE!,102,Headline / Summary,400
2387,Fantasy Impact: Crossley was one of three players released by New England. He'll likely seek another opportunity on a practice squad.,#VALUE!,,Fantasy Impact,400
2388,Category: Transactions,#VALUE!,,Category,400
2389,Mark Robinson,#VALUE!,13,Player name,401
2390,Mark Robinson signs with Patriots,#VALUE!,33,Headline / Summary,401
2391,"Fri, Aug 29th 4:28am EDT",21,,Date,401
2392,The Patriots signed LB Mark Robinson to their practice squad.,#VALUE!,61,Headline / Summary,401
2393,Fantasy Impact: Robinson will add depth for the Patriots on their linebacker room. He was one of four players added to their practice squad.,#VALUE!,,Fantasy Impact,401
2394,Category: Transactions,#VALUE!,,Category,401
2395,Fabien Lovett,#VALUE!,13,Player name,402
2396,Fabien Lovett signs with Patriots practice squad,#VALUE!,48,Headline / Summary,402
2397,"Fri, Aug 29th 4:26am EDT",21,,Date,402
2398,The Patriots signed DL Fabien Lovett to their practice squad. (Source: Mark Daniels on Twitter),#VALUE!,95,Headline / Summary,402
2399,Fantasy Impact: Lovett will add depth for the Patriots on their defensive line. He was one of four players added to their practice squad.,#VALUE!,,Fantasy Impact,402
2400,Category: Transactions,#VALUE!,,Category,402
2401,Cory Durden,#VALUE!,11,Player name,403
2402,Cory Durden signs with Patriots,#VALUE!,31,Headline / Summary,403
2403,"Fri, Aug 29th 4:25am EDT",21,,Date,403
2404,The Patriots signed DL Cory Durden to their practice squad. (Source: Mark Daniels on Twitter),#VALUE!,93,Headline / Summary,403
2405,Fantasy Impact: Durden will add depth for the Patriots on their defensive line. He was one of four players added to their practice squad.,#VALUE!,,Fantasy Impact,403
2406,Category: Transactions,#VALUE!,,Category,403
2407,Corey Ballentine,#VALUE!,16,Player name,404
2408,Corey Ballentine signs with Patriots practice squad,#VALUE!,51,Headline / Summary,404
2409,"Fri, Aug 29th 4:23am EDT",21,,Date,404
2410,The Patriots signed CB Corey Ballentine to their practice squad. (Source: Mark Daniels on Twitter),#VALUE!,98,Headline / Summary,404
2411,Fantasy Impact: Ballentine was released by the Packers. He'll add depth for the Patriots secondary. He was one of four players added to their practice squad.,#VALUE!,,Fantasy Impact,404
2412,Category: Transactions,#VALUE!,,Category,404
2413,Foster Sarell,#VALUE!,13,Player name,405
2414,Foster Sarell signs with Chargers,#VALUE!,33,Headline / Summary,405
2415,"Fri, Aug 29th 4:20am EDT",21,,Date,405
2416,The Chargers signed OL Foster Sarell to their practice squad. (Source: Aaron Wilson on Twitter),#VALUE!,95,Headline / Summary,405
2417,Fantasy Impact: Sarell will add depth on the offensive line for the Chargers.,#VALUE!,,Fantasy Impact,405
2418,Category: Transactions,#VALUE!,,Category,405
2419,Alaric Jackson,#VALUE!,14,Player name,406
2420,Alaric Jackson (blood clots) to participate in practice Monday,#VALUE!,62,Headline / Summary,406
2421,"Fri, Aug 29th 4:19am EDT",21,,Date,406
2422,The Rams say Alaric Jackson will participate in practice on Monday. (Source: Around the NFL on Twitter),#VALUE!,103,Headline / Summary,406
2423,Fantasy Impact: Jackson has officially been cleared to resume practicing. He'll likely have to work his way back into game shape.,#VALUE!,,Fantasy Impact,406
2424,Category: Injury Updates,#VALUE!,,Category,406
2425,Marvin Mims Jr.,#VALUE!,15,Player name,407
2426,Marvin Mims Jr. (groin) to return to practice Monday,#VALUE!,52,Headline / Summary,407
2427,"Fri, Aug 29th 4:17am EDT",21,,Date,407
2428,The Broncos say Marvin Mims Jr. will return to practice on Monday. (Source: Around the NFL on Twitter),#VALUE!,102,Headline / Summary,407
2429,Fantasy Impact: Mims departed practice early on Wednesday. He'll miss a few days before he returns next week.,#VALUE!,,Fantasy Impact,407
2430,Category: Injury Updates,#VALUE!,,Category,407
2431,Jauan Jennings,#VALUE!,14,Player name,408
2432,Jauan Jennings (calf) not seen at practice Thursday,#VALUE!,51,Headline / Summary,408
2433,"Fri, Aug 29th 4:15am EDT",21,,Date,408
2434,Jauan Jennings was not seen at practice on Thursday. (Source: Noah Furtado on Twitter),#VALUE!,86,Headline / Summary,408
2435,"Fantasy Impact: With a little over one week away till the season opener for the 49ers against the Seahawks, the status of Jennings remains uncertain.",#VALUE!,,Fantasy Impact,408
2436,Category: Injury Updates,#VALUE!,,Category,408
2437,Tristan Wirfs,#VALUE!,13,Player name,409
2438,Tristan Wirfs (knee) hopeful to return in first month of season,#VALUE!,63,Headline / Summary,409
2439,"Fri, Aug 29th 4:14am EDT",21,,Date,409
2440,Bucs GM Jason Licht said the team hopes Tristan Wirfs can return in the first month of the season. (Source: Rick Stroud on Twitter),#VALUE!,131,Headline / Summary,409
2441,"Fantasy Impact: Licht said he hopes Wirfs can return sooner than Chris Godwin who is expected to miss the first month, if not more time. Wirfs passed his physical earlier in the week.",#VALUE!,,Fantasy Impact,409
2442,Category: Injury Updates,#VALUE!,,Category,409
2443,Greg Joseph,#VALUE!,11,Player name,410
2444,Greg Joseph works out for Bills,#VALUE!,31,Headline / Summary,410
2445,"Fri, Aug 29th 4:11am EDT",21,,Date,410
2446,The Bills hosted K Greg Joseph for a workout on Thursday. (Source: Jordan Schultz on Twitter),#VALUE!,93,Headline / Summary,410
2447,Fantasy Impact: Joseph was recently released by the 49ers. He was one of three kickers who worked out for Buffalo. He continues to seek a new team before the start of the season.,#VALUE!,,Fantasy Impact,410
2448,Category: Transactions,#VALUE!,,Category,410
2449,Zane Gonzalez,#VALUE!,13,Player name,411
2450,Zane Gonzalez works out for Bills,#VALUE!,33,Headline / Summary,411
2451,"Fri, Aug 29th 4:09am EDT",21,,Date,411
2452,The Bills hosted K Zane Gonzalez for a workout on Thursday. (Source: Jordan Schultz on Twitter),#VALUE!,95,Headline / Summary,411
2453,Fantasy Impact: Gonzalez was released by the Commanders earlier in the offseason. He was one of three kickers who worked out for Buffalo. He continues to seek a new team before the start of the season.,#VALUE!,,Fantasy Impact,411
2454,Category: Transactions,#VALUE!,,Category,411
2455,Eddy Pineiro,#VALUE!,12,Player name,412
2456,Eddy Pineiro works out for Bills,#VALUE!,32,Headline / Summary,412
2457,"Fri, Aug 29th 4:08am EDT",21,,Date,412
2458,The Bills hosted K Eddy Pineiro for a workout on Thursday. (Source: Jordan Schultz on Twitter),#VALUE!,94,Headline / Summary,412
2459,Fantasy Impact: Pineiro was one of three kickers who worked out for Buffalo. He continues to seek a new team before the start of the season.,#VALUE!,,Fantasy Impact,412
2460,Category: Transactions,#VALUE!,,Category,412
2461,Ambry Thomas,#VALUE!,12,Player name,413
2462,Ambry Thomas signs with Eagles practice squad,#VALUE!,45,Headline / Summary,413
2463,"Fri, Aug 29th 4:07am EDT",21,,Date,413
2464,The Eagles signed DB Ambry Thomas to their practice squad. (Source: Jordan Schultz on Twitter),#VALUE!,94,Headline / Summary,413
2465,"Fantasy Impact: Thomas was previously with the 49ers. Still just 25 years old, he'll add depth in the secondary for the Eagles.",#VALUE!,,Fantasy Impact,413
2466,Category: Transactions,#VALUE!,,Category,413
2467,De'Von Achane,#VALUE!,13,Player name,414
2468,De'Von Achane (calf) returning to practice Monday,#VALUE!,49,Headline / Summary,414
2469,"Mon, Sep 1st 11:10am EDT",21,,Date,414
2470,De'Von Achane is returning to practice on Monday and is on track to play Sunday against the Colts. (Source: Adam Schefter on Twitter),#VALUE!,133,Headline / Summary,414
2471,Fantasy Impact: This had been the expectation per reports in recent weeks. Achane should be good to go to start the season.,#VALUE!,,Fantasy Impact,414
2472,Category: Injury Updates,#VALUE!,,Category,414
2473,Micah Robinson,#VALUE!,14,Player name,415
2474,Micah Robinson released by Packers,#VALUE!,34,Headline / Summary,415
2475,"Mon, Sep 1st 2:58am EDT",20,,Date,415
2476,The Packers released CB Micah Robinson. (Source: Adam Schefter on Twitter),#VALUE!,74,Headline / Summary,415
2477,Fantasy Impact: Robinson loses his roster spot a week before the season. He'll likely seek another opportunity in a depth role.,#VALUE!,,Fantasy Impact,415
2478,Category: Transactions,#VALUE!,,Category,415
2479,Nick Niemann,#VALUE!,12,Player name,416
2480,Nick Niemann signs with Packers,#VALUE!,31,Headline / Summary,416
2481,"Mon, Sep 1st 2:57am EDT",20,,Date,416
2482,The Packers signed LB Nick Niemann. (Source: Adam Schefter on Twitter),#VALUE!,70,Headline / Summary,416
2483,Fantasy Impact: Niemann was most recently with the Chargers. He'll enter the season in a depth role in the Packers linebacker room.,#VALUE!,,Fantasy Impact,416
2484,Category: Transactions,#VALUE!,,Category,416
2485,Thomas Morstead,#VALUE!,15,Player name,417
2486,Thomas Morstead re-signs with 49ers,#VALUE!,35,Headline / Summary,417
2487,"Mon, Sep 1st 2:55am EDT",20,,Date,417
2488,The 49ers re-signed P Thomas Morstead. (Source: Adam Schefter on Twitter),#VALUE!,73,Headline / Summary,417
2489,Fantasy Impact: Morstead quickly lands back with San Francisco after he had been released. He'll remain with the 49ers to start the season.,#VALUE!,,Fantasy Impact,417
2490,Category: Transactions,#VALUE!,,Category,417
2491,Maxwell Hairston,#VALUE!,16,Player name,418
2492,Maxwell Hairston (knee) hopeful to practice in Week 5,#VALUE!,53,Headline / Summary,418
2493,"Mon, Sep 1st 2:54am EDT",20,,Date,418
2494,Bills GM Brandon Beane said the team is hopeful Maxwell Hairston will be able to practice at first opportunity in Week 5. (Source: Joe Buscaglia on Twitter),#VALUE!,156,Headline / Summary,418
2495,Fantasy Impact: Hairston will open the season on injured reserve. He'll miss at least the first four games of the season as a result.,#VALUE!,,Fantasy Impact,418
2496,Category: Injury Updates,#VALUE!,,Category,418
2497,Ricky White III,#VALUE!,15,Player name,419
2498,Ricky White III signs with Seahawks practice squad,#VALUE!,50,Headline / Summary,419
2499,"Mon, Sep 1st 2:52am EDT",20,,Date,419
2500,The Seahawks signed WR Ricky White III to their practice squad. (Source: Brady Henderson on Twitter),#VALUE!,100,Headline / Summary,419
2501,Fantasy Impact: White was recently waived by Seattle after he was a seventh round pick of them in April. He'll hold a depth role in the Seahawks wide receiver room.,#VALUE!,,Fantasy Impact,419
2502,Category: Transactions,#VALUE!,,Category,419
2503,Jaden Crumedy,#VALUE!,13,Player name,420
2504,Jaden Crumedy waived by Panthers,#VALUE!,32,Headline / Summary,420
2505,"Mon, Sep 1st 2:51am EDT",20,,Date,420
2506,The Panthers waived DT Jaden Crumedy. (Source: Joe Person on Twitter),#VALUE!,69,Headline / Summary,420
2507,Fantasy Impact: Crumedy loses his roster spot a week before the season. He'll likely seek another opportunity in a depth role.,#VALUE!,,Fantasy Impact,420
2508,Category: Transactions,#VALUE!,,Category,420
2509,Javon Baker,#VALUE!,11,Player name,421
2510,Javon Baker works out for Eagles,#VALUE!,32,Headline / Summary,421
2511,"Mon, Sep 1st 2:47am EDT",20,,Date,421
2512,The Eagles hosted WR Javon Baker for a workout.,#VALUE!,47,Headline / Summary,421
2513,Fantasy Impact: Baker was recently released by the Patriots. He will be looking to earn a depth role ahead of the season.,#VALUE!,,Fantasy Impact,421
2514,Category: Transactions,#VALUE!,,Category,421
2515,Keilan Robinson,#VALUE!,15,Player name,422
2516,Keilan Robinson works out for Chargers,#VALUE!,38,Headline / Summary,422
2517,"Mon, Sep 1st 2:46am EDT",20,,Date,422
2518,The Chargers hosted RB Keilan Robinson for a workout last Friday.,#VALUE!,65,Headline / Summary,422
2519,Fantasy Impact: Robinson will be looking to earn a depth role ahead of the season.,#VALUE!,,Fantasy Impact,422
2520,Category: Transactions,#VALUE!,,Category,422
2521,Anthony Walker Jr.,#VALUE!,18,Player name,423
2522,Anthony Walker Jr. signs with Colts,#VALUE!,35,Headline / Summary,423
2523,"Mon, Sep 1st 2:45am EDT",20,,Date,423
2524,The Colts signed LB Anthony Walker.,#VALUE!,35,Headline / Summary,423
2525,Fantasy Impact: Walker was sidelined with a knee injury in training camp with the Buccaneers. He'll add depth in the Colts linebacker room.,#VALUE!,,Fantasy Impact,423
2526,Category: Transactions,#VALUE!,,Category,423
2527,Jack Conley,#VALUE!,11,Player name,424
2528,Jack Conley released by Patriots,#VALUE!,32,Headline / Summary,424
2529,"Mon, Sep 1st 2:43am EDT",20,,Date,424
2530,The Patriots released OL Jack Conley.,#VALUE!,37,Headline / Summary,424
2531,Fantasy Impact: Conley loses his roster spot a week before the season. He'll likely seek another opportunity in a depth role.,#VALUE!,,Fantasy Impact,424
2532,Category: Transactions,#VALUE!,,Category,424
2533,Thayer Munford Jr.,#VALUE!,18,Player name,425
2534,Thayer Munford Jr. signs with Patriots,#VALUE!,38,Headline / Summary,425
2535,"Mon, Sep 1st 2:42am EDT",20,,Date,425
2536,The Patriots signed OT Thayer Munford Jr.,#VALUE!,41,Headline / Summary,425
2537,Fantasy Impact: Munford lands on the Patriots practice squad. He'll open the season in a depth role on their offensive line.,#VALUE!,,Fantasy Impact,425
2538,Category: Transactions,#VALUE!,,Category,425
2539,Eric Gregory,#VALUE!,12,Player name,426
2540,Eric Gregory signs with Patriots,#VALUE!,32,Headline / Summary,426
2541,"Mon, Sep 1st 2:41am EDT",20,,Date,426
2542,The Patriots signed DT Eric Gregory.,#VALUE!,36,Headline / Summary,426
2543,Fantasy Impact: Gregory was able to show enough in the preseason as an undrafted free agent. He'll hold a depth role on the Patriots defensive line.,#VALUE!,,Fantasy Impact,426
2544,Category: Transactions,#VALUE!,,Category,426
2545,William Bradley-King,#VALUE!,20,Player name,427
2546,William Bradley-King released by 49ers,#VALUE!,38,Headline / Summary,427
2547,"Mon, Sep 1st 2:39am EDT",20,,Date,427
2548,The 49ers released DE William Bradley-King.,#VALUE!,43,Headline / Summary,427
2549,Fantasy Impact: Bradley-King loses his roster spot a week before the season. He'll likely seek another opportunity in a depth role.,#VALUE!,,Fantasy Impact,427
2550,Category: Transactions,#VALUE!,,Category,427
2551,Evan Anderson,#VALUE!,13,Player name,428
2552,Evan Anderson signs with 49ers,#VALUE!,30,Headline / Summary,428
2553,"Mon, Sep 1st 2:38am EDT",20,,Date,428
2554,The 49ers signed DL Evan Anderson.,#VALUE!,34,Headline / Summary,428
2555,Fantasy Impact: Anderson will enter the season in a depth role on the 49ers defensive line.,#VALUE!,,Fantasy Impact,428
2556,Category: Transactions,#VALUE!,,Category,428
2557,Kilian Zierer,#VALUE!,13,Player name,429
2558,Kilian Zierer signs with 49ers,#VALUE!,30,Headline / Summary,429
2559,"Mon, Sep 1st 2:37am EDT",20,,Date,429
2560,The 49ers signed OT Kilian Zierer.,#VALUE!,34,Headline / Summary,429
2561,Fantasy Impact: Zierer will add depth on the offensive line for San Francisco.,#VALUE!,,Fantasy Impact,429
2562,Category: Transactions,#VALUE!,,Category,429
2563,Rachaad White,#VALUE!,13,Player name,430
2564,Rachaad White (groin) expected to play in Week 1,#VALUE!,48,Headline / Summary,430
2565,"Mon, Sep 1st 2:36am EDT",20,,Date,430
2566,Rachaad White returned to practice and is expected to play in Week 1 against the Falcons. (Source: Pewter Report),#VALUE!,113,Headline / Summary,430
2567,Fantasy Impact: White was able to work his way back from a groin injury he suffered early in training camp. He is expected to enter the season in a reserve role behind Bucky Irving in the Buccaneers backfield.,#VALUE!,,Fantasy Impact,430
2568,Category: Injury Updates,#VALUE!,,Category,430
2569,Amani Oruwariye,#VALUE!,15,Player name,431
2570,Amani Oruwariye released by Titans,#VALUE!,34,Headline / Summary,431
2571,"Mon, Sep 1st 2:33am EDT",20,,Date,431
2572,The Titans released Amani Oruwariye.,#VALUE!,36,Headline / Summary,431
2573,Fantasy Impact: Oruwariye loses his roster spot a week before the season. He'll likely seek another opportunity in a depth role.,#VALUE!,,Fantasy Impact,431
2574,Category: Transactions,#VALUE!,,Category,431
2575,Jermar Jefferson,#VALUE!,16,Player name,432
2576,Jermar Jefferson released by Titans,#VALUE!,35,Headline / Summary,432
2577,"Mon, Sep 1st 2:33am EDT",20,,Date,432
2578,The Titans released RB Jermar Jefferson.,#VALUE!,40,Headline / Summary,432
2579,Fantasy Impact: Jefferson loses his roster spot a week before the season. He'll likely seek another opportunity in a depth role.,#VALUE!,,Fantasy Impact,432
2580,Category: Transactions,#VALUE!,,Category,432
2581,Timmy Horne,#VALUE!,11,Player name,433
2582,Timmy Horne reaches deal with Titans,#VALUE!,36,Headline / Summary,433
2583,"Mon, Sep 1st 2:31am EDT",20,,Date,433
2584,The Titans sign DT Timmy Horne.,#VALUE!,31,Headline / Summary,433
2585,Fantasy Impact: Horne previously spent time on the Giants practice squad. He'll add depth on the Titans defensive line.,#VALUE!,,Fantasy Impact,433
2586,Category: Transactions,#VALUE!,,Category,433
2587,Trevor Keegan,#VALUE!,13,Player name,434
2588,Trevor Keegan signs with Cowboys,#VALUE!,32,Headline / Summary,434
2589,"Mon, Sep 1st 2:30am EDT",20,,Date,434
2590,The Cowboys signed OG Trevor Keegan.,#VALUE!,36,Headline / Summary,434
2591,Fantasy Impact: Keegan remains in the NFC East after he was previously with the Eagles. He'll add depth on the Cowboys offensive line.,#VALUE!,,Fantasy Impact,434
2592,Category: Transactions,#VALUE!,,Category,434
2593,Devin Duvernay,#VALUE!,14,Player name,435
2594,Devin Duvernay signs with Bears,#VALUE!,31,Headline / Summary,435
2595,"Mon, Sep 1st 2:28am EDT",20,,Date,435
2596,The Bears signed WR Devin Duvernay.,#VALUE!,35,Headline / Summary,435
2597,Fantasy Impact: Duvernay will likely play in a primary special teams role for Chicago. He'll also added depth in the Bears wide receiver room.,#VALUE!,,Fantasy Impact,435
2598,Category: Transactions,#VALUE!,,Category,435
2599,DaRon Bland,#VALUE!,11,Player name,436
2600,DaRon Bland signs four-year extension with Cowboys,#VALUE!,50,Headline / Summary,436
2601,"Mon, Sep 1st 2:22am EDT",20,,Date,436
2602,"The Cowboys signed CB DaRon Bland to a four-year, $92 million extension through 2029.",#VALUE!,85,Headline / Summary,436
2603,Fantasy Impact: The extension talks have been in the rumors for the majority of the offseason for Bland. He is expected to return to his primary role in the slot in the Cowboys secondary this season.,#VALUE!,,Fantasy Impact,436
2604,Category: Transactions,#VALUE!,,Category,436
2605,Jalen Royals,#VALUE!,12,Player name,437
2606,Jalen Royals (knee) misses practice Sunday,#VALUE!,42,Headline / Summary,437
2607,"Mon, Sep 1st 2:20am EDT",20,,Date,437
2608,Jalen Royals did not practice on Sunday due to knee tendinitis. (Source: Nate Taylor on Twitter),#VALUE!,96,Headline / Summary,437
2609,Fantasy Impact: It is unclear what the status of Royals is heading into the season opener. His status will need to be monitored at practice throughout the week.,#VALUE!,,Fantasy Impact,437
2610,Category: Injury Updates,#VALUE!,,Category,437
2611,Jalen Nailor,#VALUE!,12,Player name,438
2612,Jalen Nailor (hand) 'optimistic' about availability for Week 1,#VALUE!,62,Headline / Summary,438
2613,"Mon, Sep 1st 2:19am EDT",20,,Date,438
2614,The Vikings are “optimistic” about WR Jalen Nailor’s availability for Week 1 against the Bears. (Source: Jeremy Fowler on Twitter),#VALUE!,130,Headline / Summary,438
2615,Fantasy Impact: Nailor is set to open the season in a reserve role in the Vikings wide receiver room. He figures to also now be behind the recently acquired Adam Thielen. Nailor will remain off the fantasy radar.,#VALUE!,,Fantasy Impact,438
2616,Category: Injury Updates,#VALUE!,,Category,438
2617,Perrion Winfrey,#VALUE!,15,Player name,439
2618,Perrion Winfrey suffers back injury Sunday,#VALUE!,42,Headline / Summary,439
2619,"Mon, Sep 1st 2:17am EDT",20,,Date,439
2620,Perrion Winfrey left practice early on Sunday after suffering a “low back” injury. (Source: Todd Archer on Twitter),#VALUE!,115,Headline / Summary,439
2621,Fantasy Impact: Winfrey signed a contract with Dallas back in June. His status for Thursday's season opener against the Eagles is up in the air.,#VALUE!,,Fantasy Impact,439
2622,Category: Injury Updates,#VALUE!,,Category,439
2623,Willie Lampkin IV,#VALUE!,17,Player name,440
2624,Willie Lampkin placed on IR,#VALUE!,27,Headline / Summary,440
2625,"Mon, Sep 1st 2:15am EDT",20,,Date,440
2626,The Eagles placed OL Willie Lampkin on injured reserve. (Source: Jeff McLane on Twitter),#VALUE!,88,Headline / Summary,440
2627,Fantasy Impact: Lampkin will miss at least the first four games of the season. The Eagles signed Kenyon Green as the corresponding move.,#VALUE!,,Fantasy Impact,440
2628,Category: Injury Updates,#VALUE!,,Category,440
2629,Kenyon Green,#VALUE!,12,Player name,441
2630,Kenyon Green agrees to deal with Eagles,#VALUE!,39,Headline / Summary,441
2631,"Mon, Sep 1st 2:14am EDT",20,,Date,441
2632,The Eagles signed OG Kenyon Green to a contract. (Source: Jeff McLane on Twitter),#VALUE!,81,Headline / Summary,441
2633,Fantasy Impact: Green will be a depth add. Willie Lampkin was placed on IR as the corresponding move.,#VALUE!,,Fantasy Impact,441
2634,Category: Transactions,#VALUE!,,Category,441
2635,Andrew Mukuba,#VALUE!,13,Player name,442
2636,Andrew Mukuba (groin) practices Sunday,#VALUE!,38,Headline / Summary,442
2637,"Mon, Sep 1st 2:12am EDT",20,,Date,442
2638,Andrew Mukuba was seen at practice on Sunday. (Source: Jeff McLane on Twitter),#VALUE!,78,Headline / Summary,442
2639,Fantasy Impact: It is unclear how much Mukuba was able to do at practice. He is expected to enter the season in a reserve role.,#VALUE!,,Fantasy Impact,442
2640,Category: Injury Updates,#VALUE!,,Category,442
2641,Landon Dickerson,#VALUE!,16,Player name,443
2642,Landon Dickerson (knee) 'trending' towards playing Thursday,#VALUE!,59,Headline / Summary,443
2643,"Mon, Sep 1st 2:10am EDT",20,,Date,443
2644,Landon Dickerson (knee) is “trending toward playing” in Week 1 against the Cowboys. (Source: Jeff McLane on Twitter),#VALUE!,116,Headline / Summary,443
2645,Fantasy Impact: Dickerson has worked his way back from offseason surgery to address a meniscus injury. He is on track to be good to go for Thursday's season opener.,#VALUE!,,Fantasy Impact,443
2646,Category: Injury Updates,#VALUE!,,Category,443
2647,Trevon Diggs,#VALUE!,12,Player name,444
2648,Trevon Diggs (knee) unsure of status for Thursday,#VALUE!,49,Headline / Summary,444
2649,"Mon, Sep 1st 2:07am EDT",20,,Date,444
2650,Trevon Diggs said he is not sure of his status yet for Thursday's season opener against the Eagles. (Source: Calvin Watkins on Twitter),#VALUE!,135,Headline / Summary,444
2651,Fantasy Impact: Diggs was recently activated from the PUP list. His status will need to be monitored at practice over the next few days. He added that he will play “no later than Week 4.”,#VALUE!,,Fantasy Impact,444
2652,Category: Injury Updates,#VALUE!,,Category,444
2653,DeWayne Carter,#VALUE!,14,Player name,445
2654,DeWayne Carter (Achilles) out for season,#VALUE!,40,Headline / Summary,445
2655,"Mon, Sep 1st 2:05am EDT",20,,Date,445
2656,Bills DT DeWayne Carter will miss the 2025 season after rupturing his Achilles tendon. (Source: Jordan Schultz on Twitter),#VALUE!,122,Headline / Summary,445
2657,Fantasy Impact: It is a tough break for Carter right before the season. He'll look to make a full recovery for next year.,#VALUE!,,Fantasy Impact,445
2658,Category: Injury Updates,#VALUE!,,Category,445
2659,A.J. Brown,#VALUE!,10,Player name,446
2660,A.J. Brown (hamstring) says he will play Thursday,#VALUE!,49,Headline / Summary,446
2661,"Mon, Sep 1st 2:04am EDT",20,,Date,446
2662,A.J. Brown told reporters he will be good to go in Thursday's season opener against the Cowboys. (Source: Jeff McLane on Twitter),#VALUE!,129,Headline / Summary,446
2663,"Fantasy Impact: Brown recently returned to practice after missing time with a hamstring injury. His practice status will need to be monitored over the next few days, but he should be good to go.",#VALUE!,,Fantasy Impact,446
2664,Category: Injury Updates,#VALUE!,,Category,446
2665,Tanner McKee,#VALUE!,12,Player name,447
2666,Tanner McKee (thumb) still not practicing,#VALUE!,41,Headline / Summary,447
2667,"Sun, Aug 31st 4:07pm EDT",21,,Date,447
2668,Tanner McKee is still not practicing with the Eagles. (Source: Zach Berman on Twitter),#VALUE!,86,Headline / Summary,447
2669,Fantasy Impact: McKee is continuing to work his way back from a fractured thumb. He is unlikely to be available for the start of the season. Sam Howell will begin the year as the backup for Jalen Hurts.,#VALUE!,,Fantasy Impact,447
2670,Category: Injury Updates,#VALUE!,,Category,447
2671,Adam Thielen,#VALUE!,12,Player name,448
2672,Adam Thielen takes pay cut with Vikings,#VALUE!,39,Headline / Summary,448
2673,"Sat, Aug 30th 12:26pm EDT",22,,Date,448
2674,The Minnesota Vikings and veteran wide receiver Adam Thielen have agreed to terms on a revised contract that reduces his salary by $2 million and removes $4 million in potential incentives. (Source: Tom Pelissero on Twitter),#VALUE!,224,Headline / Summary,448
2675,"Fantasy Impact: This move helps the Vikings' cap situation, offering further flexibility to a team with which Thielen is very familiar. The veteran wideout grew up in Minnesota and spent nine seasons with the Vikings, catching 534 passes for 6,682 yards and 55 touchdowns. He should be Minnesota's WR2 while Jordan Addison serves his three-game suspension.",#VALUE!,,Fantasy Impact,448
2676,Category: Transactions,#VALUE!,,Category,448
2677,Hunter Renfrow,#VALUE!,14,Player name,449
2678,Hunter Renfrow signing with Panthers,#VALUE!,36,Headline / Summary,449
2679,"Sat, Aug 30th 12:18pm EDT",22,,Date,449
2680,"The Carolina Panthers are bringing back Hunter Renfrow, who spent the offseason with the team before getting cut ahead of the roster deadline. (Source: Carolina Panthers on Twitter)",#VALUE!,181,Headline / Summary,449
2681,"Fantasy Impact: With Jalen Coker (quad) out with an injury, spending the first four games on injured reserve, and Adam Thielen in Minnesota, there is a new opportunity for Renfrow in the slot that wasn't there a week ago. He has not caught a pass in an NFL game since 2023, but he could potentially provide a safety option for an ascending Bryce Young. His value as a fantasy asset is unclear.",#VALUE!,,Fantasy Impact,449
2682,Category: Transactions,#VALUE!,,Category,449
2683,Jalen Coker,#VALUE!,11,Player name,450
2684,"Jalen Coker (quad) placed on IR, out 4-6 games",#VALUE!,46,Headline / Summary,450
2685,"Sat, Aug 30th 12:12pm EDT",22,,Date,450
2686,"Carolina Panthers wide receiver Jalen Coker suffered a quad injury in practice on Thursday, Aug. 28, and will be placed on injured reserve (IR). He will miss at least the first four games of the season but is expected to be out for 4-6 weeks. (Source: Cameron Wolfe on Twitter)",#VALUE!,277,Headline / Summary,450
2687,"Fantasy Impact: Coker was expected to be the team's starting slot receiver, making this injury an unfortunate one for the Year 2 undrafted wideout. The Panthers are bringing back WR Hunter Renfrow in his place, but Coker's season will not start until Carolina's matchup with Miami while he's on IR.",#VALUE!,,Fantasy Impact,450
2688,"Category: Injury Updates, Transactions",#VALUE!,,Category,450
2689,Jabrill Peppers,#VALUE!,15,Player name,451
2690,Jabrill Peppers released by Patriots,#VALUE!,36,Headline / Summary,451
2691,"Sat, Aug 30th 3:39am EDT",21,,Date,451
2692,The Patriots released veteran safety Jabrill Peppers. (Source: Adam Schefter on Twitter),#VALUE!,88,Headline / Summary,451
2693,Fantasy Impact: It is a bit of a shocking move. Peppers still has $4.32 million guaranteed remaining on his contract for this season. He should draw plenty of interest in free agency.,#VALUE!,,Fantasy Impact,451
2694,Category: Transactions,#VALUE!,,Category,451
2695,Trevor Penning,#VALUE!,14,Player name,452
2696,Trevor Penning (foot) could be ready for Week 1,#VALUE!,47,Headline / Summary,452
2697,"Sat, Aug 30th 3:38am EDT",21,,Date,452
2698,Saints OL Trevor Penning could be ready for the start of the season. (Source: Around the NFL on Twitter),#VALUE!,104,Headline / Summary,452
2699,Fantasy Impact: Penning is reportedly out of his walking boot. He'll have another week to get fully healthy.,#VALUE!,,Fantasy Impact,452
2700,Category: Injury Updates,#VALUE!,,Category,452
2701,Harrison Smith,#VALUE!,14,Player name,453
2702,Harrison Smith (personal) to be evaluated weekly,#VALUE!,48,Headline / Summary,453
2703,"Sat, Aug 30th 3:36am EDT",21,,Date,453
2704,Harrison Smith will be evaluated weekly with a personal health matter. (Source: Ben Goessling on Twitter),#VALUE!,105,Headline / Summary,453
2705,Fantasy Impact: Smith has been out since August 11. He remains on the active roster.,#VALUE!,,Fantasy Impact,453
2706,Category: Injury Updates,#VALUE!,,Category,453
2707,Tyler Guyton,#VALUE!,12,Player name,454
2708,Tyler Guyton (knee) practices in full Tuesday,#VALUE!,45,Headline / Summary,454
2709,"Tue, Sep 2nd 6:29pm EDT",20,,Date,454
2710,Tyler Guyton (knee) practiced in full for the Cowboys on Tuesday. (Source: Tommy Yarrish on Twitter),#VALUE!,100,Headline / Summary,454
2711,"Fantasy Impact: The big man was able to log a full practice again on Tuesday. It looks like he is trending towards playing on Thursday night in the NFL's season opener, but we won't know his official status until later in the week. His presence would be good news for Dak Prescott and the Cowboys' offense as a whole in a tough matchup against Philadelphia's defense.",#VALUE!,,Fantasy Impact,454
2712,Category: Injury Updates,#VALUE!,,Category,454
2713,Trevon Diggs,#VALUE!,12,Player name,455
2714,Trevon Diggs (knee) logs full practice Tuesday,#VALUE!,46,Headline / Summary,455
2715,"Tue, Sep 2nd 6:27pm EDT",20,,Date,455
2716,Trevon Diggs (knee) logged a full practice session again on Tuesday. (Source: Tommy Yarrish on Twitter),#VALUE!,103,Headline / Summary,455
2717,"Fantasy Impact: Diggs has now logged two-straight full practice sessions, which is a step in the right direction for his Week 1 availability. Fantasy managers should keep tabs on his injury status for Thursday night's game, as he is arguably the most important player Dallas boasts on their defense with Micah Parsons no longer on the team.",#VALUE!,,Fantasy Impact,455
2718,Category: Injury Updates,#VALUE!,,Category,455
2719,Russell Gage Jr.,#VALUE!,16,Player name,456
2720,Russell Gage Jr. released by 49ers with intent to re-sign,#VALUE!,57,Headline / Summary,456
2721,"Tue, Sep 2nd 6:25pm EDT",20,,Date,456
2722,"Russell Gage Jr. has been released by the 49ers, but the team is hoping to re-sign him to their practice squad. (Source: Adam Schefter on Twitter)",#VALUE!,146,Headline / Summary,456
2723,"Fantasy Impact: The 49ers have cut Gage from their active roster, but they still want to keep him around as a member of their practice squad, provided that he doesn't choose to sign with a different team. If he lands back in San Francisco, the team is planning to elevate him to the active roster for Sunday's season opener against the Seahawks, which will help to shore up the depth in their receiving core.",#VALUE!,,Fantasy Impact,456
2724,Category: Transactions,#VALUE!,,Category,456
2725,Jake Haener,#VALUE!,11,Player name,457
2726,Jake Haener signing with Saints practice squad,#VALUE!,46,Headline / Summary,457
2727,"Tue, Sep 2nd 6:22pm EDT",20,,Date,457
2728,Jake Haener is signing a deal with the Saints to join their practice squad. (Source: New Orleans Saints),#VALUE!,104,Headline / Summary,457
2729,"Fantasy Impact: Haener lost the quarterback competition this offseason, but the team still likes what he brings to the table and will re-sign him as a member of their practice squad. He isn't expected to see any action for the Saints anytime soon, barring injuries to the guys ahead of him on the depth chart.",#VALUE!,,Fantasy Impact,457
2730,Category: Transactions,#VALUE!,,Category,457
2731,Tommy Mellott,#VALUE!,13,Player name,458
2732,Tommy Mellott joining Saints practice squad,#VALUE!,43,Headline / Summary,458
2733,"Tue, Sep 2nd 6:20pm EDT",20,,Date,458
2734,Tommy Mellott is signing a deal with the Saints to join their practice squad. (Source: New Orleans Saints),#VALUE!,106,Headline / Summary,458
2735,Fantasy Impact: The rookie will land with the Saints as a member of their practice squad after being cut by the Raiders earlier in the offseason. He isn't expected to have a notable role to play for the team this season.,#VALUE!,,Fantasy Impact,458
2736,Category: Transactions,#VALUE!,,Category,458
2737,Eli Ricks,#VALUE!,9,Player name,459
2738,Eli Ricks expected to sign with Eagles' practice squad,#VALUE!,54,Headline / Summary,459
2739,"Tue, Sep 2nd 6:18pm EDT",20,,Date,459
2740,Eli Ricks is expected to sign a deal with Philadelphia to join their practice squad. (Source: Mike Zenitz on Twitter),#VALUE!,117,Headline / Summary,459
2741,"Fantasy Impact: Philadelphia will be re-signing Ricks to their practice squad after recently making the decision to release him. He has been an active contributor for them over the past couple of seasons, so he is a real candidate to be elevated and see in-game action on a week-to-week basis.",#VALUE!,,Fantasy Impact,459
2742,Category: Transactions,#VALUE!,,Category,459
2743,Tre' Harris,#VALUE!,11,Player name,460
2744,Tre' Harris off injury report Tuesday,#VALUE!,37,Headline / Summary,460
2745,"Tue, Sep 2nd 6:16pm EDT",20,,Date,460
2746,Tre' Harris is off of the injury report and was a full participant at practice on Tuesday. (Source: Los Angeles Chargers on Twitter),#VALUE!,132,Headline / Summary,460
2747,"Fantasy Impact: Harris was dealing with an undisclosed injury earlier in the offseason, but it's no longer an issue for him and he should be good to go for Friday night's game. Fantasy managers should pay attention to what the rookie's workload looks like in his NFL debut against a tough Kansas City defense.",#VALUE!,,Fantasy Impact,460
2748,Category: Injury Updates,#VALUE!,,Category,460
2749,Elijah Molden,#VALUE!,13,Player name,461
2750,Elijah Molden (knee) limited Tuesday,#VALUE!,36,Headline / Summary,461
2751,"Tue, Sep 2nd 6:14pm EDT",20,,Date,461
2752,Elijah Molden (knee) was a limited participant at practice on Tuesday. (Source: Los Angeles Chargers on Twitter),#VALUE!,112,Headline / Summary,461
2753,"Fantasy Impact: Molden was the only player on Los Angeles' active roster who was not able to log a full practice session on Tuesday. He was limited due to a knee injury, and it remains to be seen whether or not it will impact his availability for Friday's game against the Chiefs.",#VALUE!,,Fantasy Impact,461
2754,Category: Injury Updates,#VALUE!,,Category,461
2755,Boston Scott,#VALUE!,12,Player name,462
2756,Boston Scott works out for Indianapolis Colts,#VALUE!,45,Headline / Summary,462
2757,"Tue, Sep 2nd 5:41pm EDT",20,,Date,462
2758,Veteran running back Boston Scott worked out for the Indianapolis Colts ahead of Week 1 of the 2025-26 NFL season. (Source: Mike Garafolo on Twitter),#VALUE!,149,Headline / Summary,462
2759,"Fantasy Impact: Scott had worked out previously for the Baltimore Ravens in mid-August, but nothing came of the meeting. The former Philadelphia Eagles running back most recently spent time with the Pittsburgh Steelers on their practice squad in 2024, and he was with the Los Angeles Rams in training camp before that. He has not played in an NFL game since the 2023 season, but he can be a veteran option for a team that needs depth.",#VALUE!,,Fantasy Impact,462
2760,Category: Rumors,#VALUE!,,Category,462
2761,Deuce Vaughn,#VALUE!,12,Player name,463
2762,Deuce Vaughn works out for Broncos Tuesday,#VALUE!,42,Headline / Summary,463
2763,"Tue, Sep 2nd 5:36pm EDT",20,,Date,463
2764,"The Denver Broncos worked out running back Deuce Vaughn on Tuesday, Sept. 2, ahead of their Week 1 matchup with the Tennessee Titans. (Source: Jordan Schultz on Twitter)",#VALUE!,169,Headline / Summary,463
2765,"Fantasy Impact: Vaughn is entering his third season in the NFL after being drafted in the sixth round in 2023. He has not been particularly productive, averaging 2.8 yards per carry over his career, but he has versatility as a pass-catcher. Sean Payton has worked with smaller running backs in the past, but Vaughn is likely no more than a practice squad addition.",#VALUE!,,Fantasy Impact,463
2766,Category: Rumors,#VALUE!,,Category,463
2767,Najee Harris,#VALUE!,12,Player name,464
2768,Najee Harris (eye) logs full practice on Tuesday,#VALUE!,48,Headline / Summary,464
2769,"Tue, Sep 2nd 5:32pm EDT",20,,Date,464
2770,"Los Angeles Chargers running back Najee Harris (eye) logged a full participation in practice on Tuesday, Sept. 2, ahead of LA's Friday night season opener. (Source: Los Angeles Chargers on Twitter)",#VALUE!,197,Headline / Summary,464
2771,"Fantasy Impact: Harris, who is recovering from a fireworks accident on July 4, was cleared for contact on Monday, Sept. 1; one day later, he is practicing in full for the Chargers. He will be competing with rookie RB Omarion Hampton for snaps, and it is still uncertain whether he will be active in Week 1; however, the team has expressed optimism about his status in recent weeks. He has rushed for 1,000+ yards in every season of his career, providing stability that made him an early addition in free agency.",#VALUE!,,Fantasy Impact,464
2772,Category: Injury Updates,#VALUE!,,Category,464
2773,Jacory Croskey-Merritt,#VALUE!,22,Player name,465
2774,Jacory Croskey-Merritt listed as Commanders' RB4,#VALUE!,48,Headline / Summary,465
2775,"Tue, Sep 2nd 4:56pm EDT",20,,Date,465
2776,"The Washington Commanders have listed running back Jacory ""Bill"" Croskey-Merritt as the team's No. 4 running back on their Week 1 depth chart. (Source: Nicki Jhabvala on Twitter)",#VALUE!,178,Headline / Summary,465
2777,"Fantasy Impact: Croskey-Merritt has received the drumbeat from beat writers this offseason and impressed over the preseason and training camp. He could certainly have a bigger role than RB4, but as a seventh-round rookie, his listing could be more about him earning the role. He is also dealing with an injury that kept him out of the preseason closer, but he is an intriguing option in Washington's offense and a massive climber in fantasy circles.",#VALUE!,,Fantasy Impact,465
2778,Category: Rumors,#VALUE!,,Category,465
2779,Chris Rodriguez Jr.,#VALUE!,19,Player name,466
2780,Chris Rodriguez Jr. listed RB3 on Week 1 depth chart,#VALUE!,52,Headline / Summary,466
2781,"Tue, Sep 2nd 4:52pm EDT",20,,Date,466
2782,The Washington Commanders have listed running back Chris Rodriguez Jr. as the team's No. 3 running back on their Week 1 depth chart. (Source: Nicki Jhabvala on Twitter),#VALUE!,168,Headline / Summary,466
2783,"Fantasy Impact: Rodriguez showed some promise late in the 2024 season, including an 11-carry, 52-yard game in Week 9 and a 13-carry, 94-yard game in Week 13. While he only played nine games in his Year 2 campaign, he is expected to have a goal-line role for the Commanders with his 224-pound frame.",#VALUE!,,Fantasy Impact,466
2784,Category: Rumors,#VALUE!,,Category,466
2785,Jeremy McNichols,#VALUE!,16,Player name,467
2786,Jeremy McNichols listed as Commanders' RB2,#VALUE!,42,Headline / Summary,467
2787,"Tue, Sep 2nd 4:49pm EDT",20,,Date,467
2788,The Washington Commanders have listed running back Jeremy McNichols as the team's No. 2 running back on their Week 1 depth chart. (Source: Nicki Jhabvala on Twitter),#VALUE!,165,Headline / Summary,467
2789,"Fantasy Impact: McNichols had some strong moments in 2024, his first season with the Commanders. He averaged 4.7 yards per carry and started one game, carrying the ball seven times for 42 yards. He will likely continue to rotate in throughout the season, seeing 6+ touches in six games last season.",#VALUE!,,Fantasy Impact,467
2790,Category: Rumors,#VALUE!,,Category,467
2791,Austin Ekeler,#VALUE!,13,Player name,468
2792,Austin Ekeler listed as RB1 on Week 1 depth chart,#VALUE!,49,Headline / Summary,468
2793,"Tue, Sep 2nd 4:46pm EDT",20,,Date,468
2794,The Washington Commanders have listed running back Austin Ekeler as the team's No. 1 running back on their Week 1 depth chart. (Source: Nicki Jhabvala on Twitter),#VALUE!,162,Headline / Summary,468
2795,"Fantasy Impact: It is easy to forget that Ekeler was a starting running back as recently as 2023 with the Los Angeles Chargers. He shone playing alongside Brian Robinson Jr. in 2024, averaging 6.5 yards per touch, his highest number since 2019. He could certainly cede work as the season goes on to the younger rotation, but even at the age of 30, he is expected to have a role in Washington's offense.",#VALUE!,,Fantasy Impact,468
2796,Category: Rumors,#VALUE!,,Category,468
2797,Pierre Strong Jr.,#VALUE!,17,Player name,469
2798,Pierre Strong Jr. waived from Browns' IR,#VALUE!,40,Headline / Summary,469
2799,"Tue, Sep 2nd 4:38pm EDT",20,,Date,469
2800,The Cleveland Browns have waived running back Pierre Strong Jr. from their injured reserve (IR). (Source: Mary Kay Cabot on Twitter),#VALUE!,132,Headline / Summary,469
2801,"Fantasy Impact: Strong had reverted to the team's IR after he cleared waivers with an injury designation. He suffered an undisclosed injury in the team's preseason finale and exited the game to be evaluated for a concussion. His injury status is not currently clear, but considering he is likely being waived after reaching an injury settlement with the Browns, he is likely looking to land on a roster to start the season.",#VALUE!,,Fantasy Impact,469
2802,"Category: Injury Updates, Transactions",#VALUE!,,Category,469
2803,Tanner McKee,#VALUE!,12,Player name,470
2804,Tanner McKee (thumb) misses practice Tuesday,#VALUE!,44,Headline / Summary,470
2805,"Tue, Sep 2nd 4:30pm EDT",20,,Date,470
2806,"Philadelphia Eagles quarterback Tanner McKee did not practice on Tuesday, Sept. 2, as he recovers from a thumb injury. (Source: Philadelphia Eagles on Twitter)",#VALUE!,159,Headline / Summary,470
2807,"Fantasy Impact: The Eagles traded for QB Sam Howell, knowing that McKee would miss time with his thumb injury, a disappointing development after standing out in the team's preseason opener. McKee should be the Eagles' QB2 when healthy, playing behind Jalen Hurts, but he could compete with Howell (who has started 18 games in his career) when he returns to practice.",#VALUE!,,Fantasy Impact,470
2808,Category: Injury Updates,#VALUE!,,Category,470
2809,Landon Dickerson,#VALUE!,16,Player name,471
2810,Landon Dickerson (back) practices in full on Tuesday,#VALUE!,52,Headline / Summary,471
2811,"Tue, Sep 2nd 4:27pm EDT",20,,Date,471
2812,"Philadelphia Eagles guard Landon Dickerson (back) was a full participant at practice on Tuesday, Sept. 2, ahead of the NFL season opener. (Source: Philadelphia Eagles on Twitter)",#VALUE!,178,Headline / Summary,471
2813,"Fantasy Impact: Dickerson, who is dealing with a back injury, was a non-participant in practice to open the week before bouncing back to a full-time status on Tuesday. This is a strong indication of his availability on Thursday, Sept. 4, when the Eagles will face the Dallas Cowboys. Dickerson is entering Year 5 off his third straight Pro Bowl nod.",#VALUE!,,Fantasy Impact,471
2814,Category: Injury Updates,#VALUE!,,Category,471
2815,Davis Mills,#VALUE!,11,Player name,472
2816,Davis Mills signs one-year extension with Texans,#VALUE!,48,Headline / Summary,472
2817,"Tue, Sep 2nd 4:22pm EDT",20,,Date,472
2818,The Houston Texans and quarterback Davis Mills have agreed to terms on a one-year extension worth a guaranteed $7 million. (Source: Adam Schefter on Twitter),#VALUE!,157,Headline / Summary,472
2819,"Fantasy Impact: Mills is now tied to the Texans through the 2026-27 season, which will keep him as QB C.J. Stroud's backup. The former Stanford product was a third-round pick in 2021, starting 26 games over his first two seasons. He has averaged 5.61 net yards per pass attempt in his career and is a solid option as Houston's QB2.",#VALUE!,,Fantasy Impact,472
2820,Category: Transactions,#VALUE!,,Category,472
2821,Robert Woods,#VALUE!,12,Player name,473
2822,Robert Woods released from Steelers' practice squad,#VALUE!,51,Headline / Summary,473
2823,"Tue, Sep 2nd 4:16pm EDT",20,,Date,473
2824,The Pittsburgh Steelers have released veteran wide receiver Robert Woods from their practice squad. (Source: Pittsburgh Steelers on Twitter),#VALUE!,140,Headline / Summary,473
2825,"Fantasy Impact: Woods was initially released ahead of the 53-man roster cutdown deadline but was brought back on the practice squad afterward. There were reports that he would stick on the practice squad while he waited for an opportunity to join another team's active roster, which could still be in play. However, it is unclear if he will be a part of any organization by Week 1.",#VALUE!,,Fantasy Impact,473
2826,Category: Transactions,#VALUE!,,Category,473
2827,Anthony Campbell,#VALUE!,16,Player name,474
2828,Anthony Campbell signs with Seahawks practice squad,#VALUE!,51,Headline / Summary,474
2829,"Tue, Sep 2nd 3:49pm EDT",20,,Date,474
2830,The Seahawks signed DT Anthony Campbell to their practice squad. (Source: Seahawks.com),#VALUE!,87,Headline / Summary,474
2831,Fantasy Impact: Campbell will hold a depth role on the defensive line for Seattle heading into the season.,#VALUE!,,Fantasy Impact,474
2832,Category: Transactions,#VALUE!,,Category,474
2833,Jalan Gaines,#VALUE!,12,Player name,475
2834,Jalan Gaines signs with Seahawks practice squad,#VALUE!,47,Headline / Summary,475
2835,"Tue, Sep 2nd 3:48pm EDT",20,,Date,475
2836,The Seahawks signed DE Jalan Gaines to their practice squad. (Source: Seahawks.com),#VALUE!,83,Headline / Summary,475
2837,Fantasy Impact: Gaines will hold a depth role on the defensive line for Seattle heading into the season.,#VALUE!,,Fantasy Impact,475
2838,Category: Transactions,#VALUE!,,Category,475
2839,Sataoa Laumea,#VALUE!,13,Player name,476
2840,Sataoa Laumea signs with Seahawks practice squad,#VALUE!,48,Headline / Summary,476
2841,"Tue, Sep 2nd 3:46pm EDT",20,,Date,476
2842,The Seahawks signed OG Sataoa Laumea to their practice squad. (Source: Seahawks.com),#VALUE!,84,Headline / Summary,476
2843,Fantasy Impact: Laumea will hold a depth role on the offensive line for Seattle heading into the season.,#VALUE!,,Fantasy Impact,476
2844,Category: Transactions,#VALUE!,,Category,476
2845,Shemar Jean-Charles,#VALUE!,19,Player name,477
2846,Shemar Jean-Charles released by Seahawks,#VALUE!,40,Headline / Summary,477
2847,"Tue, Sep 2nd 3:45pm EDT",20,,Date,477
2848,The Seahawks released DB Shemar Jean-Charles from their practice squad. (Source: Seahawks.com),#VALUE!,94,Headline / Summary,477
2849,Fantasy Impact: Jean-Charles loses his spot on the practice squad in Seattle ahead of the season. He'll likely seek another opportunity.,#VALUE!,,Fantasy Impact,477
2850,Category: Transactions,#VALUE!,,Category,477
2851,Amari Kight,#VALUE!,11,Player name,478
2852,Amari Kight released by Seahawks,#VALUE!,32,Headline / Summary,478
2853,"Tue, Sep 2nd 3:44pm EDT",20,,Date,478
2854,The Seahawks released OT Amari Kight from their practice squad. (Source: Seahawks.com),#VALUE!,86,Headline / Summary,478
2855,Fantasy Impact: Kight loses his spot on the practice squad in Seattle ahead of the season. He'll likely seek another opportunity.,#VALUE!,,Fantasy Impact,478
2856,Category: Transactions,#VALUE!,,Category,478
2857,Damien Martinez,#VALUE!,15,Player name,479
2858,Damien Martinez released from Seahawks practice squad,#VALUE!,53,Headline / Summary,479
2859,"Tue, Sep 2nd 3:42pm EDT",20,,Date,479
2860,The Seahawks released RB Damien Martinez from their practice squad. (Source: Seahawks.com),#VALUE!,90,Headline / Summary,479
2861,Fantasy Impact: Martinez will likely seek another opportunity on a practice squad ahead of the season.,#VALUE!,,Fantasy Impact,479
2862,Category: Transactions,#VALUE!,,Category,479
2863,Elic Ayomanor,#VALUE!,13,Player name,480
2864,Elic Ayomanor listed as starter on Titans unofficial depth chart,#VALUE!,64,Headline / Summary,480
2865,"Tue, Sep 2nd 3:34pm EDT",20,,Date,480
2866,Elic Ayomanor was listed as a starting wide receiver on Tennessee’s unofficial depth chart ahead of Week 1. (Source: John Glennon on Twitter),#VALUE!,141,Headline / Summary,480
2867,"Fantasy Impact: Ayomanor was listed ahead of Van Jefferson on the initial depth chart. It remains unclear what role he is stepping into, but the Titans have some opportunity available behind Calvin Ridley in the passing game heading into this season.",#VALUE!,,Fantasy Impact,480
2868,Darrian Dalcourt,#VALUE!,16,Player name,481
2869,Darrian Dalcourt signs with Commanders,#VALUE!,38,Headline / Summary,481
2870,"Tue, Sep 2nd 3:09pm EDT",20,,Date,481
2871,The Commanders signed OG Darrian Dalcourt. (Source: Jeremy Fowler on Twitter),#VALUE!,77,Headline / Summary,481
2872,Fantasy Impact: Dalcourt will join the practice squad for Washington. He spent last season on the Ravens practice squad.,#VALUE!,,Fantasy Impact,481
2873,Category: Transactions,#VALUE!,,Category,481
2874,Jaylon Johnson,#VALUE!,14,Player name,482
2875,Jaylon Johnson dealt with groin injury during training camp,#VALUE!,59,Headline / Summary,482
2876,"Tue, Sep 2nd 3:08pm EDT",20,,Date,482
2877,Jaylon Johnson told reporters he dealing with a groin injury during training camp. (Source: Adam Jahns on Twitter),#VALUE!,114,Headline / Summary,482
2878,Fantasy Impact: Johnson missed some time during training camp with the injury. He appears ready to go for the season opener this week.,#VALUE!,,Fantasy Impact,482
2879,Category: Injury Updates,#VALUE!,,Category,482
2880,Marquise Brown,#VALUE!,14,Player name,483
2881,Marquise Brown (ankle/foot) 'has done everything' at practice this week,#VALUE!,71,Headline / Summary,483
2882,"Tue, Sep 2nd 3:04pm EDT",20,,Date,483
2883,"Chiefs coach Andy Reid said Marquise Brown has done ""everything"" in practice this week. (Source: Around the NFL on Twitter)",#VALUE!,123,Headline / Summary,483
2884,Fantasy Impact: Brown appears fully ready to go for the season opener this week. He could see some more involvement to start the season while Rashee Rice is suspended.,#VALUE!,,Fantasy Impact,483
2885,Category: Injury Updates,#VALUE!,,Category,483
2886,Jalen Royals,#VALUE!,12,Player name,484
2887,Jalen Royals (knee) not practicing Tuesday,#VALUE!,42,Headline / Summary,484
2888,"Tue, Sep 2nd 3:02pm EDT",20,,Date,484
2889,"Kansas City Chiefs rookie wide receiver Jalen Royals was the only player not to practice on Tuesday, Sept. 2, as he deals with knee tendinitis. (Source: Nate Taylor on Twitter)",#VALUE!,176,Headline / Summary,484
2890,"Fantasy Impact: Royals is not practicing ahead of the Chiefs' season-opening game on Friday, Sept. 5, in São Paulo, Brazil. It seems as though there is a strong chance he will not be available for Week 1, which is a missed opportunity for the rookie, as WR Rashee Rice (suspension) will be out. Royals reportedly impressed over the offseason, but he will need to be healthy to find a role while playing behind WRs like Rice, Xavier Worthy, and Hollywood Brown.",#VALUE!,,Fantasy Impact,484
2891,Category: Injury Updates,#VALUE!,,Category,484
2892,Derrick Harmon,#VALUE!,14,Player name,485
2893,Derrick Harmon (knee) ruled out for Week 1,#VALUE!,42,Headline / Summary,485
2894,"Tue, Sep 2nd 1:36pm EDT",20,,Date,485
2895,Steelers coach Mike Tomlin said rookie DT Derrick Harmon will not play on Sunday against the Jets. (Source: Around the NFL on Twitter),#VALUE!,134,Headline / Summary,485
2896,Fantasy Impact: Harmon was able to avoid being placed on injured reserve. He'll look to make his debut in Week 2 or Week 3.,#VALUE!,,Fantasy Impact,485
2897,Category: Injury Updates,#VALUE!,,Category,485
2898,Graham Glasgow,#VALUE!,14,Player name,486
2899,Graham Glasgow (leg) on track to play in Week 1,#VALUE!,47,Headline / Summary,486
2900,"Tue, Sep 2nd 1:33pm EDT",20,,Date,486
2901,Lions C Graham Glasgow is on track to play on Sunday against the Packers. (Source: Pro Football Talk on Twitter),#VALUE!,112,Headline / Summary,486
2902,Fantasy Impact: Glasgow left practice earlier in training camp with a leg injury. He should be fully good to go for Sunday's series opener.,#VALUE!,,Fantasy Impact,486
2903,Category: Injury Updates,#VALUE!,,Category,486
2904,Kyzir White,#VALUE!,11,Player name,487
2905,Kyzir White signs with Titans,#VALUE!,29,Headline / Summary,487
2906,"Tue, Sep 2nd 1:32pm EDT",20,,Date,487
2907,The Titans signed LB Kyzir White. (Source: Jordan Schultz on Twitter),#VALUE!,69,Headline / Summary,487
2908,"Fantasy Impact: White recorded 137 tackles, 2.5 sacks and nine TFLs with the Cardinals last season. He'll add depth to the Titans linebacker room.",#VALUE!,,Fantasy Impact,487
2909,Category: Transactions,#VALUE!,,Category,487
2910,Calvin Austin III,#VALUE!,17,Player name,488
2911,Calvin Austin III expected to be good to go for Week 1,#VALUE!,54,Headline / Summary,488
2912,"Tue, Sep 2nd 1:30pm EDT",20,,Date,488
2913,Steelers coach Mike Tomlin said he expects WR Calvin Austin III to be good to go for Sunday's game against the Jets. (Source: Brooke Pryor on Twitter),#VALUE!,150,Headline / Summary,488
2914,Fantasy Impact: Austin had missed parts of training camp and the preseason with an undisclosed injury. He is slated to enter the season as the slot receiver for Pittsburgh.,#VALUE!,,Fantasy Impact,488
2915,Category: Injury Updates,#VALUE!,,Category,488
2916,Kendrick Bourne,#VALUE!,15,Player name,489
2917,Kendrick Bourne visiting Commanders Tuesday,#VALUE!,43,Headline / Summary,489
2918,"Tue, Sep 2nd 1:27pm EDT",20,,Date,489
2919,Free agent WR Kendrick Bourne is meeting with the Commanders on Tuesday. (Source: Around the NFL on Twitter),#VALUE!,108,Headline / Summary,489
2920,Fantasy Impact: Bourne also met with the 49ers earlier in the week. He is likely attempting to sign with a team before the start of the season.,#VALUE!,,Fantasy Impact,489
2921,Category: Transactions,#VALUE!,,Category,489
2922,Gabe Davis,#VALUE!,10,Player name,490
2923,Gabe Davis signing with Bills,#VALUE!,29,Headline / Summary,490
2924,"Tue, Sep 2nd 1:21pm EDT",20,,Date,490
2925,Gabe Davis is signing with the Buffalo Bills. (Source: Adam Schefter on Twitter),#VALUE!,80,Headline / Summary,490
2926,Fantasy Impact: Davis initially will be on Buffalo’s practice squad. He is still recovering from a torn meniscus suffered last season.,#VALUE!,,Fantasy Impact,490
2927,Category: Transactions,#VALUE!,,Category,490
2928,Kenneth Gainwell,#VALUE!,16,Player name,491
2929,Kenneth Gainwell listed as RB2 for Steelers,#VALUE!,43,Headline / Summary,491
2930,"Tue, Sep 2nd 1:01pm EDT",20,,Date,491
2931,Kenneth Gainwell is listed as the Steelers' RB2 on their depth chart heading into Week 1. (Source: Pittsburgh Steelers),#VALUE!,119,Headline / Summary,491
2932,"Fantasy Impact: The veteran running back is listed as the RB2 for the Steelers heading into Week 1 on their unofficial depth chart. This comes as a bit of a surprise, as many fantasy managers expected rookie Kaleb Johnson to have that role on lock by the time the preseason was over. Fantasy managers should pay close attention to what the splits look like in this backfield in Week 1.",#VALUE!,,Fantasy Impact,491
2933,Category: Rumors,#VALUE!,,Category,491
2934,Kaleb Johnson,#VALUE!,13,Player name,492
2935,Kaleb Johnson listed as RB3 on depth chart,#VALUE!,42,Headline / Summary,492
2936,"Tue, Sep 2nd 12:59pm EDT",21,,Date,492
2937,Kaleb Johnson is currently listed as the RB3 for the Steelers on their unofficial depth chart. (Source: Pittsburgh Steelers),#VALUE!,124,Headline / Summary,492
2938,"Fantasy Impact: The Steelers recently released an unofficial depth chart for the team, and Johnson was listed as the RB3 on it. Not only was he behind starter Jaylen Warren, but veteran Kenneth Gainwell was listed as the backup above him, which may come as a bit of a surprise to fantasy managers. Sunday's game against the Jets will help us to determine whether or not this news actually holds any weight.",#VALUE!,,Fantasy Impact,492
2939,Category: Rumors,#VALUE!,,Category,492
2940,Jameis Winston,#VALUE!,14,Player name,493
2941,Jameis Winston listed as QB3 on Giants Week 1 depth chart,#VALUE!,57,Headline / Summary,493
2942,"Tue, Sep 2nd 12:44pm EDT",21,,Date,493
2943,The Giants listed Jameis Winston as their QB3 on the team's Week 1 depth chart. (Source: Adam Schefter on Twitter),#VALUE!,114,Headline / Summary,493
2944,Fantasy Impact: Jaxson Dart moved ahead of Winston on the depth chart to begin the season. It is unclear if Winston will see the field this year for the Giants.,#VALUE!,,Fantasy Impact,493
2945,Jaxson Dart,#VALUE!,11,Player name,494
2946,Jaxson Dart listed as QB2 on Giants Week 1 depth chart,#VALUE!,54,Headline / Summary,494
2947,"Tue, Sep 2nd 12:41pm EDT",21,,Date,494
2948,The Giants listed rookie Jaxson Dart as the backup to Russell Wilson on their Week 1 depth chart. (Source: Adam Schefter on Twitter),#VALUE!,132,Headline / Summary,494
2949,Fantasy Impact: Dart showed enough in training camp and in the preseason to move ahead of Jameis Winston heading into the season. It's possible he gets into a game at some point this year.,#VALUE!,,Fantasy Impact,494
2950,Christian Gonzalez,#VALUE!,18,Player name,495
2951,Christian Gonzalez (hamstring) aiming to practice this week,#VALUE!,59,Headline / Summary,495
2952,"Tue, Sep 2nd 9:56am EDT",20,,Date,495
2953,Christian Gonzalez (hamstring) targeting a return to practice this week. (Source: Doug Kyed on Twitter),#VALUE!,103,Headline / Summary,495
2954,"Fantasy Impact: Gonzalez did not take part in practice Monday. The third-year corner, who started 16 games last season, is certainly in jeopardy of missing the Patriots season opener. A first-round pick in 2023, Gonzalez recorded 59 tackles and two interceptions in last season.",#VALUE!,,Fantasy Impact,495
2955,Category: Injury Updates,#VALUE!,,Category,495
2956,Stefon Diggs,#VALUE!,12,Player name,496
2957,Stefon Diggs should be ready to play Sunday,#VALUE!,43,Headline / Summary,496
2958,"Tue, Sep 2nd 9:49am EDT",20,,Date,496
2959,Stefon Diggs (ACL) to play in Week 1 for Patriots. (Source: Doug Kyed on Twitter),#VALUE!,81,Headline / Summary,496
2960,"Fantasy Impact: Diggs is coming off of a shortened season with the Texans due to a torn ACL. The veteran receiver signed with the Patriots this offseason and heads into his first campaign in New England atop head coach Mike Vrabel's depth chart. Tuesday morning, Vrabel told WEEI that ""as of today, he'll (Diggs) be out there.""",#VALUE!,,Fantasy Impact,496
2961,Category: Injury Updates,#VALUE!,,Category,496
2962,Kenneth Walker III,#VALUE!,18,Player name,497
2963,Kenneth Walker III (foot) gets in full practice Monday,#VALUE!,54,Headline / Summary,497
2964,"Tue, Sep 2nd 9:43am EDT",20,,Date,497
2965,Kenneth Walker (foot) was a full participant in Monday's practice. (Source: Gregg Bell on Twitter),#VALUE!,98,Headline / Summary,497
2966,"Fantasy Impact: Walker missed six games in total for the Seahawks last season and ended the year on IR with an ankle injury. The 24-year-old ball carrier has dealt with a foot issue more recently, leaving him limited during most of the preseason. Walker was a full-go Monday, however, and he appears ready to roll for the Seahawks' season opener.",#VALUE!,,Fantasy Impact,497
2967,Category: Injury Updates,#VALUE!,,Category,497
2968,Jaydon Blue,#VALUE!,11,Player name,498
2969,Jaydon Blue (ankle) not on injury report for Thursday,#VALUE!,53,Headline / Summary,498
2970,"Mon, Sep 1st 6:32pm EDT",20,,Date,498
2971,Jaydon Blue (ankle) is not on the injury report for Thursday night's game against the Philadelphia Eagles. (Source: Philadelphia Eagles),#VALUE!,136,Headline / Summary,498
2972,"Fantasy Impact: The rookie running back was a full participant at practice on Monday and carries no injury designation ahead of Thursday night's season opener. He seems to be entirely over his ankle injury, and while he's not expected to be a strong fantasy option in his NFL debut, his presence could hurt the workload of veterans Javonte Williams and Miles Sanders in Week 1 and beyond.",#VALUE!,,Fantasy Impact,498
2973,Category: Injury Updates,#VALUE!,,Category,498
2974,Dallas Goedert,#VALUE!,14,Player name,499
2975,Dallas Goedert (groin) off injury report Monday,#VALUE!,47,Headline / Summary,499
2976,"Mon, Sep 1st 6:29pm EDT",20,,Date,499
2977,Dallas Goedert (groin) is off of the injury report for Thursday night's season opener against the Dallas Cowboys. (Source: Philadelphia Eagles on Twitter),#VALUE!,154,Headline / Summary,499
2978,"Fantasy Impact: The veteran tight end is not on Philadelphia's injury report and should be good to go for Thursday night's game, despite dealing with a groin injury earlier in the preseason. He doesn't project to be a strong fantasy option in this matchup but will be an important piece for Philadelphia's offense in real life.",#VALUE!,,Fantasy Impact,499
2979,Category: Injury Updates,#VALUE!,,Category,499
2980,DeVonta Smith,#VALUE!,13,Player name,500
2981,DeVonta Smith (groin) without injury designation for Week 1,#VALUE!,59,Headline / Summary,500
2982,"Mon, Sep 1st 6:25pm EDT",20,,Date,500
2983,DeVonta Smith (groin) is without an injury designation ahead of Thursday night's contest against the Dallas Cowboys. (Source: Philadelphia Eagles),#VALUE!,146,Headline / Summary,500
2984,"Fantasy Impact: Smith was previously managing a minor groin injury, but he is now over it and is no longer listed on the team's injury report. He should be good to go for Thursday night's matchup and projects to be a solid fantasy option in the first game of the 2025 NFL season.",#VALUE!,,Fantasy Impact,500
2985,Category: Injury Updates,#VALUE!,,Category,500
2986,A.J. Brown,#VALUE!,10,Player name,501
2987,A.J. Brown (hamstring) off injury report for Thursday,#VALUE!,53,Headline / Summary,501
2988,"Mon, Sep 1st 6:23pm EDT",20,,Date,501
2989,A.J. Brown (hamstring) is off of the injury report ahead of Thursday night's game against the Dallas Cowboys. (Source: Philadelphia Eagles),#VALUE!,139,Headline / Summary,501
2990,"Fantasy Impact: A hamstring injury has been bothering Brown for a large chunk of the preseason, but it seems to be nothing more than a minor issue at this point, as he is no longer listed on Philadelphia's injury report at all ahead of their season opener against the Cowboys on Thursday night. Fantasy managers shouldn't hesitate to start him in this matchup, barring any unforeseen setbacks in his recovery.",#VALUE!,,Fantasy Impact,501
2991,Category: Injury Updates,#VALUE!,,Category,501
2992,Isaiah Likely,#VALUE!,13,Player name,502
2993,Isaiah Likely (foot) non-participant Monday,#VALUE!,43,Headline / Summary,502
2994,"Mon, Sep 1st 6:19pm EDT",20,,Date,502
2995,Isaiah Likely (foot) was a non-participant in Baltimore's practice on Monday. (Source: Jamison Hensley on Twitter),#VALUE!,114,Headline / Summary,502
2996,"Fantasy Impact: As expected, Likely was not able to take the practice field for the Ravens on Monday. He is currently at risk of missing Sunday night's season opener due to a foot injury that he suffered earlier in the offseason, but it remains to be seen what his official injury designation will be later on in the week. Mark Andrews is expected to get more work if the young tight end is sidelined against the Bills.",#VALUE!,,Fantasy Impact,502
2997,Category: Injury Updates,#VALUE!,,Category,502
2998,Hunter Renfrow,#VALUE!,14,Player name,503
2999,Hunter Renfrow will play Sunday,#VALUE!,31,Headline / Summary,503
3000,"Mon, Sep 1st 6:14pm EDT",20,,Date,503
3001,Hunter Renfrow will play in Sunday's game against the Jacksonville Jaguars. (Source: Steve Reed on Twitter),#VALUE!,107,Headline / Summary,503
3002,"Fantasy Impact: The Panthers have been moving Renfrow on and off the roster recently, but he is currently on their active roster and will play in Sunday's game against the Jaguars, according to HC Dave Canales. Fantasy managers shouldn't have high expectations for him in this matchup.",#VALUE!,,Fantasy Impact,503
3003,Category: Rumors,#VALUE!,,Category,503
3004,Dee Eskridge,#VALUE!,12,Player name,504
3005,Dee Eskridge doesn't practice Monday,#VALUE!,36,Headline / Summary,504
3006,"Mon, Sep 1st 6:12pm EDT",20,,Date,504
3007,Dee Eskridge did not take part in Monday's practice due to an undisclosed injury. (Source: Joe Schad on Twitter),#VALUE!,112,Headline / Summary,504
3008,"Fantasy Impact: Eskridge was not able to take part in Miami's practice on Monday, as he's managing an undisclosed injury of some kind. Miami's season opener is coming up on Sunday, so he doesn't have extended time to recover before the team will want him to take the field.",#VALUE!,,Fantasy Impact,504
3009,Category: Injury Updates,#VALUE!,,Category,504
3010,Matthew Stafford,#VALUE!,16,Player name,505
3011,Matthew Stafford (back) expected to be good to go Sunday,#VALUE!,56,Headline / Summary,505
3012,"Mon, Sep 1st 4:25pm EDT",20,,Date,505
3013,Rams head coach Sean McVay said he expects Matthew Stafford to start against the Texans on Sunday. (Source: Taylor Bisciotti on Twitter),#VALUE!,136,Headline / Summary,505
3014,"Fantasy Impact: Stafford had been sidelined with a back injury early in training camp, but he was recently able to work his way back in practice. He should be fully good to go on Sunday.",#VALUE!,,Fantasy Impact,505
3015,Category: Injury Updates,#VALUE!,,Category,505
3016,Quentin Johnston,#VALUE!,16,Player name,506
3017,Quentin Johnston clears concussion protocol,#VALUE!,43,Headline / Summary,506
3018,"Mon, Sep 1st 3:36pm EDT",20,,Date,506
3019,Chargers coach Jim Harbaugh said Quentin Johnston has cleared concussion protocol. (Source: Around the NFL on Twitter),#VALUE!,118,Headline / Summary,506
3020,Fantasy Impact: Johnston should be good to go for the season opener this week. He'll remain off the fantasy radar.,#VALUE!,,Fantasy Impact,506
3021,Category: Injury Updates,#VALUE!,,Category,506
3022,Darnell Mooney,#VALUE!,14,Player name,507
3023,Darnell Mooney (shoulder) still day-to-day,#VALUE!,42,Headline / Summary,507
3024,"Mon, Sep 1st 3:31pm EDT",20,,Date,507
3025,The Falcons still consider Darnell Mooney as day-to-day.,#VALUE!,56,Headline / Summary,507
3026,Fantasy Impact: Mooney has been battling a shoulder injury since July. He did return to practice late last week. His status will need to be monitored at practice the rest of this week.,#VALUE!,,Fantasy Impact,507
3027,Category: Injury Updates,#VALUE!,,Category,507
3028,Micah Parsons,#VALUE!,13,Player name,508
3029,Micah Parsons (back) 'uncertain' for Week 1,#VALUE!,43,Headline / Summary,508
3030,"Mon, Sep 1st 3:29pm EDT",20,,Date,508
3031,Adam Schefter reports that it is still “uncertain” if Packers EDGE Micah Parsons will play in Week 1. (Source: Adam Schefter on Twitter),#VALUE!,136,Headline / Summary,508
3032,Fantasy Impact: Schefter added that Parsons may need an epidural prior to the game. His status will need to be monitored at practice the rest of the week. It would be a surprise if he doesn't play even if he is limited.,#VALUE!,,Fantasy Impact,508
3033,Category: Injury Updates,#VALUE!,,Category,508
3034,Jauan Jennings,#VALUE!,14,Player name,509
3035,Jauan Jennings (calf) seen practicing Monday,#VALUE!,44,Headline / Summary,509
3036,"Mon, Sep 1st 3:27pm EDT",20,,Date,509
3037,Jauan Jennings was seen at practice on Monday. (Source: Nick Wagoner on Twitter),#VALUE!,80,Headline / Summary,509
3038,Fantasy Impact: Jennings has been battling a calf injury since July. His status for Sunday's season opener against the Seahawks will need to be monitored throughout the week.,#VALUE!,,Fantasy Impact,509
3039,Category: Injury Updates,#VALUE!,,Category,509
3040,C.J. Gardner-Johnson,#VALUE!,20,Player name,510
3041,C.J. Gardner-Johnson (knee) expected to play in Week 1,#VALUE!,54,Headline / Summary,510
3042,"Mon, Sep 1st 3:25pm EDT",20,,Date,510
3043,Texans coach DeMeco Ryans said S C.J. Gardner-Johnson is expected to play in Week 1 against the Rams. (Source: Jonathan M Alexander on Twitter),#VALUE!,143,Headline / Summary,510
3044,Fantasy Impact: Gardner-Johnson has been sidelined since the start of August. His status will still need to be monitored at practice over the next few days.,#VALUE!,,Fantasy Impact,510
3045,Category: Injury Updates,#VALUE!,,Category,510
3046,Cade Otton,#VALUE!,10,Player name,511
3047,Cade Otton (leg) practices Monday,#VALUE!,33,Headline / Summary,511
3048,"Mon, Sep 1st 3:20pm EDT",20,,Date,511
3049,Cade Otton practiced on Monday. (Source: Rick Stroud on Twitter),#VALUE!,64,Headline / Summary,511
3050,Fantasy Impact: The status of Otton still isn't clear for Sunday. His status will need to be monitored at practice over the next few days.,#VALUE!,,Fantasy Impact,511
3051,Category: Injury Updates,#VALUE!,,Category,511
3052,Jaylen Warren,#VALUE!,13,Player name,512
3053,Jaylen Warren signs two-year extension with Steelers,#VALUE!,52,Headline / Summary,512
3054,"Mon, Sep 1st 12:07pm EDT",21,,Date,512
3055,The Steelers signed RB Jaylen Warren to a two-year extension. (Source: Mike Garafolo on Twitter),#VALUE!,96,Headline / Summary,512
3056,Fantasy Impact: Warren lands a new deal a few years after joining Pittsburgh as an undrafted free agent. He figures to form a committee now with rookie Kaleb Johnson heading into this season.,#VALUE!,,Fantasy Impact,512
3057,Category: Transactions,#VALUE!,,Category,512
3058,Darren Waller,#VALUE!,13,Player name,513
3059,Darren Waller (return to football) on track to play Sunday,#VALUE!,58,Headline / Summary,513
3060,"Mon, Sep 1st 12:04pm EDT",21,,Date,513
3061,Darren Waller is on track to play in Sunday's season opener against the Colts. (Source: Cameron Wolfe on Twitter),#VALUE!,113,Headline / Summary,513
3062,Fantasy Impact: Waller recently returned to practice after opening training camp on the PUP list. It is unclear what role he'll be specifically stepping into.,#VALUE!,,Fantasy Impact,513
3063,Category: Injury Updates,#VALUE!,,Category,513
