player,date,headline,fantasy_impact,category
Kimani Vidal,"Tue, Aug 26th 10:12pm EDT",Kimani Vidal has been waived by the Los Angeles Chargers. (Source: Chargers Communications),"Fantasy Impact: The Chargers released several running backs on Tuesday, including Vidal, but kept Najee Harris (eye) on their active roster for Week 1, indicating that he may be close to a full return to action. As for Vidal, he remains unlikely to make an impact anywhere this season.",Category: Transactions
Nyheim Miller-Hines,"Tue, Aug 26th 10:10pm EDT",Nyheim Miller-Hines has been cut by the Los Angeles Chargers. (Source: Chargers Communications),"Fantasy Impact: To no surprise, Miller-Hines has been cut before the start of the regular season for the Chargers. He was always a long shot to make the roster, but the fact that he didn't make the team paired with Najee Harris starting on the active roster suggests that the latter may be ready to play sooner rather than later for the team.",Category: Transactions
Jalen Reagor,"Tue, Aug 26th 10:07pm EDT",Jalen Reagor has been released by the Los Angeles Chargers. (Source: Chargers Communications),"Fantasy Impact: The Chargers made a number of roster cuts on Tuesday, and Reagor was one of the players who didn't make the 53-man roster for the regular season. He may end up back with the team on the practice squad and remains irrelevant for fantasy purposes.",Category: Transactions
Taylor Heinicke,"Tue, Aug 26th 10:06pm EDT",Taylor Heinicke has been released by the Los Angeles Chargers. (Source: Chargers Communications),"Fantasy Impact: The veteran quarterback did not make the active roster for the Chargers, meaning that Trey Lance will be their backup quarterback heading into the regular season. It remains to be seen whether or not the veteran will land somewhere else this year.",Category: Transactions
Kaleb McGary,"Tue, Aug 26th 10:04pm EDT",Kaleb McGary (knee) will miss the entire season after being placed on injured reserve. (Source: Mike Garafolo on Twitter),"Fantasy Impact: The Falcons placed McGary on injured reserve on Tuesday with no designation to return, meaning that he will be sidelined for the entire season as he recovers. This is a tough blow for Atlanta, as their offensive line was hoped to be one of the best in the league this year. The loss of a key starter like this may make efficiency a bit harder for Michael Penix Jr. and Bijan Robinson throughout the season.",Category: Injury Updates
Walter Nolen III,"Tue, Aug 26th 6:02pm EDT",The Cardinals placed Walter Nolen III on the PUP list.,Fantasy Impact: Nolen was the No. 16 overall pick in this year's draft by Arizona. He has been sidelined with a calf injury since the start of camp and will now miss the start of the season.,Category: Injury Updates
MarShawn Lloyd,"Tue, Aug 26th 6:00pm EDT",The Packers placed RB MarShawn Lloyd on injured reserve.,Fantasy Impact: Lloyd will miss at least the first four games of the season. Emanuel Wilson and Chris Brooks will see snaps behind Josh Jacobs.,Category: Injury Updates
Jason Sanders,"Tue, Aug 26th 5:58pm EDT",The Dolphins placed Jason Sanders on injured reserve.,Fantasy Impact: Sanders will miss the first four games of the season. Miami has worked out several kickers as they look for a new one to start the season.,Category: Injury Updates
Trey Sermon,"Tue, Aug 26th 5:57pm EDT",The Steelers released RB Trey Sermon.,Fantasy Impact: Sermon had signed a deal with Pittsburgh back in May. He'll likely seek another opportunity in a depth role.,Category: Transactions
Brandon Aiyuk,"Tue, Aug 26th 5:18pm EDT",The 49ers placed WR Brandon Aiyuk on the PUP list. (Source: Adam Schefter on Twitter),Fantasy Impact: This should come as no surprise to anyone as Aiyuk continues to work his way back from the season-ending injuries he suffered last year. He is reportedly targeting a Week 6 return.,Category: Injury Updates
Dillon Gabriel,"Tue, Aug 26th 5:15pm EDT",Browns coach Kevin Stefanski named Dillon Gabriel as the teams backup quarterback. (Source: Mary Kay Cabot on Twitter),Fantasy Impact: This was the expectation after Cleveland traded Kenny Pickett to the Raiders. It will be Joe Flacco opening the season as the starter with Shedeur Sanders serving as the emergency third quarterback for Cleveland.,
Jalen Brooks,"Tue, Aug 26th 4:21pm EDT",The Cowboys released WR Jalen Brooks. (Source: Calvin Watkins on Twitter),Fantasy Impact: Brooks was unable to make the Cowboys 53-man roster. He'll seek an opportunity on a practice squad.,Category: Transactions
Solomon Byrd,"Tue, Aug 26th 4:20pm EDT",The Texans waived DE Solomon Byrd. (Source: Jonathan M Alexander on Twitter),Fantasy Impact: Byrd was unable to make the Texans 53-man roster. He'll seek an opportunity on a practice squad.,Category: Transactions
Zach Triner,"Tue, Aug 26th 4:18pm EDT",The Seahawks released veteran long-snapper Zach Triner. (Source: Brady Henderson on Twitter),Fantasy Impact: Triner signed with the Seahawks earlier in August. He was unable to make the team's 53-man roster.,Category: Transactions
Casey Rogers,"Tue, Aug 26th 4:17pm EDT",The Bills released DT Casey Rogers. (Source: Adam Schefter on Twitter),Fantasy Impact: Rogers was unable to make the Bills 53-man roster. He'll likely seek another opportunity.,Category: Transactions
Hunter Renfrow,"Tue, Aug 26th 4:17pm EDT",Hunter Renfrow has been released by the Carolina Panthers. (Source: Tom Pelissero on Twitter),"Fantasy Impact: Renfrow seemed to have a real chance to make Carolina's active roster to start the season, but they released him as part of their roster cut downs on Tuesday. He could land somewhere else before the start of the season, but fantasy managers shouldn't have high hopes for his outlook for the season.",Category: Transactions
Jakob Johnson,"Tue, Aug 26th 4:15pm EDT",The Texans released fullback Jakob Johnson. (Source: Adam Schefter on Twitter),Fantasy Impact: Johnson was unable to make the Texans 53-man roster. He'll seek another opportunity with a team looking for a fullback.,Category: Transactions
Corey Ballentine,"Tue, Aug 26th 4:14pm EDT",The Packers released CB Corey Ballentine. (Source: Rob Demovsky on Twitter),Fantasy Impact: Ballentine was unable to make the Packers 53-man roster. He'll seek an opportunity on a practice squad.,Category: Transactions
Israel Mukuamu,"Tue, Aug 26th 4:12pm EDT",The Cowboys released DB Israel Mukuamu. (Source: Todd Archer on Twitter),Fantasy Impact: Mukuamu was unable to make the Cowboys 53-man roster. He has appeared in 33 games across the past four seasons.,Category: Transactions
Najee Harris,"Tue, Aug 26th 4:12pm EDT",Najee Harris (eye) will start the season on Los Angeles' active roster. (Source: Ian Rapoport on Twitter),"Fantasy Impact: Harris has been sidelined for all of the preseason so far due to an eye injury that he suffered earlier in the summer. He's going to be on the active roster to start the season, however, which is a positive sign that he may be back sooner rather than later. Whenever he's available to play, his presence will hurt the upside of rookie Omarion Hampton.",Category: Injury Updates
Isaiah Foskey,"Tue, Aug 26th 4:10pm EDT",The Saints waived DE Isaiah Foskey. (Source: Ari Meirov on Twitter),Fantasy Impact: Foskey was unable to make the Saints 53-man roster. He'll seek an opportunity on a practice squad.,Category: Transactions
Boogie Basham Jr.,"Tue, Aug 26th 4:09pm EDT",The Panthers released EDGE Boogie Basham Jr. (Source: Jeremy Fowler on Twitter),Fantasy Impact: Basham was unable to make the Panthers 53-man roster. He'll likely seek another opportunity.,Category: Transactions
Rivaldo Fairweather,"Tue, Aug 26th 4:07pm EDT",The Cowboys waived TE Rivaldo Fairweather. (Source: Joseph Hoyt on Twitter),Fantasy Impact: Fairweather was unable to make the Cowboys 53-man roster. He'll seek an opportunity on a practice squad.,Category: Transactions
Bobby Price,"Tue, Aug 26th 4:06pm EDT",The Commanders released DB Bobby Price. (Source: Nicki Jhabvala on Twitter),Fantasy Impact: Price was unable to make the Commanders 53-man roster. He'll likely seek another opportunity.,Category: Transactions
Damarion Williams,"Tue, Aug 26th 4:04pm EDT",The Seahawks released CB Damarion Williams. (Source: Matt Zenitz on Twitter),Fantasy Impact: Williams was unable to make the Seahawks 53-man roster. He'll seek an opportunity on a practice squad.,Category: Transactions
Chad Muma,"Tue, Aug 26th 4:03pm EDT",The Jaguars released LB Chad Muma. (Source: Ian Rapoport on Twitter),Fantasy Impact: Muma was unable to make the Jaguars 53-man roster. He should get claimed off waivers.,Category: Transactions
Marcus Epps,"Tue, Aug 26th 4:02pm EDT",The Patriots released veteran safety Marcus Epps. (Source: Tom Pelissero on Twitter),Fantasy Impact: Epps signed a deal with New England in free agency. He should be able to find another opportunity.,Category: Transactions
Traeshon Holden,"Tue, Aug 26th 4:00pm EDT",The Cowboys waived WR Traeshon Holden. (Source: Jordan Schultz on Twitter),Fantasy Impact: Holden signed with Dallas as an undrafted free agent. He was unable to make the Cowboys 53-man roster. He could draw some interest on waivers.,Category: Transactions
Rico Payton,"Tue, Aug 26th 3:59pm EDT",The Saints waived DB Rico Payton. (Source: Nick Underhill on Twitter),Fantasy Impact: Payton was unable to make the Saints 53-man roster. He'll seek an opportunity on a practice squad.,Category: Transactions
Marquez Valdes-Scantling,"Tue, Aug 26th 3:51pm EDT",The Seahawks released WR Marquez Valdes-Scantling. (Source: Jeremy Fowler on Twitter),Fantasy Impact: Valdes-Scantling signed a one-year deal with Seattle in free agency. He'll look to land a depth role with another team.,Category: Transactions
Dustin Hopkins,"Tue, Aug 26th 3:49pm EDT",The Browns released K Dustin Hopkins. (Source: Adam Schefter on Twitter),Fantasy Impact: Hopkins will likely seek another opportunity.,Category: Transactions
Spencer Rattler,"Tue, Aug 26th 2:53pm EDT",Spencer Rattler has been named the Saints Week 1 starter against the Arizona Cardinals. (Source: New Orleans Saints on X),"Fantasy Impact: Finally, the Saints QB battle has a winner, at least for now. Rattler and rookie Tyler Shough have been contending for the starting job all offseason, and Rattler has won out. Its tough to project how long he will maintain the starting job, but with Shough showing slow progress at the age of 26, its likely that Rattler might have a slightly longer leash than would be expected. He doesnt project a ton of upside, but he could put up decent streaming numbers in fantasy with the team projected to be behind quite often.",
Levelle Bailey,"Tue, Aug 26th 2:40pm EDT",The Broncos waived LB Levelle Bailey. (Source: Luca Evans on Twitter),Fantasy Impact: Bailey was unable to earn a spot on the Broncos 53-man roster. He'll likely seek a spot on a practice squad.,Category: Transactions
Edefuan Ulofoshio,"Tue, Aug 26th 2:39pm EDT",The Bills released LB Edefuan Ulofoshio. (Source: Jeremy Fowler on Twitter),Fantasy Impact: Ulofoshio was a fifth round pick just last year. He recorded six tackles across four games.,Category: Transactions
Eku Leota,"Tue, Aug 26th 2:38pm EDT",The Steelers released LB Eku Leota. (Source: Brooke Pryor on Twitter),Fantasy Impact: Leota was unable to earn a spot on the Steelers 53-man roster. He'll likely seek a spot on a practice squad.,Category: Transactions
Simi Fehoko,"Tue, Aug 26th 2:36pm EDT",The Cardinals released WR Simi Fehoko. (Source: Tyler Drake on Twitter),Fantasy Impact: Fehoko was unable to earn a spot on the Cardinals 53-man roster. He'll likely seek a spot on a practice squad.,Category: Transactions
Marcellus Johnson,"Tue, Aug 26th 2:35pm EDT",The Colts waived T Marcellus Johnson. (Source: Joel A. Erickson on Twitter),Fantasy Impact: Johnson was unable to earn a spot on the Colts 53-man roster. He'll likely seek a spot on a practice squad.,Category: Transactions
Shane Lemieux,"Tue, Aug 26th 2:34pm EDT",The Saints released OL Shane Lemieux. (Source: Nick Underhill on Twitter),Fantasy Impact: Lemieux was unable to earn a spot on the Saints 53-man roster. He'll likely seek a spot on a practice squad.,Category: Transactions
Bryan Hudson,"Tue, Aug 26th 2:32pm EDT",The Giants released OL Bryan Hudson. (Source: Jordan Raanan on Twitter),Fantasy Impact: Hudson was unable to earn a spot on the Giants 53-man roster. He'll likely seek a spot on a practice squad.,Category: Transactions
Jordan Turner,"Tue, Aug 26th 2:30pm EDT",The Broncos released LB Jordan Turner. (Source: Zac Stevens on Twitter),Fantasy Impact: Turner was unable to earn a spot on the Broncos 53-man roster. He'll likely seek a spot on a practice squad.,Category: Transactions
Garret Wallow,"Tue, Aug 26th 2:25pm EDT",The Broncos released WR Garret Wallow. (Source: Zac Stevens on Twitter),Fantasy Impact: Wallow was unable to earn a spot on the Broncos 53-man roster. He'll likely seek a spot on a practice squad.,Category: Transactions
Saahdiq Charles,"Tue, Aug 26th 2:24pm EDT",The Cowboys released veteran OL Saahdiq Charles. (Source: Todd Archer on Twitter),Fantasy Impact: Charles came out of retirement this offseason. He could be a practice squad candidate.,Category: Transactions
Keleki Latu,"Tue, Aug 26th 2:23pm EDT",The Bills waived TE Keleki Latu. (Source: Ryan Talbot on Twitter),Fantasy Impact: Latu had signed with Buffalo as an undrafted free agent. He was unable to earn a spot on the Bills 53-man roster. He'll likely seek a spot on a practice squad.,Category: Transactions
Clelin Ferrell,"Tue, Aug 26th 2:21pm EDT",The Commanders released DE Clelin Ferrell. (Source: Nicki Jhabvala on Twitter),Fantasy Impact: Ferrell was unable to make the Commanders 53-man roster. He'll likely seek another depth opportunity.,Category: Transactions
Easton Kilty,"Tue, Aug 26th 2:20pm EDT",The Saints waived OL Easton Kilty. (Source: Nick Underhill on Twitter),Fantasy Impact: Kilty was unable to earn a spot on the Saints 53-man roster. He'll likely seek a spot on a practice squad.,Category: Transactions
Xavier Restrepo,"Tue, Aug 26th 2:18pm EDT",The Titans waived WR Xavier Restrepo. (Source: Jordan Schultz on Twitter),Fantasy Impact: Restrepo had signed with the Titans as an undrafted free agent. He'll be a practice squad candidate if he clears waivers.,Category: Transactions
James Proche II,"Tue, Aug 26th 2:03pm EDT",The Titans released WR James Proche II. (Source: Jeremy Fowler on Twitter),Fantasy Impact: Proche had signed with Tennessee back in March. He'll seek another opportunity.,Category: Transactions
Landon Parker,"Tue, Aug 26th 2:02pm EDT",The Colts waived WR Landon Parker. (Source: Joel A. Erickson on Twitter),Fantasy Impact: Parker was unable to earn a spot on the Colts 53-man roster. He'll likely seek a spot on a practice squad.,Category: Transactions
Jaelyn Duncan,"Tue, Aug 26th 2:01pm EDT",The Titans waived OT Jaelyn Duncan.,Fantasy Impact: Duncan was unable to earn a spot on the Titans 53-man roster. He'll likely seek a spot on a practice squad.,Category: Transactions
Daniel Jackson,"Tue, Aug 26th 2:00pm EDT",The Texans released WR Daniel Jackson. (Source: Jonathan M Alexander on Twitter),Fantasy Impact: Jackson was unable to earn a spot on the Texans 53-man roster. He'll likely seek a spot on a practice squad.,Category: Transactions
JaMycal Hasty,"Tue, Aug 26th 1:59pm EDT",The Patriots released RB JaMycal Hasty. (Source: Mark Daniels on Twitter),Fantasy Impact: Hasty signed with the Patriots earlier in August. He'll likely seek a depth role with another team.,Category: Transactions
Marcus Haynes,"Tue, Aug 26th 1:57pm EDT",The Colts waived DL Marcus Haynes. (Source: Joel A. Erickson on Twitter),Fantasy Impact: Haynes was unable to earn a spot on the Colts 53-man roster. He'll likely seek a spot on a practice squad.,Category: Transactions
Taylor Elgersma,"Tue, Aug 26th 1:56pm EDT",The Packers waived QB Taylor Elgersma. (Source: Around the NFL on Twitter),Fantasy Impact: Elgersma was unable to earn a spot on the Packers 53-man roster. He'll likely seek a spot on a practice squad.,Category: Transactions
Jerrick Reed II,"Tue, Aug 26th 1:54pm EDT",The Seahawks waived S Jerrick Reed II. (Source: Brady Henderson on Twitter),Fantasy Impact: Reed will be a practice squad candidate if he clears waivers. He has been a strong contributor in special teams.,Category: Transactions
Thomas Odukoya,"Tue, Aug 26th 1:53pm EDT",The Titans waived TE Thomas Odukoya. (Source: Turron Davenport on Twitter),Fantasy Impact: Odukoya was unable to earn a spot on the Titans 53-man roster. He'll likely seek a spot on a practice squad.,Category: Transactions
Zacch Pickens,"Tue, Aug 26th 1:52pm EDT",The Bears waived DL Zacch Pickens. (Source: Matt Zenitz on Twitter),Fantasy Impact: Pickens was unable to earn a spot on the Bears 53-man roster. He made three starts last season.,Category: Transactions
Sean Clifford,"Tue, Aug 26th 1:51pm EDT",The Packers waived QB Sean Clifford. (Source: Ari Meirov on Twitter),Fantasy Impact: Clifford was unable to earn a spot on the Packers 53-man roster. He'll likely seek a spot on a practice squad.,Category: Transactions
Jeff Wilson Jr.,"Tue, Aug 26th 1:48pm EDT",The 49ers released RB Jeff Wilson Jr. (Source: Adam Schefter on Twitter),Fantasy Impact: Wilson reunited with San Francisco earlier in August. He didn't make the 49ers 53-man roster.,Category: Transactions
Sam Hartman,"Tue, Aug 26th 1:42pm EDT",The Commanders waived QB Sam Hartman. (Source: Tom Pelissero on Twitter),Fantasy Impact: Hartman was unable to earn a depth role in the Commanders quarterback room. He'll be a practice squad candidate.,Category: Transactions
Kadeem Telfort,"Tue, Aug 26th 1:40pm EDT",The Packers released Kadeem Telfort. (Source: Ryan Wood on Twitter),Fantasy Impact: Telfort was unable to earn a spot on the Packers 53-man roster. He'll likely seek a spot on a practice squad.,Category: Transactions
Jabbar Muhammad,"Tue, Aug 26th 1:39pm EDT",The Jaguars waived DB Jabbar Muhammad. (Source: Aaron Wilson on Twitter),Fantasy Impact: Muhammad was unable to earn a spot on the Jaguars 53-man roster. He'll likely seek a spot on a practice squad.,Category: Transactions
Tyler Scott,"Tue, Aug 26th 1:37pm EDT",The Bears waived WR Tyler Scott. (Source: Jeremy Fowler on Twitter),Fantasy Impact: Scott was unable to earn a spot on the Bears 53-man roster. He'll likely seek a spot on a practice squad.,Category: Transactions
Drake Dabney,"Tue, Aug 26th 1:36pm EDT",The Titans waived TE Drake Dabney. (Source: Terry McCormick on Twitter),Fantasy Impact: Dabney was unable to earn a spot on the Titans 53-man roster. He'll likely seek a spot on a practice squad.,Category: Transactions
Roman Parodie,"Tue, Aug 26th 1:35pm EDT",The Buccaneers waived/injured DB Roman Parodie. (Source: Jenna Laine on Twitter),Fantasy Impact: Parodie had a pick-six against the Titans in the first preseason game. It is unclear how long he will be sidelined for.,"Category: Injury Updates, Transactions"
Jonah Williams,"Tue, Aug 26th 1:33pm EDT",The Saints released DT Jonah Williams. (Source: Nick Underhill on Twitter),Fantasy Impact: Williams was unable to earn a spot on the Saints 53-man roster. He'll likely seek another opportunity.,Category: Transactions
Tre Watson,"Tue, Aug 26th 1:32pm EDT",The Chiefs waived TE Tre Watson. (Source: Aaron Wilson on Twitter),Fantasy Impact: Watson was unable to earn a spot on the Chiefs 53-man roster. He'll likely seek a spot on a practice squad.,Category: Transactions
Bralyn Lux,"Tue, Aug 26th 1:30pm EDT",The Bengals waived DB Bralyn Lux. (Source: Aaron Wilson on Twitter),Fantasy Impact: Lux will be a practice squad candidate if he clears waivers.,Category: Transactions
Deuce Vaughn,"Tue, Aug 26th 1:29pm EDT",The Cowboys waived RB Deuce Vaughn. (Source: Calvin Watkins on Twitter),Fantasy Impact: Vaughn was unable to earn a depth role in the Cowboys backfield. He'll likely seen another opportunity in a depth role.,Category: Transactions
Ihmir Smith-Marsette,"Tue, Aug 26th 1:28pm EDT",The Giants waived WR/KR Ihmir Smith-Marsette. (Source: Jordan Raanan on Twitter),Fantasy Impact: Smith-Marsette should land another opportunity in a special teams role.,Category: Transactions
Damien Martinez,"Tue, Aug 26th 12:46pm EDT",The Seahawks waived RB Damien Martinez. (Source: Brady Henderson on Twitter),Fantasy Impact: Martinez was a seventh round pick of Seattle this year. He is a practice squad candidate if he clears waivers.,Category: Transactions
KJ Hamler,"Tue, Aug 26th 12:44pm EDT",The Bills released WR KJ Hamler. (Source: Adam Schefter on Twitter),Fantasy Impact: Hamler was unable to earn a spot on the Bills 53-man roster. He'll likely seek a spot on a depth role with another team.,Category: Transactions
Ainias Smith,"Tue, Aug 26th 12:43pm EDT",The Eagles released WR Ainias Smith. (Source: Ian Rapoport on Twitter),Fantasy Impact: Smith was a fifth round pick of the Eagles last year. He should get another opportunity.,Category: Transactions
Michael Jacobson,"Tue, Aug 26th 12:33pm EDT",The Saints waived TE Michael Jacobson. (Source: Nick Underhill on Twitter),Fantasy Impact: Jacobson was unable to earn a spot on the Saints 53-man roster. He'll likely seek a spot on a practice squad.,Category: Transactions
Leroy Watson IV,"Tue, Aug 26th 12:32pm EDT",The Vikings released OT Leroy Watson. (Source: Around the NFL on Twitter),Fantasy Impact: Watson was unable to earn a spot on the Vikings 53-man roster. He'll likely seek a spot on a practice squad.,Category: Transactions
De'Antre Prince,"Tue, Aug 26th 12:31pm EDT",The Jaguars released DB De'Antre Prince. (Source: Jeremy Fowler on Twitter),Fantasy Impact: Prince was unable to earn a spot on the Jaguars 53-man roster. He was a fifth round pick in 2024.,Category: Transactions
Seth Green,"Tue, Aug 26th 12:29pm EDT",The Saints released TE Seth Green. (Source: Matthew Paras on Twitter),Fantasy Impact: Green was unable to earn a spot on the Saints 53-man roster. He'll likely seek a spot on a practice squad.,Category: Transactions
James Burnip,"Tue, Aug 26th 12:28pm EDT",The Saints released P James Burnip. (Source: Nick Underhill on Twitter),Fantasy Impact: Burnip was unable to win the Saints punting job.,Category: Transactions
AJ Henning,"Tue, Aug 26th 12:27pm EDT",The Dolphins released wide receiver/punt returner A.J. Henning. (Source: Jeremy Fowler on Twitter),Fantasy Impact: Henning had signed with Miami as an undrafted free agent. He was unable to earn a spot on the Dolphins 53-man roster. He'll likely seek a spot on a practice squad.,Category: Transactions
Aaron Shampklin,"Tue, Aug 26th 12:25pm EDT",The Dolphins released RB Aaron Shampklin. (Source: Ian Rapoport on Twitter),Fantasy Impact: Shampklin was unable to earn a spot on the Dolphins 53-man roster. He'll likely seek a spot on a practice squad.,Category: Transactions
Jeremiah Martin,"Tue, Aug 26th 12:24pm EDT",The Saints waived DL Jeremiah Martin. (Source: Nick Underhill on Twitter),Fantasy Impact: Martin was unable to earn a spot on the Ssints 53-man roster. He'll likely seek another opportunity.,Category: Transactions
Moochie Dixon,"Tue, Aug 26th 12:22pm EDT",The Saints waived WR Moochie Dixon. (Source: Nick Underhill on Twitter),Fantasy Impact: Dixon was unable to earn a spot on the Saints 53-man roster. He'll likely seek a spot on a practice squad.,Category: Transactions
Jackson Carman,"Tue, Aug 26th 12:21pm EDT",The Dolphins released OL Jackson Carman. (Source: Barry Jackson on Twitter),Fantasy Impact: Carman was unable to earn a spot on the Dolphins 53-man roster. He'll likely seek a spot on a practice squad.,Category: Transactions
E.J. Jenkins,"Tue, Aug 26th 12:20pm EDT",The Eagles waived TE E.J. Jenkins. (Source: Andrew DiCecco on Twitter),Fantasy Impact: Jenkins was unable to earn a spot on the Eagles 53-man roster. He'll likely seek a spot on a practice squad.,Category: Transactions
Tanner Taula,"Tue, Aug 26th 12:18pm EDT",The Buccaneers waived TE Tanner Taula. (Source: Greg Auman on Twitter),Fantasy Impact: Taula spent the past two seasons on the Bucs practice squad. He was unable to earn a spot on the Bucs 53-man roster. He'll likely seek a spot on a practice squad.,Category: Transactions
Nick Muse,"Tue, Aug 26th 12:14pm EDT",The Eagles waived TE Nick Muse. (Source: Around the NFL on Twitter),Fantasy Impact: Muse was unable to earn a spot on the Eagles 53-man roster. He'll likely seek a spot on a practice squad.,Category: Transactions
Sua Opeta,"Tue, Aug 26th 12:12pm EDT",The Buccaneers released OL Sua Opeta. (Source: Greg Auman on Twitter),Fantasy Impact: Opeta missed the past year with an ACL injury. He returned to action in the Bucs preseason finale this past weekend.,Category: Transactions
Jacolby George,"Tue, Aug 26th 12:11pm EDT",The Panthers waived WR Jacolby George. (Source: Mike Kaye on Twitter),Fantasy Impact: George had signed with Carolina as an undrafted free agent. He was unable to earn a spot on the Panthers 53-man roster. He'll likely seek a spot on a practice squad.,Category: Transactions
Alaric Jackson,"Tue, Aug 26th 12:10pm EDT",Alaric Jackson was expected to return to practice on Monday. (Source: Sarah Barshop on Twitter),Fantasy Impact: Jackson had yet to practice during training camp. He has worked his way back from dealing with blood clots.,Category: Injury Updates
Jack Henderson,"Tue, Aug 26th 12:08pm EDT",The Panthers waived DB Jack Henderson. (Source: Mike Kaye on Twitter),Fantasy Impact: Henderson was unable to earn a spot on the Panthers 53-man roster. He'll likely seek a spot on a practice squad.,Category: Transactions
Jack Plummer,"Tue, Aug 26th 12:07pm EDT",The Panthers waived QB Jack Plummer. (Source: Tom Pelissero on Twitter),Fantasy Impact: Plummer was unable to earn a spot on the Panthers 53-man roster. He'll likely seek a spot on a practice squad.,Category: Transactions
Xavier Guillory,"Tue, Aug 26th 12:06pm EDT",Ravens WR Xavier Guillory suffered a broken clavicle. (Source: Jeff Zrebiec on Twitter),Fantasy Impact: Guillory suffered the injury in the Ravens preseason finale. He does not have a timetable to return.,Category: Injury Updates
Robert Woods,"Tue, Aug 26th 12:02pm EDT",The Steelers released WR Robert Woods. (Source: Ian Rapoport on Twitter),Fantasy Impact: Woods was unable to earn a spot on the Steelers 53-man roster. He'll likely seek a depth role with another team.,Category: Transactions
Josh Whyle,"Tue, Aug 26th 12:01pm EDT",The Titans waived TE Josh Whyle. (Source: Tom Pelissero on Twitter),Fantasy Impact: Whyle was unable to earn a spot on the Titans 53-man roster. He'll likely seek a spot on a practice squad.,Category: Transactions
Tyquan Thornton,"Tue, Aug 26th 12:00pm EDT",WR Tyquan Thornton has officially made the Chiefs 53-man roster. (Source: Jordan Schultz on Twitter),Fantasy Impact: Thornton spent last year on the practice squad. He earns a depth spot after an impressive showing in training camp and preseason.,Category: Transactions
Noah Igbinoghene,"Tue, Aug 26th 11:57am EDT",The Commanders have been gauging multiple teams interest in CB Noah Igbinoghene. (Source: Dianna Russini on Twitter),Fantasy Impact: Igbinoghene was a first round pick in 2020. He would offer depth in the secondary for another team.,Category: Rumors
Clyde Edwards-Helaire,"Tue, Aug 26th 11:55am EDT",The Saints are terminating the contract of RB Clyde Edwards-Helaire. (Source: Nick Underhill on Twitter),Fantasy Impact: Edwards-Helaire will become a free agent. He'll look to land a depth role with another team.,Category: Transactions
Isaiah Prince,"Tue, Aug 26th 11:47am EDT",The 49ers placed OL Isaiah Prince on injured reserve. (Source: Adam Schefter on Twitter),Fantasy Impact: Prince will open the season on IR for San Francisco.,Category: Injury Updates
Ke'Shawn Vaughn,"Tue, Aug 26th 11:46am EDT",The 49ers released RB Ke'Shawn Vaughn. (Source: Adam Schefter on Twitter),Fantasy Impact: Vaughn was unable to earn a spot on the 49ers 53-man roster. He'll likely seek a spot on a practice squad.,Category: Transactions
Shakel Brown,"Tue, Aug 26th 11:46am EDT",The 49ers waived DL Shakel Brown. (Source: Adam Schefter on Twitter),Fantasy Impact: Brown was unable to earn a spot on the 49ers 53-man roster. He'll likely seek a spot on a practice squad.,Category: Transactions
Jaylon Allen,"Tue, Aug 26th 11:45am EDT",The 49ers waived DL Jaylon Allen. (Source: Adam Schefter on Twitter),Fantasy Impact: Allen was unable to earn a spot on the 49ers 53-man roster. He'll likely seek a spot on a practice squad.,Category: Transactions
Tanner Mordecai,"Tue, Aug 26th 11:44am EDT",The 49ers waived QB Tanner Mordecai. (Source: Adam Schefter on Twitter),Fantasy Impact: Mordecai was unable to earn a spot on the 49ers 53-man roster. He'll likely seek a spot on a practice squad.,Category: Transactions
Carter Bradley,"Tue, Aug 26th 11:43am EDT",The 49ers waived QB Carter Bradley. (Source: Adam Schefter on Twitter),Fantasy Impact: Bradley was unable to earn a spot on the 49ers 53-man roster. He'll likely seek a spot on a practice squad.,Category: Transactions
Chidobe Awuzie,"Tue, Aug 26th 11:41am EDT",Ravens coach John Harbaugh said he expects Chidobe Awuzie to return to practice next week. (Source: Jamison Hensley on Twitter),Fantasy Impact: Awuzie had been absent from practice during training camp. He should have enough time to be ready for the season opener against the Bills.,Category: Injury Updates
Jaire Alexander,"Tue, Aug 26th 11:39am EDT",Ravens coach John Harbaugh said he expects Jaire Alexander to return to practice next week. (Source: Jamison Hensley on Twitter),Fantasy Impact: Alexander did not practice last week due to an undisclosed injury. He should still be good to go for the season opener against the Bills.,Category: Injury Updates
Patrick Ricard,"Tue, Aug 26th 11:38am EDT",Ravens coach John Harbaugh said he expects Patrick Ricard to return to practice next week. (Source: Jamison Hensley on Twitter),Fantasy Impact: Ricard was not practicing last week due to a soft tissue injury. He should be on track to be ready for the start of the season.,Category: Injury Updates
Easton Stick,"Tue, Aug 26th 11:34am EDT",The Falcons waived QB Easton Stick. (Source: Mike Garafolo on Twitter),Fantasy Impact: Stick was drawing some interest from the Saints. He could land with them if he clears waivers.,Category: Transactions
Carson Steele,"Tue, Aug 26th 11:33am EDT",The Chiefs released RB Carson Steele. (Source: Ari Meirov on Twitter),Fantasy Impact: Steele was unable to earn a spot on the Chiefs 53-man roster. He'll likely look to land another opportunity in a depth role.,Category: Transactions
Mecole Hardman Jr.,"Tue, Aug 26th 11:31am EDT",The Packers released WR Mecole Hardman Jr. (Source: Jordan Schultz on Twitter),Fantasy Impact: Hardman signed a deal with Green Bay in March. He'll likely look to land a depth role with another team.,Category: Transactions
Pierre Strong Jr.,"Tue, Aug 26th 11:29am EDT",The Browns released RB Pierre Strong Jr. (Source: Matt Zenitz on Twitter),Fantasy Impact: Strong spent the past two seasons in Cleveland. He'll likely seek a depth role with another team.,Category: Transactions
K.J. Osborn,"Tue, Aug 26th 11:26am EDT",The Commanders released WR K.J. Osborn. (Source: Adam Schefter on Twitter),Fantasy Impact: Osborn was with the Commanders since March. He was unable to earn a spot on the Commanders 53-man roster. He'll likely look to land another opportunity on a practice squad.,Category: Transactions
Lil'Jordan Humphrey,"Tue, Aug 26th 11:24am EDT",The Giants released WR Lil'Jordan Humphrey. (Source: Adam Schefter on Twitter),Fantasy Impact: Humphrey had been with the Giants since March. He was unable to earn a spot on the Giants 53-man roster. He'll likely look to land another opportunity on a practice squad.,Category: Transactions
Trent Brown,"Tue, Aug 26th 11:23am EDT",The Texans are releasing veteran offensive lineman Trent Brown. (Source: Adam Schefter on Twitter),Fantasy Impact: Brown was unable to earn a spot on the Texans 53-man roster. He'll likely look to land another opportunity in a depth spot.,Category: Transactions
Theo Wease Jr.,"Tue, Aug 26th 11:21am EDT",The Dolphins released WR Theo Wease Jr. (Source: Adam Schefter on Twitter),Fantasy Impact: Wease signed with Miami as an undrafted free agent. He was unable to earn a spot on the Dolphins 53-man roster. He'll likely look to land another opportunity on a practice squad.,Category: Transactions
Ja'Quinden Jackson,"Tue, Aug 26th 11:20am EDT",The Jaguars released RB Ja'Quinden Jackson. (Source: Adam Schefter on Twitter),Fantasy Impact: Jackson signed with the Jaguars as an undrafted free agent. He was unable to earn a spot on the Jaguars 53-man roster. He'll likely look to land another opportunity on a practice squad.,Category: Transactions
Duke Riley,"Tue, Aug 26th 11:18am EDT",The Commanders released LB Duke Riley. (Source: Adam Schefter on Twitter),Fantasy Impact: Riley signed with the Commanders earlier in August. He was unable to earn a spot on the Commanders 53-man roster. He'll likely look to land another opportunity on a practice squad.,Category: Transactions
Derrick McLendon II,"Tue, Aug 26th 11:16am EDT",The Dolphins waived LB Derrick McLendon II. (Source: Adam Schefter on Twitter),Fantasy Impact: McLendon was unable to earn a spot on the Dolphins 53-man roster. He'll likely look to land another opportunity on a practice squad.,Category: Transactions
Jordan Clark,"Tue, Aug 26th 11:14am EDT",The Jets waived DB Jordan Clark. (Source: Adam Schefter on Twitter),Fantasy Impact: Clark is expected to be on the Jets practice squad if he goes unclaimed.,Category: Transactions
Jonathan Mingo,"Tue, Aug 26th 11:10am EDT",Jonathan Mingo (knee) has been placed on injured reserve. (Source: Todd Archer on Twitter),"Fantasy Impact: Mingo is set to be sidelined for a while as he recovers from a knee injury that he suffered during the preseason. He isn't fantasy relevant in any league formats, so managers shouldn't put much weight into his absence for Dallas.",Category: Transactions
Tyjae Spears,"Tue, Aug 26th 11:10am EDT",The Titans are placing RB Tyjae Spears on injured reserve that will sideline him the first four games of the season. (Source: Adam Schefter on Twitter),Fantasy Impact: Spears suffered a high ankle sprain earlier in August which placed him in a walking boot. Tony Pollard will see a bigger role early in the season.,Category: Injury Updates
Jake Haener,"Tue, Aug 26th 10:59am EDT",Jake Haener has been waived by the New Orleans Saints. (Source: Mike Garafolo on Twitter),"Fantasy Impact: Haener was one of the quarterbacks battling for the starting job in New Orleans over the course of the summer, but he did not win and is now being waived by the team. If he finds a home with a new team, it will be as nothing more than a depth piece.",Category: Transactions
Desmond Ridder,"Tue, Aug 26th 10:57am EDT",Desmond Ridder has been released by the Cincinnati Bengals. (Source: Tom Pelissero on Twitter),"Fantasy Impact: The Bengals need to make roster cuts prior to the start of the regular season, and Ridder now finds himself as a victim of that. Jake Browning is set to be the QB2 for the team heading into the regular season.",Category: Transactions
Greg Dulcich,"Tue, Aug 26th 10:56am EDT",Greg Dulcich has been released by the New York Giants. (Source: Tom Pelissero on Twitter),"Fantasy Impact: The Giants releasing Dulcich comes as a bit of a surprise, as he had a dominant preseason and looked slated to make the roster with New York's tight end depth being weak. The team decided to let him go, however, and he seems like a prime candidate to sign with another team at some point early on in the season.",Category: Transactions
Malachi Corley,"Tue, Aug 26th 10:53am EDT",Malachi Corley has been waived by the New York Jets. (Source: Jordan Schultz on Twitter),"Fantasy Impact: The Jets invested a day-two pick on Corley in the 2024 NFL Draft, but he struggled to find his footing with the team and is now being waived. It remains to be seen if he will land somewhere else prior to the start of the season.",Category: Transactions
Trey Palmer,"Tue, Aug 26th 10:51am EDT",Trey Palmer has been waived by the Tampa Bay Buccaneers. (Source: Rick Stroud on Twitter),"Fantasy Impact: Palmer is now on waivers and is eligible to be claimed over the next couple of days. The Buccaneers have a deep wide receiver room, so cutting him loose may speak more to their abundance rather than a knock on him as a player. He seems likely to land somewhere before the season begins, but he isn't expected to be fantasy relevant at all this season.",Category: Transactions
Jelani Woods,"Tue, Aug 26th 10:49am EDT",Jelani Woods has been released by the Indianapolis Colts. (Source: Jeremy Fowler on Twitter),"Fantasy Impact: The Colts have decided to release Woods as part of their roster cut downs prior to the start of the regular season. He is a former third round pick and still has high physical upside, so he seems like a strong candidate to be signed by another team at some point during the season.",Category: Transactions
Diontae Johnson,"Tue, Aug 26th 9:46am EDT",Diontae Johnson has been released by the Cleveland Browns. The former Steeler will now look to find a new home. (Source: Mike Garafolo on X),"Fantasy Impact: Johnson appeared to be building some chemistry with the Cleveland QBs earlier this offseason, but the journeyman couldnt make it stick. With the addition of Isaiah Bond and return of Cedric Tillman to the lineup alongside Jerry Jeudy, Johnson became the odd man out. His fantasy relevance has been extremely limited since his Carolina days, and it appears his off the field actions have something to do with him not finding a good fit. Hes a name worth monitoring, but his fantasy relevance is likely over.",Category: Transactions
Tommy DeVito,"Tue, Aug 26th 8:24am EDT","Tommy DeVito has been released by the New York Giants. There were some trade talks happening behind the scenes before his release, so he might not be without a team for long. (Source: Mike Garafolo on X)","Fantasy Impact: Almost no matter where he goes, hes going to be the second string backup at best, but likely a third string QB. Hes been a serviceable replacement, however, going 3-5 in his starts and completing 65% of his passes while keeping turnovers down.",Category: Transactions
Dan Skipper,"Tue, Aug 26th 4:51am EDT",The Lions released OL Dan Skipper. (Source: Ari Meirov on Twitter),Fantasy Impact: Skipper had re-signed with Detroit back in March. He'll likely seek a depth role with another team.,Category: Transactions
Tyrice Knight,"Tue, Aug 26th 4:50am EDT",Seahawks coach Mike Macdonald said he expects Tyrice Knight to be ready for the start of the season. (Source: Brian Nemhauser on Twitter),Fantasy Impact: This confirms a report from last week. Knight has just under two weeks to get fully healthy.,Category: Injury Updates
Tory Horton,"Tue, Aug 26th 4:48am EDT",Seahawks coach Mike Macdonald said he expects rookie WR Tory Horton to be available for Week 1. (Source: Brian Nemhauser on Twitter),Fantasy Impact: Horton has been sidelined from practice since last week. He is competing for the WR3 role in Seattle.,Category: Injury Updates
Jake Bobo,"Tue, Aug 26th 4:45am EDT",The Seahawks placed WR Jake Bobo in concussion protocol. (Source: Brian Nemhauser on Twitter),Fantasy Impact: Bobo suffered the injury in the Seahawks preseason finale. He will just have under two weeks to clear the protocols ahead of the season opener.,Category: Injury Updates
Mike Morris,"Tue, Aug 26th 4:44am EDT",The Seahawks placed Mike Morris in concussion protocol. (Source: Brian Nemhauser on Twitter),Fantasy Impact: Morris will just have under two weeks to clear the protocols ahead of the season opener.,Category: Injury Updates
Brenden Rice,"Tue, Aug 26th 4:41am EDT",The Chargers released WR Brenden Rice.,Fantasy Impact: Rice is son of Hall of Famer Jerry Rice. He'll likely seek a depth role with another team.,Category: Transactions
Shane Buechele,"Tue, Aug 26th 4:40am EDT",The Bills waived QB Shane Buechele. (Source: Adam Schefter on Twitter),"Fantasy Impact: Buechele completed 25-of-30 passes for 278 yards, a touchdown. He also added 20 rushing yards Saturday night. He'll seek another depth role.",Category: Transactions
Brennan Jackson,"Tue, Aug 26th 4:38am EDT",The Rams released LB Brennan Jackson. (Source: Adam Schefter on Twitter),Fantasy Impact: Jackson was a round pick just last year. He was second in the NFL in sacks this preseason.,Category: Transactions
Jaylon Smith,"Tue, Aug 26th 4:36am EDT",The Raiders released LB Jaylon Smith. (Source: Tom Pelissero on Twitter),Fantasy Impact: Smith was one of four players released by Las Vegas on Monday. He'll likely seek another opportunity prior to the start of the season.,Category: Transactions
Marquez Callaway,"Tue, Aug 26th 4:35am EDT",The Raiders released WR Marquez Callaway. (Source: Tom Pelissero on Twitter),Fantasy Impact: Callaway was one of three wide receivers released by Las Vegas on Monday. He'll likely seek another opportunity prior to the start of the season.,Category: Transactions
Phillip Dorsett II,"Tue, Aug 26th 4:34am EDT",The Raiders released WR Phillip Dorsett II. (Source: Tom Pelissero on Twitter),Fantasy Impact: Dorsett was one of three wide receivers released by Las Vegas on Monday. He'll likely seek another opportunity prior to the start of the season.,Category: Transactions
Collin Johnson,"Tue, Aug 26th 4:33am EDT",The Raiders released WR Collin Johnson. (Source: Tom Pelissero on Twitter),Fantasy Impact: Johnson was one of three wide receivers released by Las Vegas on Monday. He'll likely seek another opportunity prior to the start of the season.,Category: Transactions
Baylor Cupp,"Tue, Aug 26th 4:31am EDT",The Ravens waived TE Baylor Cupp. (Source: Jamison Hensley on Twitter),Fantasy Impact: Cupping signed with the Ravens earlier in August. He was one of three players waived by Baltimore on Monday ahead of Tuesday's deadline for rosters to be cut down. He'll likely seek another opportunity before the season.,Category: Transactions
MJ Devonshire Jr.,"Tue, Aug 26th 4:29am EDT",The Ravens waived DB MJ Devonshire Jr. (Source: Jamison Hensley on Twitter),Fantasy Impact: Devonshire was one of three players waived by Baltimore on Monday ahead of Tuesday's deadline for rosters to be cut down. He'll likely seek another opportunity before the season.,Category: Transactions
Reid Holskey,"Tue, Aug 26th 4:28am EDT",The Ravens waived OT Reid Holskey. (Source: Jamison Hensley on Twitter),Fantasy Impact: Holskey was one of three players waived by Baltimore on Monday ahead of Tuesday's deadline for rosters to be cut down. He'll likely seek another opportunity before the season.,Category: Transactions
Essang Bassey,"Tue, Aug 26th 4:26am EDT",The Commanders released DB Essang Bassey. (Source: Adam Schefter on Twitter),Fantasy Impact: Bassey had signed with the Commanders earlier in August. He loses his roster spot with Washington ahead of Tuesday's deadline for rosters to be cut down to 53 players. He'll likely seek another opportunity.,Category: Transactions
Nick Harris,"Tue, Aug 26th 4:24am EDT",The Commanders released C Nick Harris. (Source: Adam Schefter on Twitter),Fantasy Impact: Harris signed with Washington just last week. He loses his roster spot with Washington ahead of Tuesday's deadline for rosters to be cut down to 53 players. He'll likely seek another opportunity.,Category: Transactions
Tyre Phillips,"Tue, Aug 26th 4:23am EDT",The Commanders released T Tyre Phillips. (Source: Adam Schefter on Twitter),Fantasy Impact: Phillips signed with Washington back in May. He loses his roster spot with Washington ahead of Tuesday's deadline for rosters to be cut down to 53 players. He'll likely seek another opportunity.,Category: Transactions
Norell Pollard,"Tue, Aug 26th 4:22am EDT",The Commanders released DT Norell Pollard. (Source: Adam Schefter on Twitter),Fantasy Impact: Pollard loses his roster spot with Washington ahead of Tuesday's deadline for rosters to be cut down to 53 players. He'll likely seek another opportunity.,Category: Transactions
Braylon Sanders,"Tue, Aug 26th 4:20am EDT",The Commanders released WR Braylon Sanders. (Source: Adam Schefter on Twitter),Fantasy Impact: Sanders loses his roster spot with Washington ahead of Tuesday's deadline for rosters to be cut down to 53 players. He'll likely seek another opportunity.,Category: Transactions
Mitchell Agude,"Tue, Aug 26th 4:19am EDT",The Lions released LB Mitchell Agude. (Source: Adam Schefter on Twitter),Fantasy Impact: Agude had signed with Detroit back in March. He'll likely seek another opportunity on a practice squad.,Category: Transactions
Jalen Milroe,"Mon, Aug 25th 10:48pm EDT",Seahawks coach Mike Macdonald said Jalen Milroe will have a special set of plays in the game plan with the first-team offense this season. (Source: Bob Condotta on Twitter),Fantasy Impact: Milroe was drafted by Seattle at the end of round three. Sam Darnold has the starring job locked up this year with Milroe potentially in the game in short-yardage situations. It'll be worth monitoring to see if he potentially takes some touchdowns at the goal line from Kenneth Walker.,
Mekhi Blackmon,"Mon, Aug 25th 8:27pm EDT",The Vikings traded CB Mekhi Blackmon to the Colts for a 2026 sixth round pick. (Source: Adam Schefter on Twitter),Fantasy Impact: It is another trade ahead of Tuesday when rosters need to be cut down. Blackmon will add depth in the secondary for the Colts.,Category: Transactions
Blake Watson,"Mon, Aug 25th 8:25pm EDT",The Broncos waived RB Blake Watson. (Source: Jeremy Fowler on Twitter),"Fantasy Impact: Watson suffered a PCL strain last week, which will lead to an injury settlement with the team. He is expected to draw some interest on waivers.","Category: Injury Updates, Transactions"
DeAndre Carter,"Mon, Aug 25th 8:24pm EDT",The Browns released WR and return specialist DeAndre Carter. (Source: Jordan Schultz on Twitter),Fantasy Impact: Carter signed a one-year deal with Cleveland back in March. He spent last season with the Bears.,Category: Transactions
Teddy Bridgewater,"Mon, Aug 25th 8:22pm EDT",Teddy Bridgewater won the backup quarterback job for the Buccaneers. (Source: Jeremy Fowler on Twitter),Fantasy Impact: Bridgewater will enter the season backing up Baker Mayfield. He came out of retirement to sign with Tampa on August 5.,
Mike White,"Mon, Aug 25th 8:20pm EDT",The Bills released QB Mike White. (Source: Tom Pelissero on Twitter),Fantasy Impact: White spent last season on the Bills practice squad. He should get another opportunity on a team's practice squad.,Category: Transactions
Kyle Trask,"Mon, Aug 25th 8:19pm EDT",The Buccaneers released QB Kyle Trask. (Source: Jeremy Fowler on Twitter),"Fantasy Impact: Trask was competing with Teddy Bridgewater for backup quarterback battle. He will revert to IR with a shoulder issue, then work out a settlement or release soon and look for a new team.","Category: Injury Updates, Transactions"
Jackson Meeks,"Mon, Aug 25th 8:17pm EDT",The Lions waived WR Jackson Meeks. (Source: Nolan Bianchi on Twitter),Fantasy Impact: Meeks is expected to re-sign with the Lions practice squad if he doesn't get claimed on waivers.,Category: Transactions
Kenny Pickett,"Mon, Aug 25th 8:07pm EDT",The Browns are trading QB Kenny Pickett to the Las Vegas Raiders. (Source: Adam Schefter on Twitter),Fantasy Impact: Las Vegas needed a backup quarterback after losing Aidan O'Connell for 6-to-8 weeks. Dillon Gabriel and Shedeur Sanders will enter the season behind Joe Flacco in the Browns quarterback room.,Category: Transactions
Audric Estime,"Mon, Aug 25th 6:28pm EDT",The Broncos waived RB Audric Estime. (Source: Mike Klis on Twitter),Fantasy Impact: Estime was unable to earn a depth role in the Broncos backfield. He could draw some interest on waivers.,Category: Transactions
Amari Cooper,"Mon, Aug 25th 5:45pm EDT",The Raiders signed free agent WR Amari Cooper to a one-year contract. (Source: Jordan Schultz on Twitter),"Fantasy Impact: Cooper lands in Las Vegas on the same day Jakobi Meyers requested a trade. He is on the older side, but he still enters a favorable situation in a shallow Raiders wide receiver room, especially if Meyers is traded.",Category: Transactions
Trey Hendrickson,"Mon, Aug 25th 5:28pm EDT",Trey Hendrickson and the Bengals reached agreement on a $14 million raise for this season. (Source: Adam Schefter on Twitter),Fantasy Impact: Hendrickson will officially end his holdout. The agreement will boost his 2025 salary to $30 million dollars. He is still scheduled to become an unrestricted free agent after this season.,Category: Transactions
Mark Andrews,"Mon, Aug 25th 4:51pm EDT",Ravens coach John Harbaugh said he expects Mark Andrews to return to practice next week. (Source: Jamison Hensley on Twitter),Fantasy Impact: Andrews has been sidelined from practice since last week. He should have enough time to be ready for the season opener against the Bills.,Category: Injury Updates
Jaylen Wright,"Mon, Aug 25th 4:50pm EDT",Dolphins coach Mike McDaniel said he doesnt expect Dolphins RB Jaylen Wright to be available for Week 1. (Source: Marcel Louis-Jacques on Twitter),Fantasy Impact: It is not expected to be a long absence for Wright. It will be rookie Ollie Gordon as the backup in the Dolphins backfield to open the season.,Category: Injury Updates
Darren Waller,"Mon, Aug 25th 4:47pm EDT",Dolphins coach Mike McDaniel said Darren Waller is expected to ramp up this week in practice. (Source: Marcel Louis-Jacques on Twitter),Fantasy Impact: It is the second week off the PUP list for Waller. He should be available for the start of the season. His exact role remains unclear.,
McTelvin Agim,"Mon, Aug 25th 4:45pm EDT",The Bengals released veteran DT McTelvin Agim. (Source: Around the NFL on Twitter),Fantasy Impact: Agim signed with the Bengals back in July. He'll likely seek another opportunity ahead of the season.,Category: Transactions
Anthony Pittman,"Mon, Aug 25th 4:43pm EDT",The Lions released Anthony Pittman. (Source: Dave Birkett on Twitter),Fantasy Impact: Lions coachDan Campbell mentioned Pittman's story earlier as an example of someone teams my let go and then need later in the year. He should eventually get another opportunity.,Category: Transactions
John Wolford,"Mon, Aug 25th 4:41pm EDT",The Jaguars released QB John Wolford. (Source: Jeremy Fowler on Twitter),Fantasy Impact: Wolford will likely seek a depth role with another team.,Category: Transactions
Michael Gallup,"Mon, Aug 25th 4:38pm EDT",The Washington Commanders released WR Michael Gallup. (Source: Adam Schefter on Twitter),Fantasy Impact: Gallup had signed with Washington earlier in the offseason. He figures to likely seek another opportunity.,Category: Transactions
Joe Mixon,"Mon, Aug 25th 4:18pm EDT",The Houston Texans are not elevating running back Joe Mixon from the non-football injury (NFI) list ahead of the start of the season. He will miss at least the first four games. (Source: Houston Texans on Twitter),"Fantasy Impact: Mixon has been dealing with a bit of a mysterious foot injury; there have been very few details about the nature and severity of his injury, and reports have been conflicting. The drumbeat seemed to indicate he would not be ready for Week 1, and with him starting the season on the NFI, he will not be eligible to return to practice or games until after the team's fourth game. The starting job will likely come between Nick Chubb and Dameon Pierce, with rookie Woody Marks and Dare Ogunbowale potentially getting passing-down work.","Category: Injury Updates, Transactions"
Bailey Zappe,"Mon, Aug 25th 4:11pm EDT",The Kansas City Chiefs are waiving quarterback Bailey Zappe ahead of the 53-man roster deadline. (Source: Tom Pelissero on Twitter),"Fantasy Impact: Zappe is not a typical fourth-round pick in terms of NFL opportunity and college production. After a record-breaking senior season at Western Kentucky, he ended up starting six games in his first two seasons in New England, playing alongside Mac Jones. He started one game in Cleveland in 2024 before heading to Kansas City this offseason. He could return to their practice squad as the emergency third quarterback.",Category: Transactions
Hendon Hooker,"Mon, Aug 25th 4:07pm EDT",The Detroit Lions are waiving third-year quarterback Hendon Hooker ahead of the 53-man roster deadline. (Source: Jordan Schultz on Twitter),"Fantasy Impact: Hooker was a third-round selection out of Tennessee, but he never got much opportunity in the NFL playing behind Jared Goff and missing his rookie season due to injury. However, he did struggle in the preseason and has dealt with health concerns. At 27 years old, he's not as young as other third-year players but could find a new opportunity elsewhere as a QB2.",Category: Transactions
Jaydon Blue,"Mon, Aug 25th 3:28pm EDT",Jaydon Blue (ankle) is practicing for the Cowboys on Monday. (Source: Nick Harris on Twitter),"Fantasy Impact: The rookie running back recently suffered a low-ankle sprain, but it doesn't seem to be a serious issue and he was able to participate at practice on Monday. His status for Week 1 has yet to be determined officially, but this is a good sign that he will be ready to make his season debut in the NFL's season opener on September 4th.",Category: Injury Updates
Matthew Stafford,"Mon, Aug 25th 3:26pm EDT",Matthew Stafford (back) was a full participant at practice again on Monday. (Source: Stu Jackson on Twitter),"Fantasy Impact: The veteran quarterback was able to log another full practice session on Monday, despite still dealing with the lingering effects of a persistent back issue. Him stringing together full practices is a great sign that he will be ready to go for the season opener, barring any setbacks in his recovery.",Category: Injury Updates
Jakobi Meyers,"Mon, Aug 25th 3:22pm EDT",Jakobi Meyers has officially requested a trade from the Raiders. (Source: Ian Rapoport on Twitter),"Fantasy Impact: It is being reported that the veteran wide receiver recently met with team officials and requested to be traded. This dispute appears to be contract related, as they were not able to agree to terms on a new deal. The team reportedly has no plans to trade Meyers, but it remains to be seen whether or not that will lead to a holdout or a new contract for him. Fantasy managers should keep close tabs on this situation with Las Vegas' opening game less than two weeks away, as any holdout would knock him off of draft boards entirely and hurt the safety of QB Geno Smith as well as the Raiders' offense as a whole.",Category: Rumors
Pharaoh Brown,"Mon, Aug 25th 2:03pm EDT",The Dolphins released TE Pharaoh Brown. (Source: Barry Jackson on Twitter),Fantasy Impact: Brown had signed with Miami back in March. He'll likely seek a depth role with another team prior to the start of the season.,Category: Transactions
Isaiah Davis,"Mon, Aug 25th 2:01pm EDT",Jets coach Aaron Glenn said Isaiah Davis is on track to be available for Week 1. (Source: Rich Cimini on Twitter),Fantasy Impact: Davis is expected to enter the season in a depth role in the Jets backfield.,Category: Injury Updates
Tyrod Taylor,"Mon, Aug 25th 2:00pm EDT",Jets coach Aaron Glenn said Tyrod Taylor is on track to be available for Week 1. (Source: Rich Cimini on Twitter),Fantasy Impact: Taylor underwent a knee procedure earlier in August. He is expected to enter the season as the backup for Justin Fields.,Category: Injury Updates
Sauce Gardner,"Mon, Aug 25th 1:58pm EDT",Jets coach Aaron Glenn said Sauce Gardner is on track to be available for Week 1. (Source: Rich Cimini on Twitter),Fantasy Impact: Gardner has missed the past couple of weeks of practice. He'll have just under two more weeks to get fully healthy before the start of the season.,Category: Injury Updates
Lamar Jackson,"Mon, Aug 25th 1:56pm EDT",Lamar Jackson was officially back at practice with the Ravens on Monday. (Source: Jeff Zrebiec on Twitter),Fantasy Impact: Jackson recently injured his foot after it was stepped on. He remains on track to be fully healthy for the start of the season.,Category: Injury Updates
Kyle McCord,"Mon, Aug 25th 1:54pm EDT",The Eagles released QB Kyle McCord. (Source: Jordan Schultz on Twitter),Fantasy Impact: McCord was a sixth round pick of the Eagles this year. He'll look to land a depth role with another team.,Category: Transactions
Will Howard,"Mon, Aug 25th 1:52pm EDT",Steelers coach Mike Tomlin said Will Howard has received positive updates from hand specialists and they are starting to ramp him up shortly. (Source: Nick Farabaugh on Twitter),Fantasy Impact: Howard has been sidelined with a hand injury the past few weeks. He is expected to return to full team work at practice soon.,Category: Injury Updates
Nick Herbig,"Mon, Aug 25th 1:47pm EDT",Steelers coach Mike Tomlin said the team isn't sure yet if Nick Herbig will be ready for Week 1. (Source: Nick Farabaugh on Twitter),Fantasy Impact: Herbig went down with a hamstring injury in the Steelers preseason opener. He'll have just under two more weeks to get fully healthy for the start of the season.,Category: Injury Updates
Allen Lazard,"Mon, Aug 25th 1:43pm EDT",Allen Lazard said he is on track to be healthy for the start of the season. (Source: Pro Football Talk on Twitter),Fantasy Impact: Lazard has been absent from practice at training camp the past couple of weeks. He'll have just under two more weeks to get fully healthy.,Category: Injury Updates
Kenyon Green,"Mon, Aug 25th 1:41pm EDT",The Eagles waived G Kenyon Green. (Source: Ari Meirov on Twitter),Fantasy Impact: Green was part of the C.J. Gardner-Johnson trade. He should draw some interest on waivers.,Category: Transactions
Grant DuBose,"Mon, Aug 25th 12:14pm EDT",The Bills waived/injured WR Grant DuBose. (Source: Adam Schefter on Twitter),"Fantasy Impact: If DuBose goes unclaimed on waivers, he'll revert back to IR with Buffalo.","Category: Injury Updates, Transactions"
Elijah Young,"Mon, Aug 25th 12:13pm EDT",The Bills released RB Elijah Young. (Source: Adam Schefter on Twitter),Fantasy Impact: Young was one of six players released by Buffalo with rosters needing to be cut down. He could seek another opportunity on a practice squad.,Category: Transactions
Matt Sokol,"Mon, Aug 25th 12:12pm EDT",The Bills released TE Matt Sokol. (Source: Adam Schefter on Twitter),Fantasy Impact: Sokol was one of six players released by Buffalo with rosters needing to be cut down. He could seek another opportunity on a practice squad.,Category: Transactions
Rush Reimer,"Mon, Aug 25th 12:11pm EDT",The Bills released OL Rush Reimer. (Source: Adam Schefter on Twitter),Fantasy Impact: Reimer was one of six players released by Buffalo with rosters needing to be cut down. He could seek another opportunity on a practice squad.,Category: Transactions
Garnett Hollis Jr.,"Mon, Aug 25th 12:09pm EDT",The Bills released DB Garnett Hollis Jr. (Source: Adam Schefter on Twitter),Fantasy Impact: Hollis was one of six players released by Buffalo with rosters needing to be cut down. He could seek another opportunity on a practice squad.,Category: Transactions
Nelson Ceaser,"Mon, Aug 25th 12:08pm EDT",The Bills released DE Nelson Ceaser. (Source: Adam Schefter on Twitter),Fantasy Impact: Ceaser was one of six players released by Buffalo with rosters needing to be cut down. He could seek another opportunity on a practice squad.,Category: Transactions
Zy Alexander,"Mon, Aug 25th 12:07pm EDT",The Bills released DB Zy Alexander. (Source: Adam Schefter on Twitter),Fantasy Impact: Alexander was one of six players released by Buffalo with rosters needing to be cut down. He could seek another opportunity on a practice squad.,Category: Transactions
Terry McLaurin,"Mon, Aug 25th 11:38am EDT","The Washington Commanders and wide receiver Terry McLaurin have agreed on a three-year contract worth over $96 million, ending his offseason hold-in. (Source: Jordan Schultz on Twitter)","Fantasy Impact: McLaurin is coming off his second career Pro Bowl and his fifth straight 1,000-yard season. Playing alongside a rookie Jayden Daniels, he set career-highs in touchdowns (13) and catch rate (70.1%). As the situation dragged on, there was concern it may not be resolved before the start of the season, but now McLaurin should be ready for Week 1 to deliver on his fantasy value, assuming he is not hampered by a slow start or his ankle injury.",Category: Transactions
Cam Akers,"Mon, Aug 25th 11:33am EDT",New Orleans Saints running back Cam Akers is being released by the team ahead of the 53-man roster deadline. (Source: Tom Pelissero on Twitter),"Fantasy Impact: Akers spent the 2024 season with the Houston Texans and Minnesota Vikings, being traded midseason to the Vikings for the second time in his career. He started two games in Houston and had 444 rushing yards. Akers will likely land somewhere, either on a practice squad or a midseason signing.",Category: Transactions
TJ Moore,"Mon, Aug 25th 3:55am EDT",The Giants placed CB TJ Moore on injured reserve. (Source: New York Giants on Twitter),Fantasy Impact: Moore suffered a leg injury late in Thursday's preseason finale. He had recorded a pick-six prior to the injury.,Category: Injury Updates
K'Von Wallace,"Mon, Aug 25th 3:53am EDT",The Giants released S K'Von Wallace. (Source: New York Giants on Twitter),Fantasy Impact: Wallace had signed a deal back in July with the Giants. He'll likely seek another opportunity ahead of the start of the season.,Category: Transactions
Blake Whiteheart,"Mon, Aug 25th 3:51am EDT",Browns coach Kevin Stefanski said TE Blake Whiteheart could be available for the start of the season. (Source: Mary Kay Cabot on Twitter),Fantasy Impact: Whitehead has been sidelined during training camp due to a knee injury. He'll have two weeks to get fully healthy prior to the start of the season.,Category: Injury Updates
Ethan Pocic,"Mon, Aug 25th 3:50am EDT",Browns coach Kevin Stefanski said Ethan Pocic could be available for the start of the season . (Source: Mary Kay Cabot on Twitter),Fantasy Impact: Pocic has been sidelined during training camp due to a knee injury. He'll have two weeks to get fully healthy prior to the start of the season.,Category: Injury Updates
Carter Warren,"Mon, Aug 25th 3:47am EDT",Carter Warren reportedly could be on the trade block with the Jets. (Source: Jeremy Fowler on Twitter),Fantasy Impact: We have seen several trades of offensive lineman and the Jets have the depth to make a move. This will be a situation to monitor.,Category: Rumors
Patrick Murtagh,"Fri, Aug 29th 4:50am EDT",The Broncos signed TE Patrick Murtagh to their practice squad. (Source: Zac Stevens on Twitter),Fantasy Impact: The move was made with the international exemption. Murtagh will add depth to the tight end room for Denver.,Category: Transactions
Tyler Scott,"Fri, Aug 29th 4:48am EDT",The Colts signed WR Tyler Scott to their practice squad. (Source: Mike Chappell on Twitter),Fantasy Impact: Scott was waived by the Bears earlier this week. He will add depth for the Colts in their wide receiver room. He was one of two players added to their practice squad.,Category: Transactions
Ben Nikkel,"Fri, Aug 29th 4:47am EDT",The Colts signed S Ben Nikkel to their practice squad. (Source: Mike Chappell on Twitter),Fantasy Impact: Nikkel will add depth for the Colts in their secondary. He was one of two players added to their practice squad.,Category: Transactions
Tyler Kahmann,"Fri, Aug 29th 4:45am EDT",The Colts released WR Tyler Kahmann. (Source: Mike Chappell on Twitter),Fantasy Impact: Kahmann loses his roster spot with one week till the season. He'll likely seek another opportunity on a practice squad.,Category: Transactions
Kedon Slovis,"Fri, Aug 29th 4:43am EDT",The Cardinals signed QB Kedon Slovis to their practice squad. (Source: Around the NFL on Twitter),Fantasy Impact: Slovis enters the season adding more depth in the quarterback room for Arizona.,Category: Transactions
Richie Grant,"Fri, Aug 29th 4:41am EDT",The 49ers released S Richie Grant. (Source: Nick Wagoner on Twitter),Fantasy Impact: Grant loses his roster spot with the season one week away. The 49ers brought back Russell Gage as the corresponding move with their wide receiver banged up.,Category: Transactions
Chuck Clark,"Fri, Aug 29th 4:39am EDT",The Steelers signed S Chuck Clark. (Source: Adam Schefter on Twitter),Fantasy Impact: Clark is added to the Steelers active roster with the season just over one week away. He'll add depth on the offensive line for then.,Category: Transactions
Max Scharping,"Fri, Aug 29th 4:38am EDT",The Steelers signed OL Max Scharping. (Source: Adam Schefter on Twitter),Fantasy Impact: Scharping is added to the Steelers active roster with the season just over one week away. He'll add depth on the offensive line for then.,Category: Transactions
Donte Kent,"Fri, Aug 29th 4:37am EDT",The Steelers placed CB Donte Kent on injured reserve. (Source: Adam Schefter on Twitter),Fantasy Impact: Kent won't be ready for the start of the season for Pittsburgh.,Category: Injury Updates
Luke Felix-Fualalo,"Fri, Aug 29th 4:33am EDT",The Eagles signed T Luke Felix-Fualalo to their practice squad. (Source: Zach Berman on Twitter),Fantasy Impact: Felix-Fualalo was picked up with the International Player Exemption.,Category: Transactions
Gee Scott Jr.,"Fri, Aug 29th 4:32am EDT",The Patriots released TE Gee Scott Jr. (Source: Mark Daniels on Twitter),Fantasy Impact: Scott was one of three players released by New England. He'll likely seek another opportunity on a practice squad.,Category: Transactions
Cam Riley,"Fri, Aug 29th 4:30am EDT",The Patriots released LB Cam Riley. (Source: Mark Daniels on Twitter),Fantasy Impact: Riley was one of three players released by New England. He'll likely seek another opportunity on a practice squad.,Category: Transactions
Brandon Crossley,"Fri, Aug 29th 4:29am EDT",The Patriots released CB Brandon Crossley from their practice squad. (Source: Mark Daniels on Twitter),Fantasy Impact: Crossley was one of three players released by New England. He'll likely seek another opportunity on a practice squad.,Category: Transactions
Mark Robinson,"Fri, Aug 29th 4:28am EDT",The Patriots signed LB Mark Robinson to their practice squad.,Fantasy Impact: Robinson will add depth for the Patriots on their linebacker room. He was one of four players added to their practice squad.,Category: Transactions
Fabien Lovett,"Fri, Aug 29th 4:26am EDT",The Patriots signed DL Fabien Lovett to their practice squad. (Source: Mark Daniels on Twitter),Fantasy Impact: Lovett will add depth for the Patriots on their defensive line. He was one of four players added to their practice squad.,Category: Transactions
Cory Durden,"Fri, Aug 29th 4:25am EDT",The Patriots signed DL Cory Durden to their practice squad. (Source: Mark Daniels on Twitter),Fantasy Impact: Durden will add depth for the Patriots on their defensive line. He was one of four players added to their practice squad.,Category: Transactions
Corey Ballentine,"Fri, Aug 29th 4:23am EDT",The Patriots signed CB Corey Ballentine to their practice squad. (Source: Mark Daniels on Twitter),Fantasy Impact: Ballentine was released by the Packers. He'll add depth for the Patriots secondary. He was one of four players added to their practice squad.,Category: Transactions
Foster Sarell,"Fri, Aug 29th 4:20am EDT",The Chargers signed OL Foster Sarell to their practice squad. (Source: Aaron Wilson on Twitter),Fantasy Impact: Sarell will add depth on the offensive line for the Chargers.,Category: Transactions
Alaric Jackson,"Fri, Aug 29th 4:19am EDT",The Rams say Alaric Jackson will participate in practice on Monday. (Source: Around the NFL on Twitter),Fantasy Impact: Jackson has officially been cleared to resume practicing. He'll likely have to work his way back into game shape.,Category: Injury Updates
Marvin Mims Jr.,"Fri, Aug 29th 4:17am EDT",The Broncos say Marvin Mims Jr. will return to practice on Monday. (Source: Around the NFL on Twitter),Fantasy Impact: Mims departed practice early on Wednesday. He'll miss a few days before he returns next week.,Category: Injury Updates
Jauan Jennings,"Fri, Aug 29th 4:15am EDT",Jauan Jennings was not seen at practice on Thursday. (Source: Noah Furtado on Twitter),"Fantasy Impact: With a little over one week away till the season opener for the 49ers against the Seahawks, the status of Jennings remains uncertain.",Category: Injury Updates
Tristan Wirfs,"Fri, Aug 29th 4:14am EDT",Bucs GM Jason Licht said the team hopes Tristan Wirfs can return in the first month of the season. (Source: Rick Stroud on Twitter),"Fantasy Impact: Licht said he hopes Wirfs can return sooner than Chris Godwin who is expected to miss the first month, if not more time. Wirfs passed his physical earlier in the week.",Category: Injury Updates
Greg Joseph,"Fri, Aug 29th 4:11am EDT",The Bills hosted K Greg Joseph for a workout on Thursday. (Source: Jordan Schultz on Twitter),Fantasy Impact: Joseph was recently released by the 49ers. He was one of three kickers who worked out for Buffalo. He continues to seek a new team before the start of the season.,Category: Transactions
Zane Gonzalez,"Fri, Aug 29th 4:09am EDT",The Bills hosted K Zane Gonzalez for a workout on Thursday. (Source: Jordan Schultz on Twitter),Fantasy Impact: Gonzalez was released by the Commanders earlier in the offseason. He was one of three kickers who worked out for Buffalo. He continues to seek a new team before the start of the season.,Category: Transactions
Eddy Pineiro,"Fri, Aug 29th 4:08am EDT",The Bills hosted K Eddy Pineiro for a workout on Thursday. (Source: Jordan Schultz on Twitter),Fantasy Impact: Pineiro was one of three kickers who worked out for Buffalo. He continues to seek a new team before the start of the season.,Category: Transactions
Ambry Thomas,"Fri, Aug 29th 4:07am EDT",The Eagles signed DB Ambry Thomas to their practice squad. (Source: Jordan Schultz on Twitter),"Fantasy Impact: Thomas was previously with the 49ers. Still just 25 years old, he'll add depth in the secondary for the Eagles.",Category: Transactions
Micah Parsons,"Thu, Aug 28th 5:03pm EDT","Micah Parsons has been traded to the Green Bay Packers and will sign a 4-year, $188 million deal. Dallas gets two first-rounders in the deal. (Source: Ian Rapoport on X)","Fantasy Impact: Parsons has been at odds with the Cowboys' front office all offseason, and with owner Jerry Jones unwilling to budge on the money side of things, Parsons will join the Packers and give them a lethal front seven. It's a big blow to Dallas fans, but on the bright side for fantasy, the Cowboys will likely throw a lot more with their defense missing their star player.",
Austin Booker,"Thu, Aug 28th 4:23pm EDT",Austin Booker (knee) has been placed on IR and will miss the first four weeks of the regular season. (Source: Kevin Fishbain on Twitter),"Fantasy Impact: Booker, who is going into his second NFL season, was having a strong preseason for the Bears. Unfortunately, he won't be able to carry the momentum into the first month of the season due to a knee injury. A fifth-round draft pick in 2024, Booker recorded 21 total tackles and 1.5 sacks over 17 games as a rookie.",Category: Injury Updates
Chris Godwin Jr.,"Thu, Aug 28th 4:14pm EDT",Bucs GM Jason Licht framed Chris Godwins return as likely in Week 5 or later. (Source: Greg Auman on Twitter),"Fantasy Impact: This would put a possible return for Godwin around Week 5. He was thought to have a chance to return earlier after he avoided IR, but the Bucs won't rush him back. Emeka Egbuka should play a bigger role early in the season in the slot for Tampa Bay.",Category: Injury Updates
L'Jarius Sneed,"Thu, Aug 28th 2:01pm EDT",Titans coach Brian Callahan said L'Jarius Sneed is trending towards being ready for the opener against the Broncos. (Source: Turron Davenport on Twitter),"Fantasy Impact: Sneed returned to practice last week. ""He's looked good,"" Callahan said. ""We're going to keep building his volume to get him ready for Wk 1.""",Category: Injury Updates
Terry McLaurin,"Thu, Aug 28th 2:00pm EDT",Terry McLaurin was seen catching passes today as he logged his second consecutive practice since ending his hold-in. (Source: NBC),"Fantasy Impact: This is great news for the Commanders, getting their WR1 back on the field to log reps and help cement more chemistry with Jayden Daniels before Washington's Week 1 matchup with the New York Giants. His ADP has taken a bit of a hit from not practicing, but he could offer a good buying opportunity. Don't expect McLaurin to be fed a massive amount, as he averaged just over 6.8 targets/game last season and does damage after the catch. McLaurin made 82 receptions along with 13 touchdowns for 1,096 yards in 2024, which marks the fifth season in a row he has eclipsed the 1,000-yard mark.",Category: Rumors
Shaquill Griffin,"Thu, Aug 28th 1:59pm EDT",The Seahawks re-signed CB Shaquill Griffin to their practice squad. (Source: Mike Dugar on Twitter),Fantasy Impact: Griffin was released by Seattle earlier this week. He'll add depth in the secondary on their practice squad.,Category: Transactions
Anthony Campbell,"Thu, Aug 28th 1:58pm EDT",The Seahawks waived DT Anthony Campbell. (Source: Mike Dugar on Twitter),Fantasy Impact: Campbell had signed with Seattle in May. He gets released with the Seahawks bringing back Shaquill Griffin.,Category: Transactions
Ryan Hayes,"Thu, Aug 28th 1:56pm EDT",The Falcons signed OT Ryan Hayes to their practice squad. (Source: Terrin Waack on Twitter),Fantasy Impact: Hayes will add depth on the offensive line for Atlanta.,Category: Transactions
Jamal Agnew,"Thu, Aug 28th 1:54pm EDT",Falcons coach Raheem Morris said Jamal Agnew will be the punt returner and kickoff returner. (Source: D. Orlando Ledbetter on Twitter),Fantasy Impact: Agnew agreed to a deal with Atlanta in free agency. He'll improve the special teams for the Falcons.,
Xavier Watts,"Thu, Aug 28th 1:52pm EDT",Falcons coach Raheem Morris declared Xavier Watts as the starting safety. (Source: D. Orlando Ledbetter on Twitter),Fantasy Impact: Watts performed well enough in training camp to earn the starting role. Billy Bowman was also named the starting nickel back.,
Jordan Fuller,"Thu, Aug 28th 1:50pm EDT",The Falcons re-signed S Jordan Fuller. (Source: Aaron Wilson on Twitter),Fantasy Impact: Fuller was brought back on the Falcons 53-man roster. He'll add depth in the Falcons secondary.,Category: Transactions
Hunter Renfrow,"Thu, Aug 28th 1:20pm EDT",The Panthers reportedly aren't the only team interested in WR Hunter Renfrow. (Source: David Newton on Twitter),Fantasy Impact: It will be up to Renfrow where he wants to go after he was released by Carolina earlier this week. He should sign before the season starts next week.,Category: Rumors
Kyzir White,"Thu, Aug 28th 1:18pm EDT",Free agent LB Kyzir White is visiting the Colts on Thursday. (Source: Adam Schefter on Twitter),Fantasy Impact: White also visited the Lions at the end of July. He should find a landing spot before the season.,Category: Rumors
Bralen Trice,"Thu, Aug 28th 1:17pm EDT",The Falcons placed EDGE Bralen Trice on injured reserve. (Source: Around the NFL on Twitter),Fantasy Impact: Trice had been dealing with a knee injury earlier in training camp. He won't be ready to go for the start of the season.,Category: Injury Updates
Patrick McMorris,"Thu, Aug 28th 1:15pm EDT",The Giants signed S Patrick McMorris to their practice squad. (Source: Dan Duggan on Twitter),Fantasy Impact: McMorris appeared in six games on special teams as a rookie for the Dolphins last season. He'll add depth in the secondary and on special teams for the Giants.,Category: Transactions
Swayze Bozeman,"Thu, Aug 28th 1:13pm EDT",The Giants signed LB Swayze Bozeman to their practice squad. (Source: Dan Duggan on Twitter),Fantasy Impact: Bozeman spent most of last season on the Chiefs practice squad. He was waived by the Bears earlier this week.,Category: Transactions
DeVonta Smith,"Thu, Aug 28th 1:11pm EDT",DeVonta Smith was on the practice field Wednesday after tending to a nagging groin injury. (Source: Jeff McLane on X),"Fantasy Impact: DeVonta Smith, as well as fellow wide receiver A.J. Brown were participating in practice yesterday which is a great sign for his week 1 outlook. Smith is currently the 26th ranked wide receiver in Fantasy Pros Half PPR rankings and will see an ample amount of opportunities catching balls as the WR2 in Philly. Keep in mind A.J. Brown is prone to injury and if he goes down, Smith will immediately slide into the WR1 role.",Category: Injury Updates
Jalen Coker,"Thu, Aug 28th 1:04pm EDT",Panthers GM Dan Morgan told reporters WR Jalen Coker will start in the slot for the team. (Source: Mike Kaye on Twitter),Fantasy Impact: Coker was able to show flashes in limited opportunity last season. He'll take on an expanded role following the trade of Adam Thielen.,
Tyreek Hill,"Thu, Aug 28th 1:02pm EDT",Dolphins coach Mike McDaniel said Tyreek Hill remains on track to be healthy for the start of the season. (Source: Cameron Wolfe on Twitter),Fantasy Impact: Hill was back at practice on Thursday. He should be fully good to go for Sunday's season opener next week.,Category: Injury Updates
De'Von Achane,"Thu, Aug 28th 1:00pm EDT",Dolphins coach Mike McDaniel said De'Von Achane remains on track to be healthy for the start of the season. (Source: Cameron Wolfe on Twitter),Fantasy Impact: Achane remained sidelined from practice on Wednesday. His status will need to be monitored in practice into next week.,Category: Injury Updates
JaMycal Hasty,"Thu, Aug 28th 12:58pm EDT",The Dolphins signed RB JaMycal Hasty to their practice squad. (Source: Cameron Wolfe on Twitter),Fantasy Impact: Hasty was released by the Patriots earlier in the week. He'll add depth in the Dolphins backfield.,Category: Transactions
Darnell Mooney,"Thu, Aug 28th 12:56pm EDT",Darnell Mooney was back at practice for the first time on Thursday since his injury. (Source: Terrin Waack on Twitter),Fantasy Impact: It is the first day of practice back for Mooney since his shoulder injury early in training camp. He'll have a chance to be back for the start of the season.,Category: Injury Updates
A.J. Brown,"Thu, Aug 28th 12:50pm EDT",A.J. Brown was spotted on the practice field Wednesday which is great news for both the Eagles and fantasy managers alike. (Source: Zach Berman on X),"Fantasy Impact: A.J. Brown was sidelined for most of training camp this season due to a nagging hamstring ailment. He was spotted in warmups before the final preseason game but ultimately, didn't play. This should inject some confidence into those who are looking at rostering the number one in Philly's receiving corps.",Category: Injury Updates
Russell Gage Jr.,"Thu, Aug 28th 12:33pm EDT",The San Francisco 49ers bought WR Russell Gage Jr. back to their 53-man roster. (Source: Ian Rapoport on Twitter),Fantasy Impact: Gage had been released earlier in the week. He could be playing a role in Week 1 pending the status of Jauan Jennings.,Category: Transactions
Quinton Bohanna,"Thu, Aug 28th 12:32pm EDT",The Seahawks re-signed DT Quinton Bohanna to their practice squad. (Source: Jeremy Fowler on Twitter),Fantasy Impact: Bohanna spent last year and this preseason with Seattle. He'll add depth on the Seahawks defensive line.,Category: Transactions
Marcus Epps,"Thu, Aug 28th 12:30pm EDT",The Eagles signed veteran safety Marcus Epps. (Source: Tom Pelissero on Twitter),Fantasy Impact: Epps was released by the Patriots earlier this week. He'll add more experience in the Eagles secondary.,Category: Transactions
JuJu Brents,"Thu, Aug 28th 12:28pm EDT",The Dolphins claimed DB JuJu Brents off waivers. (Source: Adam Schefter on Twitter),Fantasy Impact: Brents was waived by the Colts earlier this week. He'll add depth in the Dolphins secondary.,Category: Transactions
Trevor Keegan,"Thu, Aug 28th 12:27pm EDT",The Eagles waived G Trevor Keegan. (Source: Adam Schefter on Twitter),Fantasy Impact: Keegan was a fifth round pick for the Eagles last year. He will head to waivers.,Category: Transactions
Derion Kendrick,"Thu, Aug 28th 12:23pm EDT",The Seahawks signed CB Derion Kendrick. (Source: Ari Meirov on Twitter),Fantasy Impact: Kendrick remains in the NFC West after he was released by the Rams. He'll add depth in the Seahawks secondary.,Category: Transactions
Bailey Zappe,"Thu, Aug 28th 12:21pm EDT",The Browns signed QB Bailey Zappe. (Source: Jeremy Fowler on Twitter),Fantasy Impact: Zappe was waived by the Chiefs earlier this week. He'll add depth in the Browns quarterback room.,Category: Transactions
Courtney Jackson,"Thu, Aug 28th 12:20pm EDT",The Seahawks signed WR Courtney Jackson to their practice squad. (Source: Mike Klis on Twitter),Fantasy Impact: Jackson was released by the Broncos. He'll add depth in the Seahawks wide receiver room.,Category: Transactions
Dan Skipper,"Thu, Aug 28th 12:18pm EDT",The Lions re-signed OL Dan Skipper to their practice squad. (Source: Tom Pelissero on Twitter),Fantasy Impact: Skipper was released by Detroit earlier in the week. He'll remain in a depth role.,Category: Transactions
Chris Paul Jr.,"Thu, Aug 28th 12:17pm EDT",The Seahawks signed LB Chris Paul Jr. to their practice squad. (Source: Ryan Talbot on Twitter),Fantasy Impact: Paul remains in the NFC West after he was released by the Rams. He'll add depth to the Seahawks linebacker room.,Category: Transactions
Jaylen Wright,"Thu, Aug 28th 11:42am EDT",Jaylen Wright underwent a small procedure that is expected to keep him out multiple weeks. It is not expected to be season-ending but it appears it will take him several weeks to recover. (Source: Marcel Louis-Jacques on X),"Fantasy Impact: Wright was already on the outs for fantasy managers this season after a disappointing preseason. His value just took yet another massive hit with this news. He should be off draft boards now, and Ollie Gordon becomes an even more intriguing and important name to know in the Miami backfield.",Category: Injury Updates
Asim Richards,"Thu, Aug 28th 4:20am EDT",The Cowboys traded OL Asim Richards to the New Orleans Saints. (Source: Adam Schefter on Twitter),Fantasy Impact: Richards will add depth on the offensive line for the Saints heading into the season.,Category: Transactions
Foster Moreau,"Thu, Aug 28th 4:18am EDT",The Saints placed TE Foster Moreau on the PUP list. (Source: Nick Underhill on Twitter),Fantasy Impact: Moreau missed most of training camp with the injury. He'll remain sidelined to start the season.,Category: Injury Updates
Russ Yeast,"Thu, Aug 28th 4:17am EDT",The Bengals signed S Russ Yeast to their practice squad. (Source: Aaron Wilson on Twitter),Fantasy Impact: Yeast was most recently with the Texans. He'll add depth in the Bengals secondary.,Category: Transactions
Jared Wayne,"Thu, Aug 28th 4:15am EDT",The Texans signed WR Jared Wayne to their practice squad. (Source: Aaron Wilson on Twitter),Fantasy Impact: Wayne had been waived by Houston in the first week of August. He'll add depth in the Texans wide receiver room.,Category: Transactions
Terrace Marshall Jr.,"Thu, Aug 28th 4:14am EDT",The Eagles signed WR Terrace Marshall Jr. to their practice squad. (Source: Around the NFL on Twitter),Fantasy Impact: Marshall will continue to add depth in the Eagles wide receiver room.,Category: Transactions
Evan Anderson,"Thu, Aug 28th 4:12am EDT",The 49ers waived DT Evan Anderson. (Source: Matt Barrows on Twitter),Fantasy Impact: Anderson loses his roster spot ahead of the season. He'll likely seek another opportunity.,Category: Transactions
Carter Warren,"Thu, Aug 28th 4:11am EDT",The Falcons signed OT Carter Warren to their practice squad. (Source: Jeremy Fowler on Twitter),Fantasy Impact: Warren fourth-round pick in 2023. He was released by the Jets and will add depth to a banged up Falcons offensive line.,Category: Transactions
Chazz Surratt,"Thu, Aug 28th 4:09am EDT",The Seahawks signed LB Chazz Surratt to their active roster. (Source: Mike Garafolo on Twitter),Fantasy Impact: Surratt remains in the NFC West after he was released by the 49ers. He'll add depth in the Seahawks linebacker room.,Category: Transactions
Zion Childress,"Thu, Aug 28th 4:07am EDT",The Cowboys waived CB Zion Childress. (Source: Jon Machota on Twitter),Fantasy Impact: Childress will likely seek another opportunity on a practice squad.,Category: Transactions
Andrew Booth Jr.,"Thu, Aug 28th 4:06am EDT",The Cowboys waived CB Andrew Booth Jr. (Source: Jon Machota on Twitter),Fantasy Impact: Booth will likely seek another opportunity on a practice squad.,Category: Transactions
Theo Johnson,"Thu, Aug 28th 4:05am EDT",Theo Johnson was not seen at Giants practice on Wednesday. (Source: Dan Duggan on Twitter),Fantasy Impact: Johnson has not been seen since the teams second preseason game. His status for the start of the season is up in the air.,Category: Injury Updates
Landon Dickerson,"Thu, Aug 28th 4:03am EDT",Landon Dickerson was able to practice on Wednesday. (Source: Dave Zangaro on Twitter),Fantasy Impact: Dickerson underwent a minor procedure on his knee earlier in August. He has another week to till the Eagles season opener.,Category: Injury Updates
Andrew Thomas,"Thu, Aug 28th 4:01am EDT",Andrew Thomas was at practice on Wednesday. (Source: Jordan Raanan on Twitter),Fantasy Impact: It is a good sign with the regular season 11 days away after Thomas was not at practice on Monday.,Category: Injury Updates
Jacardia Wright,"Thu, Aug 28th 4:00am EDT",The Seahawks re-signed RB Jacardia Wright to their practice squad. (Source: Brady Henderson on Twitter),Fantasy Impact: Wright was released from the Seahawks 53-man roster. He'll add depth on their practice squad.,Category: Transactions
Jarrick Bernard-Converse,"Thu, Aug 28th 1:25am EDT",The Browns claimed DB Jarrick Bernard-Converse off waivers. (Source: Adam Schefter on Twitter),Fantasy Impact: Bernard-Converse was waived by the Jets earlier this week. He'll add depth in the secondary for Cleveland.,Category: Transactions
Junior Bergen,"Thu, Aug 28th 1:23am EDT",The 49ers plan on signing WR/KR Junior Bergen to the practice squad once he clears waivers. (Source: Mike Garafolo on Twitter),Fantasy Impact: Bergen was the only one of the 49ers 11 draft picks waived. He'll remain with the team.,Category: Transactions
Nyheim Miller-Hines,"Thu, Aug 28th 1:21am EDT",The Chargers re-signed RB Nyheim Miller-Hines to their practice squad. (Source: Tom Pelissero on Twitter),Fantasy Impact: Hines remains with the Chargers after being released. He'll hold a depth role heading into the season.,Category: Transactions
Jalen Reagor,"Thu, Aug 28th 1:20am EDT",The Chargers re-signed WR Jalen Reagor to their practice squad. (Source: Tom Pelissero on Twitter),Fantasy Impact: Reagor remains with the Chargers after being released. He'll hold a depth role heading into the season.,Category: Transactions
Tony Jefferson II,"Thu, Aug 28th 1:19am EDT",The Chargers re-signed DB Tony Jefferson II to their practice squad. (Source: Tom Pelissero on Twitter),Fantasy Impact: Jefferson remains with the Chargers after being released. He'll hold a depth role heading into the season.,Category: Transactions
Xavier Truss,"Thu, Aug 28th 1:15am EDT",The Saints claimed G Xavier Truss off waivers. (Source: Adam Schefter on Twitter),Fantasy Impact: Truss was waived by the Broncos. He'll provide depth on the offensive line for New Orleans.,Category: Transactions
Adrian Martinez,"Thu, Aug 28th 1:12am EDT",The 49ers signed QB Adrian Martinez to their practice squad. (Source: Matt Maiocco on Twitter),Fantasy Impact: Martinez was waived by the Jets earlier this week. He'll add depth in the 49ers quarterback room.,Category: Transactions
Andre Baccellia,"Thu, Aug 28th 1:01am EDT",The Cardinals re-signed WR Andre Baccellia to their practice squad. (Source: Adam Schefter on Twitter),Fantasy Impact: Baccellia remains with Arizona after being released. He'll hold a depth role heading into the season.,Category: Transactions
Michael Carter,"Thu, Aug 28th 1:00am EDT",The Cardinals re-signed RB Michael Carter to their practice squad. (Source: Adam Schefter on Twitter),Fantasy Impact: Carter remains with Arizona after being released. He'll hold a depth role heading into the season.,Category: Transactions
Simi Fehoko,"Thu, Aug 28th 12:59am EDT",The Cardinals re-signed WR Simi Fehoko to their practice squad. (Source: Adam Schefter on Twitter),Fantasy Impact: Fehoko remains with Arizona after being released. He'll hold a depth role heading into the season.,Category: Transactions
Tejhaun Palmer,"Thu, Aug 28th 12:58am EDT",The Cardinals re-signed WR Tejhaun Palmer to their practice squad. (Source: Adam Schefter on Twitter),Fantasy Impact: Palmer remains with Arizona after being released. He'll hold a depth role heading into the season.,Category: Transactions
Dontayvion Wicks,"Wed, Aug 27th 6:02pm EDT",Dontayvion Wicks (calf) is back at practice for the Packers on Wednesday. (Source: Bill Huber on Twitter),"Fantasy Impact: Wicks is still recovering from a calf injury but was able to take part in Green Bay's practice on Wednesday. That's a hopeful sign that he will be back for Week 1, but it's unclear if that will be the case or not at this point.",Category: Injury Updates
Jayden Reed,"Wed, Aug 27th 6:01pm EDT",Jayden Reed (foot) participated in Green Bay's practice on Wednesday. (Source: Bill Huber on Twitter),"Fantasy Impact: The Packers got a few key players back at practice on Wednesday, including Reed, who has been managing a foot injury for a while now. This is a step in the right direction for his recovery and he could be ready to go sooner rather than later, possibly by the time that Week 1 rolls around.",Category: Injury Updates
Khalil Shakir,"Wed, Aug 27th 5:58pm EDT",Khalil Shakir (ankle) returned to practice for the Bills on Wednesday. (Source: Katherine Fitzgerald on Twitter),"Fantasy Impact: The veteran wideout was able to return to practice on Wednesday after being sidelined for a few weeks due to an ankle injury. This is a good sign for his Week 1 availability, but fantasy managers should still keep tabs on updates about his health for the foreseeable future.",Category: Injury Updates
Travis Hunter,"Wed, Aug 27th 5:56pm EDT",Travis Hunter will be good to go for Week 1 of the NFL season. (Source: Demetrius Harvey on Twitter),"Fantasy Impact: The rookie was previously managing an upper body injury, but he is now back to full health and should be good to go for Week 1, barring any unforeseen setbacks. It remains to be seen what his role will be for the Jaguars early on in the season.",Category: Injury Updates
Ikem Ekwonu,"Wed, Aug 27th 5:47pm EDT",Panthers LT Ikem Ekwonu is considered as day to day. (Source: Joe Person on Twitter),Fantasy Impact: Ekwonu remains likely be to be available for the season opener next week.,Category: Injury Updates
Jacob Cowing,"Wed, Aug 27th 5:45pm EDT",The 49ers placed WR Jacob Cowing on injured reserve. (Source: Nick Wagoner on Twitter),Fantasy Impact: Cowing recently re-aggravated a hamstring injury he had been dealing with earlier in training camp. He'll miss at least the first four weeks of the season.,Category: Injury Updates
Cole Strange,"Wed, Aug 27th 5:43pm EDT",The Browns signed G Cole Strange to their practice squad.,Fantasy Impact: Strange quickly finds a new home after he had been released by the Patriots. He should have a long-term role in Cleveland.,Category: Transactions
Dalton Risner,"Wed, Aug 27th 5:41pm EDT",The Bengals signed G Dalton Risner. (Source: Jordan Schultz on Twitter),"Fantasy Impact: Risner also visited the Seahawks, but he likely chose the Bengals because he has a better chance to immediately start. He should be an upgrade at right guard for Cincinnati.",Category: Transactions
Audric Estime,"Wed, Aug 27th 4:15pm EDT",Audric Estime is signing with the Eagles practice squad. (Source: Parker Gabriel on Twitter),"Fantasy Impact: Estime did not stay a free agent for long after being cut by the Broncos earlier in the week, as the Eagles are now signing him on as a member of their practice squad. Fantasy managers shouldn't expect him to have much of a role for the team early on in the season.",Category: Transactions
Greg Dulcich,"Wed, Aug 27th 4:13pm EDT",Greg Dulcich is signing a deal with the Dolphins to join their practice squad. (Source: Tom Pelissero on Twitter),"Fantasy Impact: The veteran tight end was surprisingly cut by the Giants earlier in the week after having an impressive showing throughout the preseason. He is now joining the Dolphins as a member of their practice squad, and he's a real candidate to make an impact at some point during the season with Darren Waller being the most notable name ahead of him on the depth chart.",Category: Transactions
Jordan Love,"Wed, Aug 27th 4:10pm EDT",Jordan Love (thumb) is practicing in full for the Packers on Wednesday. (Source: Matt Schneidman on Twitter),"Fantasy Impact: Love recently underwent a minor procedure to repair a thumb injury on his non-throwing hand. It seems that his recovery is going to plan, as he will be a full participant at practice on Wednesday and is expected to be ready to go by Week 1, which is great news for all of Green Bay's skill-position players.",Category: Injury Updates
Mark Andrews,"Wed, Aug 27th 4:08pm EDT",Mark Andrews returned to practice for the Ravens on Wednesday. (Source: Jeff Zrebiec on Twitter),"Fantasy Impact: Andrews was sidelined from practice for a little while due to an undisclosed injury of some kind, but he was back out on the practice field for the Ravens on Wednesday. Barring any unforeseen setbacks, it looks like he should be ready for Week 1 of the season.",Category: Injury Updates
Darren Waller,"Wed, Aug 27th 4:07pm EDT",Darren Waller participated in team drills for the Dolphins on Wednesday. (Source: Marcel Louis-Jacques on Twitter),"Fantasy Impact: Waller has spent much of the offseason ramping up his conditioning after spending about a year in retirement. It looks like he is close to game shape, however, as he is now participating in team drills with the Dolphins at practice. He doesn't project to be a fantasy-relevant player this year but could be a contributor for the Dolphins with Jonnu Smith no longer on the team.",Category: Injury Updates
Robert Woods,"Wed, Aug 27th 4:00pm EDT",Robert Woods is signing a deal with the Steelers to join their practice squad. (Source: Teresa Varley),Fantasy Impact: Woods will be back in Pittsburgh for the start of the regular season as a member of their practice squad after being previously cut by the team. He isn't expected to have much of a role for the foreseeable future.,Category: Transactions
Trey Sermon,"Wed, Aug 27th 3:58pm EDT",Trey Sermon has signed with the Steelers practice squad. (Source: Teresa Varley),"Fantasy Impact: To no surprise, Sermon will return to the Steelers as a member of their practice squad. He's a journeyed NFL veteran, so it's possible that he will see a small amount of real action this year in the event of an injury to someone ahead of him on the depth chart.",Category: Transactions
Jelani Woods,"Wed, Aug 27th 3:05pm EDT",Jelani Woods has been claimed by the New York Jets (Source: Tom Pelissero on X),"Fantasy Impact: After two seasons with the Indianapolis Colts, the tight end will be battling for the TE2 position with Jeremy Ruckert. He doesn't offer much, if any fantasy value as of now.",Category: Transactions
Malachi Corley,"Wed, Aug 27th 2:50pm EDT",Former New York Jets wide receiver Malachi Corley is signing with the Cleveland Browns' practice squad after being cut and clearing waivers. (Source: Jordan Schultz on Twitter),"Fantasy Impact: Corley struggled as a rookie in New York, totaling 42 scrimmage yards on five touches with just three catches. He also scored zero touchdowns, infamously dropping the ball at the goal line during a celebration. While the Jets expressed that he was one of their top prospects in the 2024 NFL Draft, the new management may not have had the same optimism. He gets a chance to reset in a new environment on the Browns' practice squad.",Category: Transactions
Riley Patterson,"Wed, Aug 27th 2:46pm EDT",The Dolphins have signed K Riley Patterson to their practice squad. (Source: Cameron Wolfe on Twitter ),Fantasy Impact: Patterson will be elevated from the practice squad to serve as the team's kicker until Jason Sanders returns from injured reserve. Patterson converted on 4-of-7 field goal attempts in five games last season.,Category: Transactions
DJ Uiagalelei,"Wed, Aug 27th 2:44pm EDT",The Chargers have signed QB DJ Uiagalelei to their practice squad. (Source: Tom Pelissero on Twitter ),"Fantasy Impact: Uiagalelei had a strong preseason, passing for 244 yards and two touchdowns. He will serve as the third quarterback behind backup Trey Lance and starter Justin Herbert.",Category: Transactions
Ainias Smith,"Wed, Aug 27th 2:42pm EDT",The Panthers have signed WR Ainias Smith to their practice squad. (Source: Joe Person on Twitter),Fantasy Impact: Smith was cut from the Eagles roster ahead of the 53-man deadline. He will provide depth at wide receiver after registering 41 yards and a touchdown on seven receptions in his rookie season.,Category: Transactions
Carson Steele,"Wed, Aug 27th 2:40pm EDT",The Chiefs have signed RB Carson Steele to their practice squad. (Source: Matt Derrick on Twitter ),"Fantasy Impact: Steele went unclaimed on waivers but will remain in the organization. With the signing of Clyde Edwards-Helaire and Steele, the Chiefs ensure they have depth in the organization at running back.",
Clyde Edwards-Helaire,"Wed, Aug 27th 2:39pm EDT",The Chiefs have signed RB Clyde Edwards-Helaire to their practice squad. (Source: Matt Derrick on Twitter ),Fantasy Impact: CEH was cut by the Saints on Tuesday and will return to the Chiefs after spending the 2024 season with the Saints. He will provide organizational depth at running back for Kansas City.,Category: Transactions
Chris Oladokun,"Wed, Aug 27th 2:37pm EDT",The Chiefs have signed QB Chris Oladokun to their practice squad. (Source: Matt Derrick on Twitter ),Fantasy Impact: Oladokun was unclaimed on the waiver wire and will head back to the Chiefs. He will provide roster depth behind Patrick Mahomes and Gardner Minshew.,Category: Transactions
Dalevon Campbell,"Wed, Aug 27th 2:25pm EDT",The Carolina Panthers have enlisted the services of wide receiver Dalevon Campbell. He was claimed off waivers from the Los Angeles Chargers. (Source: Tom Pelissero on X),Fantasy Impact:,Category: Transactions
Trey Palmer,"Wed, Aug 27th 2:18pm EDT",The New Orleans Saints won a waiver claim for Trey Palmer and will effectively end his time with the Tampa Bay Buccaneers. He accumulated 51 receptions for 557 yards and four touchdowns during his time in the Sunshine State. (Source: Tom Pelissero on X),Fantasy Impact:,Category: Transactions
Kimani Vidal,"Wed, Aug 27th 2:06pm EDT",The Los Angeles Chargers are re-signing running back Kimani Vidal on their practice squad after he was waived ahead of the roster cutdown deadline. (Source: Matt Zenitz on Twitter),"Fantasy Impact: Vidal was a rookie in 2024 and did not emerge as the sleeper option he was billed to be. He did find some success with over 200 scrimmage yards and one touchdown, but he played 26% of the offensive snaps over 10 games while being a non-factor on special teams. He was inactive for games last season and will be on the practice squad in 2025 with a deeper rotation in LA.",Category: Transactions
Brett Rypien,"Wed, Aug 27th 2:06pm EDT",Brett Rypien is signing a deal with the Bengals to join their practice squad. (Source: Ben Baby on Twitter),"Fantasy Impact: Rypien spent much of the offseason with the Vikings, but he wasn't able to earn a roster spot and has ultimately been cut. He now joins the Bengals and will serve as their QB3 from the practice squad.",Category: Transactions
Javon Baker,"Wed, Aug 27th 2:05pm EDT",The Patriots are planning on releasing WR Javon Baker. (Source: Mike Reiss on Twitter ),Fantasy Impact: Baker was likely the last receiver on the depth chart based on his performance last season and seeing most of his time with the backups during the preseason. He could return on the practice squad should he clear waivers.,Category: Transactions
Frank Gore Jr.,"Wed, Aug 27th 2:04pm EDT",Frank Gore Jr. is signing with the Bills to join their practice squad. (Source: Tom Pelissero on Twitter),"Fantasy Impact: The Bills are bringing back Gore onto their practice squad after releasing him recently. Buffalo has solid depth in their backfield right now, so the path isn't clear for him to earn a spot on the active roster.",Category: Transactions
DeeJay Dallas,"Wed, Aug 27th 2:03pm EDT",The Carolina Panthers are signing running back DeeJay Dallas to their practice squad after he was released by the Arizona Cardinals. (Source: Mike Kaye on Twitter),"Fantasy Impact: Dallas became the first player to return a kickoff for a touchdown under the new rule set and has provided value as a returner and running back for Arizona and Seattle. The Panthers already have Chuba Hubbard, Rico Dowdle, and Trevor Etienne, so Dallas may not be able to crack the rotation, but he could fit in if they face injuries.",Category: Transactions
Xazavian Valladay,"Wed, Aug 27th 2:02pm EDT",Xazavian Valladay will be returning to the Vikings as a member of their practice squad. (Source: Mike Garafolo on Twitter),"Fantasy Impact: The Vikings recently cut Valladay as part of their roster cutdown ahead of Week 1, but he went unclaimed on waivers and will be rejoining the team on the practice squad. Fantasy managers shouldn't expect him to have much of an impact this season.",Category: Transactions
Damien Martinez,"Wed, Aug 27th 2:01pm EDT",The Seahawks have signed RB Damien Martinez to their practice squad. (Source: Brady Henderson on Twitter),"Fantasy Impact: The Seahawks currently have a crowded backfield, but will return to the practice squad to provide the team with depth. He finished the preseason with 84 rushing yards on 24 carries.",Category: Transactions
Jeff Wilson Jr.,"Wed, Aug 27th 2:00pm EDT",Jeff Wilson Jr. is signing a deal to join the Dolphins practice squad. (Source: Adam Schefter on Twitter),"Fantasy Impact: The veteran running back has found a home for the start of the regular season, joining Miami over a week before the 2025 NFL season kicks off. Miami's running back room is currently thin and injury riddled, so the veteran could find himself on the active roster at several points throughout the season.",Category: Transactions
Tommy DeVito,"Wed, Aug 27th 1:59pm EDT","Tommy ""Cutlets"" Devito has been claimed by the New England Patriots after being let go by the New York Giants. (Source: Tom Pelissero on X)","Fantasy Impact: With Drake Maye starting and Joshua Dobbs backing him up, Devito will be third in line to take snaps under center for the Patriots in the 2025/26 NFL season. He has compiled 1358 passing yards, eight touchdowns and three interceptions over his career to date.",Category: Transactions
Xavier Restrepo,"Wed, Aug 27th 1:58pm EDT",Xavier Restrepo will be returning to the Titans as a member of their practice squad. (Source: Adam Schefter on Twitter),"Fantasy Impact: The Titans did not give Restrepo a spot on their active roster, but they like him and will be bringing him back to the team as a member of their practice squad. He isn't expected to be fantasy relevant at all in 2025.",Category: Transactions
Erik Ezukanma,"Wed, Aug 27th 1:56pm EDT",Erik Ezukanma is signing a deal with the Jaguars to join their practice squad. (Source: Tom Pelissero on Twitter),"Fantasy Impact: Ezukanma will be on Jacksonville's practice squad to start the season. It's unlikely that he will make a notable impact at any point, barring injuries to several of the Jaguars' key pass catchers.",Category: Transactions
Hendon Hooker,"Wed, Aug 27th 1:47pm EDT",The Carolina Panthers are bringing in quarterback Hendon Hooker on their practice squad. (Source: Mike Kaye on Twitter),"Fantasy Impact: Hooker is entering his third season in the NFL after being a Round 3 pick following a standout senior season at Tennessee. Unfortunately, an injury kept him out during his rookie year, and he struggled in the preseason. The Volunteers' offense is not necessarily a pro-style offense and Hooker may need to continue to develop to be a backup QB, but he is also 27 years old. He can learn and develop behind veteran Andy Dalton while backing up Bryce Young.",Category: Transactions
Jake Haener,"Wed, Aug 27th 1:40pm EDT","The New Orleans Saints are bringing back quarterback Jake Haener on their practice squad, who they drafted in the fourth round of the 2023 NFL Draft. (Source: Nick Underhill on Twitter)","Fantasy Impact: Haener has started one game for the Saints in two seasons, playing behind QB Spencer Rattler following Derek Carr's injury in 2024. Haener was waived after losing the QB battle this season to Rattler and rookie Tyler Shough, but he is returning as their QB3 on the practice squad.",Category: Transactions
Raheim Sanders,"Wed, Aug 27th 1:38pm EDT",Raheim Sanders has been claimed off waivers by the Cleveland Browns (Source: Tom Pelissero on X),"Fantasy Impact: Just a day after he was released by the Los Angeles Chargers, the Cleveland Browns have picked up the running back. The RB situation in Cleveland is fluid due to rookie Quinshon Judkins off-field issues. Dylan Sampson's name has been coming up as decent second option behind Jerome Ford so Sanders will be the perceived third fiddle for now.",Category: Transactions
Easton Stick,"Wed, Aug 27th 1:34pm EDT",The Atlanta Falcons are re-signing quarterback Easton Stick to their practice squad after waiving him ahead of the roster cutdown deadline. (Source: Mike Garafolo on Twitter),"Fantasy Impact: Stick had some solid preseason performances, receiving most of the team's reps with QB Michael Penix Jr. and Kirk Cousins sidelined. The former North Dakota State product was rumored to land in New Orleans, but he returns with Jake Haener re-signing with the Saints. He could be the team's QB3.",Category: Transactions
Tyler Huntley,"Wed, Aug 27th 1:27pm EDT","The Baltimore Ravens are bringing back quarterback Tyler Huntley on their practice squad, who had previously made a Pro Bowl with the team. (Source: Adam Schefter on Twitter)","Fantasy Impact: Huntle spent some time with other organizations, like Cleveland and Miami, but found his way back to Baltimore, where he started his career as an undrafted free agent. Huntley started nine games for the Ravens over four seasons.",Category: Transactions
Kyle McCord,"Wed, Aug 27th 1:20pm EDT",The Philadelphia Eagles are bringing back rookie quarterback Kyle McCord to their practice squad after he was waived ahead of the roster cutdown deadline. (Source: Tom Pelissero on Twitter),"Fantasy Impact: McCord had a successful final season at Syracuse after transferring from Ohio State, leading the nation in several passing statistics. He did struggle during the preseason, which put him behind Tanner McKee and recent trade acquisition Sam Howell in the pecking order, but he could develop into a long-term backup.",Category: Transactions
Sam Hartman,"Wed, Aug 27th 1:17pm EDT","The Washington Commanders and Sam Hartman are reuniting after the former Notre Dame quarterback was waived ahead of roster cutdown day, joining the team's practice squad. (Source: Tom Pelissero on Twitter)","Fantasy Impact: Hartman's release was procedural, as he had already been cut and re-signed by Washington in the past. He is behind veterans Marcus Mariota and Josh Johnson, who both made the initial 53-man roster.",Category: Transactions
Mecole Hardman Jr.,"Wed, Aug 27th 1:15pm EDT",Mecole Hardman Jr. added to practice squad by the Green Bay Packers (Source: Jordan Schultz on X),"Fantasy Impact: Hardman didn't make the starting roster for Green Bay as he was cut yesterday but they seem to think he's worthy of sticking around with the organization. Considering how oft-injured the Packers receivers are, it may be a prudent move to have a wide receiver with 178 receptions and just over 2300 career yards waiting behind glass in case of emergency.",
Lil'Jordan Humphrey,"Wed, Aug 27th 1:05pm EDT","As per Adam Schefter, Lil'Jordan Humphrey has been signed to the New York Giants practice squad. (Source: Adam Schefter on X)","Fantasy Impact: Just one day after being released by the Giants, he was signed to the practice squad. Humphrey has amassed 62 receptions and 770 yards over his 58 game career.",
Marquez Valdes-Scantling,"Wed, Aug 27th 12:31pm EDT",Veteran wide receiver Marquez Valdes-Scantling is signing with the San Francisco 49ers. (Source: Tom Pelissero on Twitter),"Fantasy Impact: Valdes-Scantling was released by the Seattle Seahawks, setting him up to find a new home. As a veteran, he was not subject to the league's waiver system and reportedly chose the Niners over the Pittsburgh Steelers, who have his old quarterback, Aaron Rodgers. SF needs healthy wide receiver help, and Valdes-Scantling brings a field-stretching element to any offense.",Category: Transactions
Kendrick Bourne,"Wed, Aug 27th 12:24pm EDT","The New England Patriots are releasing Kendrick Bourne, who had been a subject of trade rumors and dealt with injuries over the offseason. (Source: Tom Pelissero on Twitter)","Fantasy Impact: Bourne missed time during training camp with a foot injury but has been a productive receiver in the NFL. He had 800 yards in 2021 and has 400+ yards in five of his eight seasons. Minnesota reportedly had tried to trade for Bourne before acquiring Adam Thielen, but the San Francisco 49ers could emerge as a landing spot, according to NFL Network's Mike Garafolo.",Category: Transactions
Kyle Hamilton,"Wed, Aug 27th 12:15pm EDT",The Baltimore Ravens and safety Kyle Hamilton have reportedly come to terms on a four-year contract extension worth $100.4 million. (Source: Jordan Schultz on Twitter),"Fantasy Impact: Hamilton, arguably the best safety in the league, has been a crucial part of Baltimore's defense. He has shown versatility with seven sacks, five picks, 18 tackles for loss, and four forced fumbles, proving that he can impact every facet of the game. He has an expert consensus ranking as the DB2 in IDP leagues, according to FantasyPros' data.",Category: Transactions
Rashee Rice,"Wed, Aug 27th 12:12pm EDT",Kansas City Chiefs wide receiver Rashee Rice is accepting a six-game suspension that will take effect in Week 1. (Source: Tom Pelissero on Twitter),"Fantasy Impact: Rice will be eligible to return to the field after Week 7, after facing a suspension for his 2024 multi-car accident in Dallas. The arbitration for this suspension had dragged on for a while, but there is finally a definitive timeline. While this makes Rice a tricky pick in fantasy, WR Xavier Worthy and TE Travis Kelce could see extended usage in his absence to start the season, with the ability to occupy similar parts of the field. Rookie Jalen Royals could be involved as well.",Category: Transactions
Daniel Thomas,"Wed, Aug 27th 11:37am EDT",The Lions signed S Daniel Thomas. (Source: Jeremy Fowler on Twitter),Fantasy Impact: Thomas quickly finds a new home after he was released by the Jaguars. He'll add depth in the secondary for Detroit.,Category: Transactions
Jordan Poyer,"Wed, Aug 27th 11:36am EDT",The Bills signed S Jordan Poyer. (Source: Jordan Schultz on Twitter),Fantasy Impact: Poyer returns for another stint in Buffalo. He remains in the AFC East after playing for the Dolphins last season. He'll add depth in the secondary for Buffalo.,Category: Transactions
Joe Mixon,"Wed, Aug 27th 11:34am EDT",Texans GM Nick Caserio told reporters Joe Mixon will be re-evaluated after four weeks. (Source: Jonathan M Alexander on Twitter),"Fantasy Impact: Mixon will miss at least the first four weeks of the season after being placed on the NFI list. Well see, well take it one day at a time,"" Caserio said on his status. Nick Chubb, Woody Marks and Dameon Pierce will enter the season leading the Texans backfield.",Category: Injury Updates
Tim Patrick,"Wed, Aug 27th 11:18am EDT",Tim Patrick has been traded from the Detroit Lions to the Jacksonville Jaguars in exchange for a sixth-round pick. (Source: Tom Pelissero on Twitter),Fantasy Impact: Patrick has been a steady contributor throughout his NFL career and will now find himself in Jacksonville with Trevor Lawrence and Co. after being acquired for a sixth-round pick on Wednesday. He isn't expected to play a prominent role but should be a valuable depth piece for the team.,Category: Transactions
Adam Thielen,"Wed, Aug 27th 10:13am EDT",Adam Thielen has been traded to the Vikings along with a 2026 seventh-round pick and 2027 fifth-round pick from the Panthers for a 2026 fifth-round pick and a 2027 fourth-round pick. (Source: Adam Schefter via X),"Fantasy Impact: Thielen operated as the Panthers' WR1 for the past two seasons but with the additions of Tet McMillan and Xavier Legette and the rise of Jalen Coker, Carolina could afford to move on from the steady wideout and go with a youth movement. Returning home, Thielen should give JJ McCarthy a nice secondary target at receiver behind Justin Jefferson while Jordan Addison is out with a suspension.",Category: Transactions
Maxwell Hairston,"Wed, Aug 27th 5:31am EDT",The Bills placed rookie CB Maxwell Hairston on injured reserve. (Source: Tom Pelissero on Twitter),Fantasy Impact: Hairston will miss at least the first four weeks of the season.,Category: Injury Updates
Jalen Graham,"Wed, Aug 27th 5:28am EDT",The 49ers waived LB Jalen Graham. (Source: Eric Branch on Twitter),Fantasy Impact: Graham was unable to earn a spot on the 49ers 53-man roster. He'll likely look to land an opportunity on a practice squad.,Category: Transactions
Will Howard,"Wed, Aug 27th 5:27am EDT",The Steelers are expected to place QB Will Howard on injured reserve. (Source: Gerry Dulac on Twitter),Fantasy Impact: Howard continues to work his way back from a hand injury. He will miss at least the first four weeks during the season.,Category: Injury Updates
Devin Leary,"Wed, Aug 27th 5:22am EDT",The Ravens released QB Devin Leary. (Source: Jeff Zrebiec on Twitter),Fantasy Impact: Leary was unable to earn a spot on the Ravens 53-man roster. He'll likely look to land an opportunity on a practice squad.,Category: Transactions
David Sharpe,"Wed, Aug 27th 5:21am EDT",The Chargers released veteran OL David Sharpe. (Source: Ian Rapoport on Twitter),Fantasy Impact: Sharpe was unable to earn a spot on the Chargers 53-man roster. He'll likely look to land an opportunity on a practice squad.,Category: Transactions
C.J. Henderson,"Wed, Aug 27th 5:18am EDT",The Falcons released CB C.J. Henderson. (Source: Jordan Schultz on Twitter),Fantasy Impact: Henderson was unable to earn a spot on the Falcons 53-man roster. He'll likely look to land an opportunity on a practice squad.,Category: Transactions
Terique Owens,"Wed, Aug 27th 5:16am EDT",The 49ers waived WR Terique Owens. (Source: Matt Maiocco on Twitter),Fantasy Impact: Owens was unable to earn a spot on the 49ers 53-man roster. He'll likely look to land an opportunity on a practice squad.,Category: Transactions
Rasul Douglas,"Wed, Aug 27th 5:15am EDT",The Dolphins signed Rasul Douglas to a $3 million deal. (Source: Jordan Schultz on Twitter),Fantasy Impact: Douglas will add more experience in the secondary for Miami.,Category: Transactions
Michael Jerrell,"Wed, Aug 27th 5:14am EDT",The Seahawks traded OT Michael Jerrell to the Falcons for a conditional 2027 seventh-round pick. (Source: Tom Pelissero on Twitter),Fantasy Impact: Jerrell will add depth on the offensive line for Atlanta.,Category: Transactions
Ricky White III,"Wed, Aug 27th 5:07am EDT",The Seahawks waived WR Ricky White III. (Source: Brady Henderson on Twitter),Fantasy Impact: White was a seventh round pick of Seattle this year. He'll be a practice squad candidate if he clears waivers.,Category: Transactions
Beanie Bishop Jr.,"Wed, Aug 27th 5:05am EDT",The Steelers released DB Beanie Bishop Jr. (Source: Tom Pelissero on Twitter),Fantasy Impact: Bishop was unable to earn a spot on the Steelers 53-man roster. He'll likely look to land an opportunity on a practice squad.,Category: Transactions
Thomas Morstead,"Wed, Aug 27th 5:03am EDT",The 49ers released P Thomas Morstead. (Source: Tom Pelissero on Twitter),Fantasy Impact: Morstead was unable to earn a spot on the 49ers 53-man roster. He'll likely look to land an opportunity on a practice squad.,Category: Transactions
Malik Turner,"Wed, Aug 27th 5:02am EDT",The 49ers released WR Malik Turner. (Source: Tom Pelissero on Twitter),Fantasy Impact: Turner was unable to earn a spot on the 49ers 53-man roster. He'll likely look to land an opportunity on a practice squad.,Category: Transactions
Isaiah Hodgins,"Wed, Aug 27th 5:01am EDT",The 49ers released WR Isaiah Hodgins. (Source: Tom Pelissero on Twitter),Fantasy Impact: Hodgins was unable to earn a spot on the 49ers 53-man roster. He'll likely look to land an opportunity on a practice squad.,Category: Transactions
Robbie Chosen,"Wed, Aug 27th 4:59am EDT",The 49ers released WR Robbie Chosen. (Source: Tom Pelissero on Twitter),Fantasy Impact: Chosen was unable to earn a spot on the 49ers 53-man roster. He'll likely look to land an opportunity on a practice squad.,Category: Transactions
Sincere McCormick,"Wed, Aug 27th 4:58am EDT",The Raiders released RB Sincere McCormick. (Source: Tashan Reed on Twitter),Fantasy Impact: McCormick was unable to earn a spot on the Raiders 53-man roster. He'll likely look to land an opportunity on a practice squad.,Category: Transactions
Britain Covey,"Wed, Aug 27th 4:51am EDT",The Rams released WR Britain Covey. (Source: Ari Meirov on Twitter),Fantasy Impact: Covey was unable to earn a spot on the Rams 53-man roster. He'll likely look to land an opportunity on a practice squad.,Category: Transactions
A.J. Green III,"Wed, Aug 27th 4:49am EDT",The Rams released CB A.J. Green. (Source: Ari Meirov on Twitter),Fantasy Impact: Green was unable to earn a spot on the Rams 53-man roster. He'll likely look to land an opportunity on a practice squad.,Category: Transactions
Josh Tupou,"Wed, Aug 27th 4:46am EDT",The Colts released DT Josh Tupou. (Source: Adam Schefter on Twitter),Fantasy Impact: Tupou was unable to earn a spot on the Colts 53-man roster. He'll likely look to land an opportunity on a practice squad.,Category: Transactions
Laquon Treadwell,"Wed, Aug 27th 4:45am EDT",The Colts released WR Laquon Treadwell. (Source: Adam Schefter on Twitter),Fantasy Impact: Treadwell was unable to earn a spot on the Colts 53-man roster. He'll likely look to land an opportunity on a practice squad.,Category: Transactions
Duke Shelley,"Wed, Aug 27th 4:44am EDT",The Colts released DB Duke Shelley. (Source: Adam Schefter on Twitter),Fantasy Impact: Shelley was unable to earn a spot on the Colts 53-man roster. He'll likely look to land an opportunity on a practice squad.,Category: Transactions
Sean McKeon,"Wed, Aug 27th 4:43am EDT",The Colts released TE Sean McKeon. (Source: Adam Schefter on Twitter),Fantasy Impact: McKeon was unable to earn a spot on the Colts 53-man roster. He'll likely look to land an opportunity on a practice squad.,Category: Transactions
Chris Lammons,"Wed, Aug 27th 4:42am EDT",The Colts released CB Chris Lammons. (Source: Adam Schefter on Twitter),Fantasy Impact: Lammons was unable to earn a spot on the Colts 53-man roster. He'll likely look to land an opportunity on a practice squad.,Category: Transactions
Khalil Herbert,"Wed, Aug 27th 4:41am EDT",The Colts released RB Khalil Herbert. (Source: Adam Schefter on Twitter),Fantasy Impact: Herbert was unable to earn a spot on the Colts 53-man roster. He'll likely look to land an opportunity on a practice squad.,Category: Transactions
Harrison Bryant,"Wed, Aug 27th 4:39am EDT",The Texans released TE Harrison Bryant. (Source: Adam Schefter on Twitter),Fantasy Impact: Bryant was traded to Houston last week. He'll likely seek a depth role with another team.,Category: Transactions
Bo Melton,"Wed, Aug 27th 4:35am EDT",Bo Melton officially made the Packers 53-man roster as a corner back. (Source: Mike Clay on Twitter),Fantasy Impact: Melton officially made the move this offseason from wide receiver to defensive back. He'll hold a depth role in the Packers secondary.,Category: Transactions
Deshaun Watson,"Wed, Aug 27th 4:31am EDT",The Browns placed QB Deshaun Watson on the PUP list. (Source: Adam Schefter on Twitter),Fantasy Impact: Watson remains without a clear timetable to return.,Category: Injury Updates
Tank Dell,"Wed, Aug 27th 4:29am EDT",The Texans placed Tank Dell on the PUP list. (Source: Tom Pelissero on Twitter),Fantasy Impact: Dell is expected to miss the entire season.,Category: Injury Updates
Isaiah Likely,"Wed, Aug 27th 4:22am EDT",The Ravens did not place TE Isaiah Likely on injured reserve. (Source: Jamison Hensley on Twitter),Fantasy Impact: Likely suffered a small fracture in his foot in late July and has yet to return to practice. He'll be eligible to pay to begin the season.,Category: Injury Updates
Michael Jordan,"Wed, Aug 27th 4:20am EDT",The Buccaneers released Michael Jordan. (Source: Ari Meirov on Twitter),Fantasy Impact: Jordan was unable to earn a spot on the Buccaneers 53-man roster. He'll likely look to land an opportunity on a practice squad.,Category: Transactions
Tommy Mellott,"Wed, Aug 27th 4:18am EDT",The Raiders waived QB Tommy Mellott. (Source: Tom Pelissero on Twitter),Fantasy Impact: Mellott was unable to earn a spot on the Raiders 53-man roster. He'll likely look to land an opportunity on a practice squad.,Category: Transactions
Cam Miller,"Wed, Aug 27th 4:18am EDT",The Raiders waived QB Cam Miller. (Source: Tom Pelissero on Twitter),Fantasy Impact: Miller was able to show flashes in the preseason. He was unable to earn a spot on the Raiders 53-man roster. He'll likely look to land an opportunity on a practice squad.,Category: Transactions
Johnathan Hankins,"Wed, Aug 27th 4:16am EDT",The Seahawks placed Johnathan Hankins on the non-football injury list. (Source: Tom Pelissero on Twitter),Fantasy Impact: Hankins had been sidelined during training camp. He remains without a timetable to return.,Category: Injury Updates
Thomas Graham Jr.,"Wed, Aug 27th 4:14am EDT",The Ravens released DB Thomas Graham Jr.,Fantasy Impact: Graham signed with Baltimore last week. He was unable to earn a spot on the Ravens 53-man roster. He'll likely look to land an opportunity on a practice squad.,Category: Transactions
Brent Urban,"Wed, Aug 27th 4:13am EDT",The Ravens released DE Brent Urban. (Source: Tom Pelissero on Twitter),Fantasy Impact: Urban was unable to earn a spot on the Ravens 53-man roster. He'll likely look to land an opportunity on a practice squad.,Category: Transactions
Keith Kirkwood,"Wed, Aug 27th 4:12am EDT",The Ravens released WR Keith Kirkwood. (Source: Tom Pelissero on Twitter),Fantasy Impact: Kirkwood was unable to earn a spot on the Ravens 53-man roster. He'll likely look to land an opportunity on a practice squad.,Category: Transactions
Anthony Miller,"Wed, Aug 27th 4:11am EDT",The Ravens released WR Anthony Miller. (Source: Tom Pelissero on Twitter),Fantasy Impact: Miller was unable to earn a spot on the Ravens 53-man roster. He'll likely look to land an opportunity on a practice squad.,Category: Transactions
Tanner McKee,"Sun, Aug 31st 4:07pm EDT",Tanner McKee is still not practicing with the Eagles. (Source: Zach Berman on Twitter),Fantasy Impact: McKee is continuing to work his way back from a fractured thumb. He is unlikely to be available for the start of the season. Sam Howell will begin the year as the backup for Jalen Hurts.,Category: Injury Updates
Adam Thielen,"Sat, Aug 30th 12:26pm EDT",The Minnesota Vikings and veteran wide receiver Adam Thielen have agreed to terms on a revised contract that reduces his salary by $2 million and removes $4 million in potential incentives. (Source: Tom Pelissero on Twitter),"Fantasy Impact: This move helps the Vikings' cap situation, offering further flexibility to a team with which Thielen is very familiar. The veteran wideout grew up in Minnesota and spent nine seasons with the Vikings, catching 534 passes for 6,682 yards and 55 touchdowns. He should be Minnesota's WR2 while Jordan Addison serves his three-game suspension.",Category: Transactions
Hunter Renfrow,"Sat, Aug 30th 12:18pm EDT","The Carolina Panthers are bringing back Hunter Renfrow, who spent the offseason with the team before getting cut ahead of the roster deadline. (Source: Carolina Panthers on Twitter)","Fantasy Impact: With Jalen Coker (quad) out with an injury, spending the first four games on injured reserve, and Adam Thielen in Minnesota, there is a new opportunity for Renfrow in the slot that wasn't there a week ago. He has not caught a pass in an NFL game since 2023, but he could potentially provide a safety option for an ascending Bryce Young. His value as a fantasy asset is unclear.",Category: Transactions
Jalen Coker,"Sat, Aug 30th 12:12pm EDT","Carolina Panthers wide receiver Jalen Coker suffered a quad injury in practice on Thursday, Aug. 28, and will be placed on injured reserve (IR). He will miss at least the first four games of the season but is expected to be out for 4-6 weeks. (Source: Cameron Wolfe on Twitter)","Fantasy Impact: Coker was expected to be the team's starting slot receiver, making this injury an unfortunate one for the Year 2 undrafted wideout. The Panthers are bringing back WR Hunter Renfrow in his place, but Coker's season will not start until Carolina's matchup with Miami while he's on IR.","Category: Injury Updates, Transactions"
Jabrill Peppers,"Sat, Aug 30th 3:39am EDT",The Patriots released veteran safety Jabrill Peppers. (Source: Adam Schefter on Twitter),Fantasy Impact: It is a bit of a shocking move. Peppers still has $4.32 million guaranteed remaining on his contract for this season. He should draw plenty of interest in free agency.,Category: Transactions
Trevor Penning,"Sat, Aug 30th 3:38am EDT",Saints OL Trevor Penning could be ready for the start of the season. (Source: Around the NFL on Twitter),Fantasy Impact: Penning is reportedly out of his walking boot. He'll have another week to get fully healthy.,Category: Injury Updates
Harrison Smith,"Sat, Aug 30th 3:36am EDT",Harrison Smith will be evaluated weekly with a personal health matter. (Source: Ben Goessling on Twitter),Fantasy Impact: Smith has been out since August 11. He remains on the active roster.,Category: Injury Updates
John Johnson III,"Sat, Aug 30th 3:34am EDT",The NFL has suspended DB John Johnson III for the first three weeks of the 2025 NFL season. (Source: Tom Pelissero on Twitter),Fantasy Impact: Johnson remains a free agent. He'll be ineligible to play the first three games of the season.,Category: Transactions
Caelen Carson,"Sat, Aug 30th 3:32am EDT",The Cowboys placed DB Caelen Carson on injured reserve. (Source: Jon Machota on Twitter),Fantasy Impact: Carson suffered a knee injury earlier in training camp. He'll be sidelined to start the season.,Category: Injury Updates
Phil Mafah,"Sat, Aug 30th 3:30am EDT",The Cowboys placed RB Phil Mafah on injured reserve. (Source: Jon Machota on Twitter),Fantasy Impact: Mafah was drafted by Dallas. He won't be ready for the start of the season.,Category: Injury Updates
Hakeem Adeniji,"Sat, Aug 30th 3:29am EDT",The Cowboys added OT Hakeem Adeniji to their active roster. (Source: Jon Machota on Twitter),Fantasy Impact: Adeniji will add depth on the offensive line for Dallas heading into the season.,Category: Transactions
C.J. Goodwin,"Sat, Aug 30th 3:28am EDT",The Cowboys signed DB C.J. Goodwin to their active roster. (Source: Jon Machota on Twitter),Fantasy Impact: Dallas placed placed CB Caelen Carson on IR as the corresponding move. Goodwin will add depth in the secondary for Dallas.,Category: Transactions
Yetur Gross-Matos,"Sat, Aug 30th 3:25am EDT",49ers coach Kyle Shanahan said the team is hopeful Yetur Gross-Matos will be ready for the season opener against the Seahawks. (Source: Matt Barrows on Twitter),Fantasy Impact: Gross-Matos has been sidelined in training camp with a knee injury. He'll have another week to get fully healthy.,Category: Injury Updates
Dominick Puni,"Sat, Aug 30th 3:23am EDT",49ers coach Kyle Shanahan said the team is optimistic Dominick Puni will be ready to go for Week 1. (Source: Matt Barrows on Twitter),Fantasy Impact: Shanahan added that Puni has been trending in a positive direction. He'll have the next week to get fully healthy.,Category: Injury Updates
De'Von Achane,"Mon, Sep 1st 11:10am EDT",De'Von Achane is returning to practice on Monday and is on track to play Sunday against the Colts. (Source: Adam Schefter on Twitter),Fantasy Impact: This had been the expectation per reports in recent weeks. Achane should be good to go to start the season.,Category: Injury Updates
Micah Robinson,"Mon, Sep 1st 2:58am EDT",The Packers released CB Micah Robinson. (Source: Adam Schefter on Twitter),Fantasy Impact: Robinson loses his roster spot a week before the season. He'll likely seek another opportunity in a depth role.,Category: Transactions
Nick Niemann,"Mon, Sep 1st 2:57am EDT",The Packers signed LB Nick Niemann. (Source: Adam Schefter on Twitter),Fantasy Impact: Niemann was most recently with the Chargers. He'll enter the season in a depth role in the Packers linebacker room.,Category: Transactions
Thomas Morstead,"Mon, Sep 1st 2:55am EDT",The 49ers re-signed P Thomas Morstead. (Source: Adam Schefter on Twitter),Fantasy Impact: Morstead quickly lands back with San Francisco after he had been released. He'll remain with the 49ers to start the season.,Category: Transactions
Maxwell Hairston,"Mon, Sep 1st 2:54am EDT",Bills GM Brandon Beane said the team is hopeful Maxwell Hairston will be able to practice at first opportunity in Week 5. (Source: Joe Buscaglia on Twitter),Fantasy Impact: Hairston will open the season on injured reserve. He'll miss at least the first four games of the season as a result.,Category: Injury Updates
Ricky White III,"Mon, Sep 1st 2:52am EDT",The Seahawks signed WR Ricky White III to their practice squad. (Source: Brady Henderson on Twitter),Fantasy Impact: White was recently waived by Seattle after he was a seventh round pick of them in April. He'll hold a depth role in the Seahawks wide receiver room.,Category: Transactions
Jaden Crumedy,"Mon, Sep 1st 2:51am EDT",The Panthers waived DT Jaden Crumedy. (Source: Joe Person on Twitter),Fantasy Impact: Crumedy loses his roster spot a week before the season. He'll likely seek another opportunity in a depth role.,Category: Transactions
Javon Baker,"Mon, Sep 1st 2:47am EDT",The Eagles hosted WR Javon Baker for a workout.,Fantasy Impact: Baker was recently released by the Patriots. He will be looking to earn a depth role ahead of the season.,Category: Transactions
Keilan Robinson,"Mon, Sep 1st 2:46am EDT",The Chargers hosted RB Keilan Robinson for a workout last Friday.,Fantasy Impact: Robinson will be looking to earn a depth role ahead of the season.,Category: Transactions
Anthony Walker Jr.,"Mon, Sep 1st 2:45am EDT",Anthony Walker Jr. signs with Colts,Fantasy Impact: Walker was sidelined with a knee injury in training camp with the Buccaneers. He'll add depth in the Colts linebacker room.,Category: Transactions
Jack Conley,"Mon, Sep 1st 2:43am EDT",The Patriots released OL Jack Conley.,Fantasy Impact: Conley loses his roster spot a week before the season. He'll likely seek another opportunity in a depth role.,Category: Transactions
Thayer Munford Jr.,"Mon, Sep 1st 2:42am EDT",The Patriots signed OT Thayer Munford Jr.,Fantasy Impact: Munford lands on the Patriots practice squad. He'll open the season in a depth role on their offensive line.,Category: Transactions
Eric Gregory,"Mon, Sep 1st 2:41am EDT",The Patriots signed DT Eric Gregory.,Fantasy Impact: Gregory was able to show enough in the preseason as an undrafted free agent. He'll hold a depth role on the Patriots defensive line.,Category: Transactions
William Bradley-King,"Mon, Sep 1st 2:39am EDT",The 49ers released DE William Bradley-King.,Fantasy Impact: Bradley-King loses his roster spot a week before the season. He'll likely seek another opportunity in a depth role.,Category: Transactions
Evan Anderson,"Mon, Sep 1st 2:38am EDT",The 49ers signed DL Evan Anderson.,Fantasy Impact: Anderson will enter the season in a depth role on the 49ers defensive line.,Category: Transactions
Kilian Zierer,"Mon, Sep 1st 2:37am EDT",The 49ers signed OT Kilian Zierer.,Fantasy Impact: Zierer will add depth on the offensive line for San Francisco.,Category: Transactions
Rachaad White,"Mon, Sep 1st 2:36am EDT",Rachaad White returned to practice and is expected to play in Week 1 against the Falcons. (Source: Pewter Report),Fantasy Impact: White was able to work his way back from a groin injury he suffered early in training camp. He is expected to enter the season in a reserve role behind Bucky Irving in the Buccaneers backfield.,Category: Injury Updates
Amani Oruwariye,"Mon, Sep 1st 2:33am EDT",The Titans released Amani Oruwariye.,Fantasy Impact: Oruwariye loses his roster spot a week before the season. He'll likely seek another opportunity in a depth role.,Category: Transactions
Jermar Jefferson,"Mon, Sep 1st 2:33am EDT",The Titans released RB Jermar Jefferson.,Fantasy Impact: Jefferson loses his roster spot a week before the season. He'll likely seek another opportunity in a depth role.,Category: Transactions
Timmy Horne,"Mon, Sep 1st 2:31am EDT",Timmy Horne reaches deal with Titans,Fantasy Impact: Horne previously spent time on the Giants practice squad. He'll add depth on the Titans defensive line.,Category: Transactions
Trevor Keegan,"Mon, Sep 1st 2:30am EDT",The Cowboys signed OG Trevor Keegan.,Fantasy Impact: Keegan remains in the NFC East after he was previously with the Eagles. He'll add depth on the Cowboys offensive line.,Category: Transactions
Devin Duvernay,"Mon, Sep 1st 2:28am EDT",The Bears signed WR Devin Duvernay.,Fantasy Impact: Duvernay will likely play in a primary special teams role for Chicago. He'll also added depth in the Bears wide receiver room.,Category: Transactions
DaRon Bland,"Mon, Sep 1st 2:22am EDT","The Cowboys signed CB DaRon Bland to a four-year, $92 million extension through 2029.",Fantasy Impact: The extension talks have been in the rumors for the majority of the offseason for Bland. He is expected to return to his primary role in the slot in the Cowboys secondary this season.,Category: Transactions
Jalen Royals,"Mon, Sep 1st 2:20am EDT",Jalen Royals did not practice on Sunday due to knee tendinitis. (Source: Nate Taylor on Twitter),Fantasy Impact: It is unclear what the status of Royals is heading into the season opener. His status will need to be monitored at practice throughout the week.,Category: Injury Updates
Jalen Nailor,"Mon, Sep 1st 2:19am EDT",The Vikings are optimistic about WR Jalen Nailors availability for Week 1 against the Bears. (Source: Jeremy Fowler on Twitter),Fantasy Impact: Nailor is set to open the season in a reserve role in the Vikings wide receiver room. He figures to also now be behind the recently acquired Adam Thielen. Nailor will remain off the fantasy radar.,Category: Injury Updates
Perrion Winfrey,"Mon, Sep 1st 2:17am EDT",Perrion Winfrey left practice early on Sunday after suffering a low back injury. (Source: Todd Archer on Twitter),Fantasy Impact: Winfrey signed a contract with Dallas back in June. His status for Thursday's season opener against the Eagles is up in the air.,Category: Injury Updates
Willie Lampkin IV,"Mon, Sep 1st 2:15am EDT",The Eagles placed OL Willie Lampkin on injured reserve. (Source: Jeff McLane on Twitter),Fantasy Impact: Lampkin will miss at least the first four games of the season. The Eagles signed Kenyon Green as the corresponding move.,Category: Injury Updates
Kenyon Green,"Mon, Sep 1st 2:14am EDT",The Eagles signed OG Kenyon Green to a contract. (Source: Jeff McLane on Twitter),Fantasy Impact: Green will be a depth add. Willie Lampkin was placed on IR as the corresponding move.,Category: Transactions
Andrew Mukuba,"Mon, Sep 1st 2:12am EDT",Andrew Mukuba was seen at practice on Sunday. (Source: Jeff McLane on Twitter),Fantasy Impact: It is unclear how much Mukuba was able to do at practice. He is expected to enter the season in a reserve role.,Category: Injury Updates
Landon Dickerson,"Mon, Sep 1st 2:10am EDT",Landon Dickerson (knee) is trending toward playing in Week 1 against the Cowboys. (Source: Jeff McLane on Twitter),Fantasy Impact: Dickerson has worked his way back from offseason surgery to address a meniscus injury. He is on track to be good to go for Thursday's season opener.,Category: Injury Updates
Trevon Diggs,"Mon, Sep 1st 2:07am EDT",Trevon Diggs said he is not sure of his status yet for Thursday's season opener against the Eagles. (Source: Calvin Watkins on Twitter),Fantasy Impact: Diggs was recently activated from the PUP list. His status will need to be monitored at practice over the next few days. He added that he will play no later than Week 4.,Category: Injury Updates
DeWayne Carter,"Mon, Sep 1st 2:05am EDT",Bills DT DeWayne Carter will miss the 2025 season after rupturing his Achilles tendon. (Source: Jordan Schultz on Twitter),Fantasy Impact: It is a tough break for Carter right before the season. He'll look to make a full recovery for next year.,Category: Injury Updates
A.J. Brown,"Mon, Sep 1st 2:04am EDT",A.J. Brown told reporters he will be good to go in Thursday's season opener against the Cowboys. (Source: Jeff McLane on Twitter),"Fantasy Impact: Brown recently returned to practice after missing time with a hamstring injury. His practice status will need to be monitored over the next few days, but he should be good to go.",Category: Injury Updates
Tyler Guyton,"Tue, Sep 2nd 6:29pm EDT",Tyler Guyton (knee) practiced in full for the Cowboys on Tuesday. (Source: Tommy Yarrish on Twitter),"Fantasy Impact: The big man was able to log a full practice again on Tuesday. It looks like he is trending towards playing on Thursday night in the NFL's season opener, but we won't know his official status until later in the week. His presence would be good news for Dak Prescott and the Cowboys' offense as a whole in a tough matchup against Philadelphia's defense.",Category: Injury Updates
Trevon Diggs,"Tue, Sep 2nd 6:27pm EDT",Trevon Diggs (knee) logged a full practice session again on Tuesday. (Source: Tommy Yarrish on Twitter),"Fantasy Impact: Diggs has now logged two-straight full practice sessions, which is a step in the right direction for his Week 1 availability. Fantasy managers should keep tabs on his injury status for Thursday night's game, as he is arguably the most important player Dallas boasts on their defense with Micah Parsons no longer on the team.",Category: Injury Updates
Russell Gage Jr.,"Tue, Sep 2nd 6:25pm EDT","Russell Gage Jr. has been released by the 49ers, but the team is hoping to re-sign him to their practice squad. (Source: Adam Schefter on Twitter)","Fantasy Impact: The 49ers have cut Gage from their active roster, but they still want to keep him around as a member of their practice squad, provided that he doesn't choose to sign with a different team. If he lands back in San Francisco, the team is planning to elevate him to the active roster for Sunday's season opener against the Seahawks, which will help to shore up the depth in their receiving core.",Category: Transactions
Jake Haener,"Tue, Sep 2nd 6:22pm EDT",Jake Haener is signing a deal with the Saints to join their practice squad. (Source: New Orleans Saints),"Fantasy Impact: Haener lost the quarterback competition this offseason, but the team still likes what he brings to the table and will re-sign him as a member of their practice squad. He isn't expected to see any action for the Saints anytime soon, barring injuries to the guys ahead of him on the depth chart.",Category: Transactions
Tommy Mellott,"Tue, Sep 2nd 6:20pm EDT",Tommy Mellott is signing a deal with the Saints to join their practice squad. (Source: New Orleans Saints),Fantasy Impact: The rookie will land with the Saints as a member of their practice squad after being cut by the Raiders earlier in the offseason. He isn't expected to have a notable role to play for the team this season.,Category: Transactions
Eli Ricks,"Tue, Sep 2nd 6:18pm EDT",Eli Ricks is expected to sign a deal with Philadelphia to join their practice squad. (Source: Mike Zenitz on Twitter),"Fantasy Impact: Philadelphia will be re-signing Ricks to their practice squad after recently making the decision to release him. He has been an active contributor for them over the past couple of seasons, so he is a real candidate to be elevated and see in-game action on a week-to-week basis.",Category: Transactions
Tre' Harris,"Tue, Sep 2nd 6:16pm EDT",Tre' Harris is off of the injury report and was a full participant at practice on Tuesday. (Source: Los Angeles Chargers on Twitter),"Fantasy Impact: Harris was dealing with an undisclosed injury earlier in the offseason, but it's no longer an issue for him and he should be good to go for Friday night's game. Fantasy managers should pay attention to what the rookie's workload looks like in his NFL debut against a tough Kansas City defense.",Category: Injury Updates
Elijah Molden,"Tue, Sep 2nd 6:14pm EDT",Elijah Molden (knee) was a limited participant at practice on Tuesday. (Source: Los Angeles Chargers on Twitter),"Fantasy Impact: Molden was the only player on Los Angeles' active roster who was not able to log a full practice session on Tuesday. He was limited due to a knee injury, and it remains to be seen whether or not it will impact his availability for Friday's game against the Chiefs.",Category: Injury Updates
Boston Scott,"Tue, Sep 2nd 5:41pm EDT",Veteran running back Boston Scott worked out for the Indianapolis Colts ahead of Week 1 of the 2025-26 NFL season. (Source: Mike Garafolo on Twitter),"Fantasy Impact: Scott had worked out previously for the Baltimore Ravens in mid-August, but nothing came of the meeting. The former Philadelphia Eagles running back most recently spent time with the Pittsburgh Steelers on their practice squad in 2024, and he was with the Los Angeles Rams in training camp before that. He has not played in an NFL game since the 2023 season, but he can be a veteran option for a team that needs depth.",Category: Rumors
Deuce Vaughn,"Tue, Sep 2nd 5:36pm EDT","The Denver Broncos worked out running back Deuce Vaughn on Tuesday, Sept. 2, ahead of their Week 1 matchup with the Tennessee Titans. (Source: Jordan Schultz on Twitter)","Fantasy Impact: Vaughn is entering his third season in the NFL after being drafted in the sixth round in 2023. He has not been particularly productive, averaging 2.8 yards per carry over his career, but he has versatility as a pass-catcher. Sean Payton has worked with smaller running backs in the past, but Vaughn is likely no more than a practice squad addition.",Category: Rumors
Najee Harris,"Tue, Sep 2nd 5:32pm EDT","Los Angeles Chargers running back Najee Harris (eye) logged a full participation in practice on Tuesday, Sept. 2, ahead of LA's Friday night season opener. (Source: Los Angeles Chargers on Twitter)","Fantasy Impact: Harris, who is recovering from a fireworks accident on July 4, was cleared for contact on Monday, Sept. 1; one day later, he is practicing in full for the Chargers. He will be competing with rookie RB Omarion Hampton for snaps, and it is still uncertain whether he will be active in Week 1; however, the team has expressed optimism about his status in recent weeks. He has rushed for 1,000+ yards in every season of his career, providing stability that made him an early addition in free agency.",Category: Injury Updates
Jacory Croskey-Merritt,"Tue, Sep 2nd 4:56pm EDT","The Washington Commanders have listed running back Jacory ""Bill"" Croskey-Merritt as the team's No. 4 running back on their Week 1 depth chart. (Source: Nicki Jhabvala on Twitter)","Fantasy Impact: Croskey-Merritt has received the drumbeat from beat writers this offseason and impressed over the preseason and training camp. He could certainly have a bigger role than RB4, but as a seventh-round rookie, his listing could be more about him earning the role. He is also dealing with an injury that kept him out of the preseason closer, but he is an intriguing option in Washington's offense and a massive climber in fantasy circles.",Category: Rumors
Chris Rodriguez Jr.,"Tue, Sep 2nd 4:52pm EDT",The Washington Commanders have listed running back Chris Rodriguez Jr. as the team's No. 3 running back on their Week 1 depth chart. (Source: Nicki Jhabvala on Twitter),"Fantasy Impact: Rodriguez showed some promise late in the 2024 season, including an 11-carry, 52-yard game in Week 9 and a 13-carry, 94-yard game in Week 13. While he only played nine games in his Year 2 campaign, he is expected to have a goal-line role for the Commanders with his 224-pound frame.",Category: Rumors
Jeremy McNichols,"Tue, Sep 2nd 4:49pm EDT",The Washington Commanders have listed running back Jeremy McNichols as the team's No. 2 running back on their Week 1 depth chart. (Source: Nicki Jhabvala on Twitter),"Fantasy Impact: McNichols had some strong moments in 2024, his first season with the Commanders. He averaged 4.7 yards per carry and started one game, carrying the ball seven times for 42 yards. He will likely continue to rotate in throughout the season, seeing 6+ touches in six games last season.",Category: Rumors
Austin Ekeler,"Tue, Sep 2nd 4:46pm EDT",The Washington Commanders have listed running back Austin Ekeler as the team's No. 1 running back on their Week 1 depth chart. (Source: Nicki Jhabvala on Twitter),"Fantasy Impact: It is easy to forget that Ekeler was a starting running back as recently as 2023 with the Los Angeles Chargers. He shone playing alongside Brian Robinson Jr. in 2024, averaging 6.5 yards per touch, his highest number since 2019. He could certainly cede work as the season goes on to the younger rotation, but even at the age of 30, he is expected to have a role in Washington's offense.",Category: Rumors
Pierre Strong Jr.,"Tue, Sep 2nd 4:38pm EDT",The Cleveland Browns have waived running back Pierre Strong Jr. from their injured reserve (IR). (Source: Mary Kay Cabot on Twitter),"Fantasy Impact: Strong had reverted to the team's IR after he cleared waivers with an injury designation. He suffered an undisclosed injury in the team's preseason finale and exited the game to be evaluated for a concussion. His injury status is not currently clear, but considering he is likely being waived after reaching an injury settlement with the Browns, he is likely looking to land on a roster to start the season.","Category: Injury Updates, Transactions"
Tanner McKee,"Tue, Sep 2nd 4:30pm EDT","Philadelphia Eagles quarterback Tanner McKee did not practice on Tuesday, Sept. 2, as he recovers from a thumb injury. (Source: Philadelphia Eagles on Twitter)","Fantasy Impact: The Eagles traded for QB Sam Howell, knowing that McKee would miss time with his thumb injury, a disappointing development after standing out in the team's preseason opener. McKee should be the Eagles' QB2 when healthy, playing behind Jalen Hurts, but he could compete with Howell (who has started 18 games in his career) when he returns to practice.",Category: Injury Updates
Landon Dickerson,"Tue, Sep 2nd 4:27pm EDT","Philadelphia Eagles guard Landon Dickerson (back) was a full participant at practice on Tuesday, Sept. 2, ahead of the NFL season opener. (Source: Philadelphia Eagles on Twitter)","Fantasy Impact: Dickerson, who is dealing with a back injury, was a non-participant in practice to open the week before bouncing back to a full-time status on Tuesday. This is a strong indication of his availability on Thursday, Sept. 4, when the Eagles will face the Dallas Cowboys. Dickerson is entering Year 5 off his third straight Pro Bowl nod.",Category: Injury Updates
Davis Mills,"Tue, Sep 2nd 4:22pm EDT",The Houston Texans and quarterback Davis Mills have agreed to terms on a one-year extension worth a guaranteed $7 million. (Source: Adam Schefter on Twitter),"Fantasy Impact: Mills is now tied to the Texans through the 2026-27 season, which will keep him as QB C.J. Stroud's backup. The former Stanford product was a third-round pick in 2021, starting 26 games over his first two seasons. He has averaged 5.61 net yards per pass attempt in his career and is a solid option as Houston's QB2.",Category: Transactions
Robert Woods,"Tue, Sep 2nd 4:16pm EDT",The Pittsburgh Steelers have released veteran wide receiver Robert Woods from their practice squad. (Source: Pittsburgh Steelers on Twitter),"Fantasy Impact: Woods was initially released ahead of the 53-man roster cutdown deadline but was brought back on the practice squad afterward. There were reports that he would stick on the practice squad while he waited for an opportunity to join another team's active roster, which could still be in play. However, it is unclear if he will be a part of any organization by Week 1.",Category: Transactions
Anthony Campbell,"Tue, Sep 2nd 3:49pm EDT",The Seahawks signed DT Anthony Campbell to their practice squad. (Source: Seahawks.com),Fantasy Impact: Campbell will hold a depth role on the defensive line for Seattle heading into the season.,Category: Transactions
Jalan Gaines,"Tue, Sep 2nd 3:48pm EDT",The Seahawks signed DE Jalan Gaines to their practice squad. (Source: Seahawks.com),Fantasy Impact: Gaines will hold a depth role on the defensive line for Seattle heading into the season.,Category: Transactions
Sataoa Laumea,"Tue, Sep 2nd 3:46pm EDT",The Seahawks signed OG Sataoa Laumea to their practice squad. (Source: Seahawks.com),Fantasy Impact: Laumea will hold a depth role on the offensive line for Seattle heading into the season.,Category: Transactions
Shemar Jean-Charles,"Tue, Sep 2nd 3:45pm EDT",The Seahawks released DB Shemar Jean-Charles from their practice squad. (Source: Seahawks.com),Fantasy Impact: Jean-Charles loses his spot on the practice squad in Seattle ahead of the season. He'll likely seek another opportunity.,Category: Transactions
Amari Kight,"Tue, Sep 2nd 3:44pm EDT",The Seahawks released OT Amari Kight from their practice squad. (Source: Seahawks.com),Fantasy Impact: Kight loses his spot on the practice squad in Seattle ahead of the season. He'll likely seek another opportunity.,Category: Transactions
Damien Martinez,"Tue, Sep 2nd 3:42pm EDT",The Seahawks released RB Damien Martinez from their practice squad. (Source: Seahawks.com),Fantasy Impact: Martinez will likely seek another opportunity on a practice squad ahead of the season.,Category: Transactions
Elic Ayomanor,"Tue, Sep 2nd 3:34pm EDT",Elic Ayomanor was listed as a starting wide receiver on Tennessees unofficial depth chart ahead of Week 1. (Source: John Glennon on Twitter),"Fantasy Impact: Ayomanor was listed ahead of Van Jefferson on the initial depth chart. It remains unclear what role he is stepping into, but the Titans have some opportunity available behind Calvin Ridley in the passing game heading into this season.",
Darrian Dalcourt,"Tue, Sep 2nd 3:09pm EDT",The Commanders signed OG Darrian Dalcourt. (Source: Jeremy Fowler on Twitter),Fantasy Impact: Dalcourt will join the practice squad for Washington. He spent last season on the Ravens practice squad.,Category: Transactions
Jaylon Johnson,"Tue, Sep 2nd 3:08pm EDT",Jaylon Johnson told reporters he dealing with a groin injury during training camp. (Source: Adam Jahns on Twitter),Fantasy Impact: Johnson missed some time during training camp with the injury. He appears ready to go for the season opener this week.,Category: Injury Updates
Marquise Brown,"Tue, Sep 2nd 3:04pm EDT","Chiefs coach Andy Reid said Marquise Brown has done ""everything"" in practice this week. (Source: Around the NFL on Twitter)",Fantasy Impact: Brown appears fully ready to go for the season opener this week. He could see some more involvement to start the season while Rashee Rice is suspended.,Category: Injury Updates
Jalen Royals,"Tue, Sep 2nd 3:02pm EDT","Kansas City Chiefs rookie wide receiver Jalen Royals was the only player not to practice on Tuesday, Sept. 2, as he deals with knee tendinitis. (Source: Nate Taylor on Twitter)","Fantasy Impact: Royals is not practicing ahead of the Chiefs' season-opening game on Friday, Sept. 5, in São Paulo, Brazil. It seems as though there is a strong chance he will not be available for Week 1, which is a missed opportunity for the rookie, as WR Rashee Rice (suspension) will be out. Royals reportedly impressed over the offseason, but he will need to be healthy to find a role while playing behind WRs like Rice, Xavier Worthy, and Hollywood Brown.",Category: Injury Updates
Derrick Harmon,"Tue, Sep 2nd 1:36pm EDT",Steelers coach Mike Tomlin said rookie DT Derrick Harmon will not play on Sunday against the Jets. (Source: Around the NFL on Twitter),Fantasy Impact: Harmon was able to avoid being placed on injured reserve. He'll look to make his debut in Week 2 or Week 3.,Category: Injury Updates
Graham Glasgow,"Tue, Sep 2nd 1:33pm EDT",Lions C Graham Glasgow is on track to play on Sunday against the Packers. (Source: Pro Football Talk on Twitter),Fantasy Impact: Glasgow left practice earlier in training camp with a leg injury. He should be fully good to go for Sunday's series opener.,Category: Injury Updates
Kyzir White,"Tue, Sep 2nd 1:32pm EDT",The Titans signed LB Kyzir White. (Source: Jordan Schultz on Twitter),"Fantasy Impact: White recorded 137 tackles, 2.5 sacks and nine TFLs with the Cardinals last season. He'll add depth to the Titans linebacker room.",Category: Transactions
Calvin Austin III,"Tue, Sep 2nd 1:30pm EDT",Steelers coach Mike Tomlin said he expects WR Calvin Austin III to be good to go for Sunday's game against the Jets. (Source: Brooke Pryor on Twitter),Fantasy Impact: Austin had missed parts of training camp and the preseason with an undisclosed injury. He is slated to enter the season as the slot receiver for Pittsburgh.,Category: Injury Updates
Kendrick Bourne,"Tue, Sep 2nd 1:27pm EDT",Free agent WR Kendrick Bourne is meeting with the Commanders on Tuesday. (Source: Around the NFL on Twitter),Fantasy Impact: Bourne also met with the 49ers earlier in the week. He is likely attempting to sign with a team before the start of the season.,Category: Transactions
Gabe Davis,"Tue, Sep 2nd 1:21pm EDT",Gabe Davis is signing with the Buffalo Bills. (Source: Adam Schefter on Twitter),Fantasy Impact: Davis initially will be on Buffalos practice squad. He is still recovering from a torn meniscus suffered last season.,Category: Transactions
Kenneth Gainwell,"Tue, Sep 2nd 1:01pm EDT",Kenneth Gainwell is listed as the Steelers' RB2 on their depth chart heading into Week 1. (Source: Pittsburgh Steelers),"Fantasy Impact: The veteran running back is listed as the RB2 for the Steelers heading into Week 1 on their unofficial depth chart. This comes as a bit of a surprise, as many fantasy managers expected rookie Kaleb Johnson to have that role on lock by the time the preseason was over. Fantasy managers should pay close attention to what the splits look like in this backfield in Week 1.",Category: Rumors
Kaleb Johnson,"Tue, Sep 2nd 12:59pm EDT",Kaleb Johnson is currently listed as the RB3 for the Steelers on their unofficial depth chart. (Source: Pittsburgh Steelers),"Fantasy Impact: The Steelers recently released an unofficial depth chart for the team, and Johnson was listed as the RB3 on it. Not only was he behind starter Jaylen Warren, but veteran Kenneth Gainwell was listed as the backup above him, which may come as a bit of a surprise to fantasy managers. Sunday's game against the Jets will help us to determine whether or not this news actually holds any weight.",Category: Rumors
Jameis Winston,"Tue, Sep 2nd 12:44pm EDT",The Giants listed Jameis Winston as their QB3 on the team's Week 1 depth chart. (Source: Adam Schefter on Twitter),Fantasy Impact: Jaxson Dart moved ahead of Winston on the depth chart to begin the season. It is unclear if Winston will see the field this year for the Giants.,
Jaxson Dart,"Tue, Sep 2nd 12:41pm EDT",The Giants listed rookie Jaxson Dart as the backup to Russell Wilson on their Week 1 depth chart. (Source: Adam Schefter on Twitter),Fantasy Impact: Dart showed enough in training camp and in the preseason to move ahead of Jameis Winston heading into the season. It's possible he gets into a game at some point this year.,
Christian Gonzalez,"Tue, Sep 2nd 9:56am EDT",Christian Gonzalez (hamstring) targeting a return to practice this week. (Source: Doug Kyed on Twitter),"Fantasy Impact: Gonzalez did not take part in practice Monday. The third-year corner, who started 16 games last season, is certainly in jeopardy of missing the Patriots season opener. A first-round pick in 2023, Gonzalez recorded 59 tackles and two interceptions in last season.",Category: Injury Updates
Stefon Diggs,"Tue, Sep 2nd 9:49am EDT",Stefon Diggs (ACL) to play in Week 1 for Patriots. (Source: Doug Kyed on Twitter),"Fantasy Impact: Diggs is coming off of a shortened season with the Texans due to a torn ACL. The veteran receiver signed with the Patriots this offseason and heads into his first campaign in New England atop head coach Mike Vrabel's depth chart. Tuesday morning, Vrabel told WEEI that ""as of today, he'll (Diggs) be out there.""",Category: Injury Updates
Kenneth Walker III,"Tue, Sep 2nd 9:43am EDT",Kenneth Walker (foot) was a full participant in Monday's practice. (Source: Gregg Bell on Twitter),"Fantasy Impact: Walker missed six games in total for the Seahawks last season and ended the year on IR with an ankle injury. The 24-year-old ball carrier has dealt with a foot issue more recently, leaving him limited during most of the preseason. Walker was a full-go Monday, however, and he appears ready to roll for the Seahawks' season opener.",Category: Injury Updates
Jaydon Blue,"Mon, Sep 1st 6:32pm EDT",Jaydon Blue (ankle) is not on the injury report for Thursday night's game against the Philadelphia Eagles. (Source: Philadelphia Eagles),"Fantasy Impact: The rookie running back was a full participant at practice on Monday and carries no injury designation ahead of Thursday night's season opener. He seems to be entirely over his ankle injury, and while he's not expected to be a strong fantasy option in his NFL debut, his presence could hurt the workload of veterans Javonte Williams and Miles Sanders in Week 1 and beyond.",Category: Injury Updates
Dallas Goedert,"Mon, Sep 1st 6:29pm EDT",Dallas Goedert (groin) is off of the injury report for Thursday night's season opener against the Dallas Cowboys. (Source: Philadelphia Eagles on Twitter),"Fantasy Impact: The veteran tight end is not on Philadelphia's injury report and should be good to go for Thursday night's game, despite dealing with a groin injury earlier in the preseason. He doesn't project to be a strong fantasy option in this matchup but will be an important piece for Philadelphia's offense in real life.",Category: Injury Updates
DeVonta Smith,"Mon, Sep 1st 6:25pm EDT",DeVonta Smith (groin) is without an injury designation ahead of Thursday night's contest against the Dallas Cowboys. (Source: Philadelphia Eagles),"Fantasy Impact: Smith was previously managing a minor groin injury, but he is now over it and is no longer listed on the team's injury report. He should be good to go for Thursday night's matchup and projects to be a solid fantasy option in the first game of the 2025 NFL season.",Category: Injury Updates
A.J. Brown,"Mon, Sep 1st 6:23pm EDT",A.J. Brown (hamstring) is off of the injury report ahead of Thursday night's game against the Dallas Cowboys. (Source: Philadelphia Eagles),"Fantasy Impact: A hamstring injury has been bothering Brown for a large chunk of the preseason, but it seems to be nothing more than a minor issue at this point, as he is no longer listed on Philadelphia's injury report at all ahead of their season opener against the Cowboys on Thursday night. Fantasy managers shouldn't hesitate to start him in this matchup, barring any unforeseen setbacks in his recovery.",Category: Injury Updates
Isaiah Likely,"Mon, Sep 1st 6:19pm EDT",Isaiah Likely (foot) was a non-participant in Baltimore's practice on Monday. (Source: Jamison Hensley on Twitter),"Fantasy Impact: As expected, Likely was not able to take the practice field for the Ravens on Monday. He is currently at risk of missing Sunday night's season opener due to a foot injury that he suffered earlier in the offseason, but it remains to be seen what his official injury designation will be later on in the week. Mark Andrews is expected to get more work if the young tight end is sidelined against the Bills.",Category: Injury Updates
Hunter Renfrow,"Mon, Sep 1st 6:14pm EDT",Hunter Renfrow will play in Sunday's game against the Jacksonville Jaguars. (Source: Steve Reed on Twitter),"Fantasy Impact: The Panthers have been moving Renfrow on and off the roster recently, but he is currently on their active roster and will play in Sunday's game against the Jaguars, according to HC Dave Canales. Fantasy managers shouldn't have high expectations for him in this matchup.",Category: Rumors
Dee Eskridge,"Mon, Sep 1st 6:12pm EDT",Dee Eskridge did not take part in Monday's practice due to an undisclosed injury. (Source: Joe Schad on Twitter),"Fantasy Impact: Eskridge was not able to take part in Miami's practice on Monday, as he's managing an undisclosed injury of some kind. Miami's season opener is coming up on Sunday, so he doesn't have extended time to recover before the team will want him to take the field.",Category: Injury Updates
Matthew Stafford,"Mon, Sep 1st 4:25pm EDT",Rams head coach Sean McVay said he expects Matthew Stafford to start against the Texans on Sunday. (Source: Taylor Bisciotti on Twitter),"Fantasy Impact: Stafford had been sidelined with a back injury early in training camp, but he was recently able to work his way back in practice. He should be fully good to go on Sunday.",Category: Injury Updates
Quentin Johnston,"Mon, Sep 1st 3:36pm EDT",Chargers coach Jim Harbaugh said Quentin Johnston has cleared concussion protocol. (Source: Around the NFL on Twitter),Fantasy Impact: Johnston should be good to go for the season opener this week. He'll remain off the fantasy radar.,Category: Injury Updates
Darnell Mooney,"Mon, Sep 1st 3:31pm EDT",The Falcons still consider Darnell Mooney as day-to-day.,Fantasy Impact: Mooney has been battling a shoulder injury since July. He did return to practice late last week. His status will need to be monitored at practice the rest of this week.,Category: Injury Updates
Micah Parsons,"Mon, Sep 1st 3:29pm EDT",Adam Schefter reports that it is still uncertain if Packers EDGE Micah Parsons will play in Week 1. (Source: Adam Schefter on Twitter),Fantasy Impact: Schefter added that Parsons may need an epidural prior to the game. His status will need to be monitored at practice the rest of the week. It would be a surprise if he doesn't play even if he is limited.,Category: Injury Updates
Jauan Jennings,"Mon, Sep 1st 3:27pm EDT",Jauan Jennings was seen at practice on Monday. (Source: Nick Wagoner on Twitter),Fantasy Impact: Jennings has been battling a calf injury since July. His status for Sunday's season opener against the Seahawks will need to be monitored throughout the week.,Category: Injury Updates
C.J. Gardner-Johnson,"Mon, Sep 1st 3:25pm EDT",Texans coach DeMeco Ryans said S C.J. Gardner-Johnson is expected to play in Week 1 against the Rams. (Source: Jonathan M Alexander on Twitter),Fantasy Impact: Gardner-Johnson has been sidelined since the start of August. His status will still need to be monitored at practice over the next few days.,Category: Injury Updates
Cade Otton,"Mon, Sep 1st 3:20pm EDT",Cade Otton practiced on Monday. (Source: Rick Stroud on Twitter),Fantasy Impact: The status of Otton still isn't clear for Sunday. His status will need to be monitored at practice over the next few days.,Category: Injury Updates
Jaylen Warren,"Mon, Sep 1st 12:07pm EDT",The Steelers signed RB Jaylen Warren to a two-year extension. (Source: Mike Garafolo on Twitter),Fantasy Impact: Warren lands a new deal a few years after joining Pittsburgh as an undrafted free agent. He figures to form a committee now with rookie Kaleb Johnson heading into this season.,Category: Transactions
Darren Waller,"Mon, Sep 1st 12:04pm EDT",Darren Waller is on track to play in Sunday's season opener against the Colts. (Source: Cameron Wolfe on Twitter),Fantasy Impact: Waller recently returned to practice after opening training camp on the PUP list. It is unclear what role he'll be specifically stepping into.,Category: Injury Updates
